 frequency       onoise_spectrum inoise_spectrum	manifest_sha256
 1.00000000e+01  6.84666434e-03  2.82966571e-06	6b90c7326a881914a362e3b2e6e96e4716b20c8b8196590f22c2ce5e1ab460ab
 1.02329299e+01  6.77983460e-03  2.80204568e-06	6b90c7326a881914a362e3b2e6e96e4716b20c8b8196590f22c2ce5e1ab460ab
 1.04712855e+01  6.71366037e-03  2.77469657e-06	6b90c7326a881914a362e3b2e6e96e4716b20c8b8196590f22c2ce5e1ab460ab
 1.07151931e+01  6.64813517e-03  2.74761569e-06	6b90c7326a881914a362e3b2e6e96e4716b20c8b8196590f22c2ce5e1ab460ab
 1.09647820e+01  6.58325259e-03  2.72080041e-06	6b90c7326a881914a362e3b2e6e96e4716b20c8b8196590f22c2ce5e1ab460ab
 1.12201845e+01  6.51900629e-03  2.69424810e-06	6b90c7326a881914a362e3b2e6e96e4716b20c8b8196590f22c2ce5e1ab460ab
 1.14815362e+01  6.45538999e-03  2.66795617e-06	6b90c7326a881914a362e3b2e6e96e4716b20c8b8196590f22c2ce5e1ab460ab
 1.17489755e+01  6.39239748e-03  2.64192205e-06	6b90c7326a881914a362e3b2e6e96e4716b20c8b8196590f22c2ce5e1ab460ab
 1.20226443e+01  6.33002261e-03  2.61614319e-06	6b90c7326a881914a362e3b2e6e96e4716b20c8b8196590f22c2ce5e1ab460ab
 1.23026877e+01  6.26825927e-03  2.59061708e-06	6b90c7326a881914a362e3b2e6e96e4716b20c8b8196590f22c2ce5e1ab460ab
 1.25892541e+01  6.20710143e-03  2.56534123e-06	6b90c7326a881914a362e3b2e6e96e4716b20c8b8196590f22c2ce5e1ab460ab
 1.28824955e+01  6.14654313e-03  2.54031316e-06	6b90c7326a881914a362e3b2e6e96e4716b20c8b8196590f22c2ce5e1ab460ab
 1.31825674e+01  6.08657845e-03  2.51553043e-06	6b90c7326a881914a362e3b2e6e96e4716b20c8b8196590f22c2ce5e1ab460ab
 1.34896288e+01  6.02720153e-03  2.49099062e-06	6b90c7326a881914a362e3b2e6e96e4716b20c8b8196590f22c2ce5e1ab460ab
 1.38038426e+01  5.96840658e-03  2.46669134e-06	6b90c7326a881914a362e3b2e6e96e4716b20c8b8196590f22c2ce5e1ab460ab
 1.41253754e+01  5.91018786e-03  2.44263022e-06	6b90c7326a881914a362e3b2e6e96e4716b20c8b8196590f22c2ce5e1ab460ab
 1.44543977e+01  5.85253969e-03  2.41880490e-06	6b90c7326a881914a362e3b2e6e96e4716b20c8b8196590f22c2ce5e1ab460ab
 1.47910839e+01  5.79545644e-03  2.39521307e-06	6b90c7326a881914a362e3b2e6e96e4716b20c8b8196590f22c2ce5e1ab460ab
 1.51356125e+01  5.73893254e-03  2.37185241e-06	6b90c7326a881914a362e3b2e6e96e4716b20c8b8196590f22c2ce5e1ab460ab
 1.54881662e+01  5.68296247e-03  2.34872066e-06	6b90c7326a881914a362e3b2e6e96e4716b20c8b8196590f22c2ce5e1ab460ab
 1.58489319e+01  5.62754078e-03  2.32581555e-06	6b90c7326a881914a362e3b2e6e96e4716b20c8b8196590f22c2ce5e1ab460ab
 1.62181010e+01  5.57266207e-03  2.30313485e-06	6b90c7326a881914a362e3b2e6e96e4716b20c8b8196590f22c2ce5e1ab460ab
 1.65958691e+01  5.51832098e-03  2.28067636e-06	6b90c7326a881914a362e3b2e6e96e4716b20c8b8196590f22c2ce5e1ab460ab
 1.69824365e+01  5.46451221e-03  2.25843787e-06	6b90c7326a881914a362e3b2e6e96e4716b20c8b8196590f22c2ce5e1ab460ab
 1.73780083e+01  5.41123051e-03  2.23641723e-06	6b90c7326a881914a362e3b2e6e96e4716b20c8b8196590f22c2ce5e1ab460ab
 1.77827941e+01  5.35847070e-03  2.21461228e-06	6b90c7326a881914a362e3b2e6e96e4716b20c8b8196590f22c2ce5e1ab460ab
 1.81970086e+01  5.30622762e-03  2.19302090e-06	6b90c7326a881914a362e3b2e6e96e4716b20c8b8196590f22c2ce5e1ab460ab
 1.86208714e+01  5.25449620e-03  2.17164099e-06	6b90c7326a881914a362e3b2e6e96e4716b20c8b8196590f22c2ce5e1ab460ab
 1.90546072e+01  5.20327138e-03  2.15047047e-06	6b90c7326a881914a362e3b2e6e96e4716b20c8b8196590f22c2ce5e1ab460ab
 1.94984460e+01  5.15254818e-03  2.12950726e-06	6b90c7326a881914a362e3b2e6e96e4716b20c8b8196590f22c2ce5e1ab460ab
 1.99526231e+01  5.10232165e-03  2.10874934e-06	6b90c7326a881914a362e3b2e6e96e4716b20c8b8196590f22c2ce5e1ab460ab
 2.04173794e+01  5.05258690e-03  2.08819467e-06	6b90c7326a881914a362e3b2e6e96e4716b20c8b8196590f22c2ce5e1ab460ab
 2.08929613e+01  5.00333910e-03  2.06784126e-06	6b90c7326a881914a362e3b2e6e96e4716b20c8b8196590f22c2ce5e1ab460ab
 2.13796209e+01  4.95457344e-03  2.04768713e-06	6b90c7326a881914a362e3b2e6e96e4716b20c8b8196590f22c2ce5e1ab460ab
 2.18776162e+01  4.90628517e-03  2.02773031e-06	6b90c7326a881914a362e3b2e6e96e4716b20c8b8196590f22c2ce5e1ab460ab
 2.23872114e+01  4.85846959e-03  2.00796885e-06	6b90c7326a881914a362e3b2e6e96e4716b20c8b8196590f22c2ce5e1ab460ab
 2.29086765e+01  4.81112206e-03  1.98840085e-06	6b90c7326a881914a362e3b2e6e96e4716b20c8b8196590f22c2ce5e1ab460ab
 2.34422882e+01  4.76423795e-03  1.96902439e-06	6b90c7326a881914a362e3b2e6e96e4716b20c8b8196590f22c2ce5e1ab460ab
 2.39883292e+01  4.71781271e-03  1.94983758e-06	6b90c7326a881914a362e3b2e6e96e4716b20c8b8196590f22c2ce5e1ab460ab
 2.45470892e+01  4.67184183e-03  1.93083856e-06	6b90c7326a881914a362e3b2e6e96e4716b20c8b8196590f22c2ce5e1ab460ab
 2.51188643e+01  4.62632081e-03  1.91202549e-06	6b90c7326a881914a362e3b2e6e96e4716b20c8b8196590f22c2ce5e1ab460ab
 2.57039578e+01  4.58124525e-03  1.89339653e-06	6b90c7326a881914a362e3b2e6e96e4716b20c8b8196590f22c2ce5e1ab460ab
 2.63026799e+01  4.53661075e-03  1.87494987e-06	6b90c7326a881914a362e3b2e6e96e4716b20c8b8196590f22c2ce5e1ab460ab
 2.69153480e+01  4.49241297e-03  1.85668371e-06	6b90c7326a881914a362e3b2e6e96e4716b20c8b8196590f22c2ce5e1ab460ab
 2.75422870e+01  4.44864762e-03  1.83859629e-06	6b90c7326a881914a362e3b2e6e96e4716b20c8b8196590f22c2ce5e1ab460ab
 2.81838293e+01  4.40531043e-03  1.82068584e-06	6b90c7326a881914a362e3b2e6e96e4716b20c8b8196590f22c2ce5e1ab460ab
 2.88403150e+01  4.36239720e-03  1.80295062e-06	6b90c7326a881914a362e3b2e6e96e4716b20c8b8196590f22c2ce5e1ab460ab
 2.95120923e+01  4.31990375e-03  1.78538891e-06	6b90c7326a881914a362e3b2e6e96e4716b20c8b8196590f22c2ce5e1ab460ab
 3.01995172e+01  4.27782595e-03  1.76799900e-06	6b90c7326a881914a362e3b2e6e96e4716b20c8b8196590f22c2ce5e1ab460ab
 3.09029543e+01  4.23615971e-03  1.75077920e-06	6b90c7326a881914a362e3b2e6e96e4716b20c8b8196590f22c2ce5e1ab460ab
 3.16227766e+01  4.19490099e-03  1.73372784e-06	6b90c7326a881914a362e3b2e6e96e4716b20c8b8196590f22c2ce5e1ab460ab
 3.23593657e+01  4.15404576e-03  1.71684326e-06	6b90c7326a881914a362e3b2e6e96e4716b20c8b8196590f22c2ce5e1ab460ab
 3.31131121e+01  4.11359007e-03  1.70012382e-06	6b90c7326a881914a362e3b2e6e96e4716b20c8b8196590f22c2ce5e1ab460ab
 3.38844156e+01  4.07352998e-03  1.68356790e-06	6b90c7326a881914a362e3b2e6e96e4716b20c8b8196590f22c2ce5e1ab460ab
 3.46736850e+01  4.03386160e-03  1.66717390e-06	6b90c7326a881914a362e3b2e6e96e4716b20c8b8196590f22c2ce5e1ab460ab
 3.54813389e+01  3.99458108e-03  1.65094021e-06	6b90c7326a881914a362e3b2e6e96e4716b20c8b8196590f22c2ce5e1ab460ab
 3.63078055e+01  3.95568461e-03  1.63486526e-06	6b90c7326a881914a362e3b2e6e96e4716b20c8b8196590f22c2ce5e1ab460ab
 3.71535229e+01  3.91716839e-03  1.61894750e-06	6b90c7326a881914a362e3b2e6e96e4716b20c8b8196590f22c2ce5e1ab460ab
 3.80189396e+01  3.87902870e-03  1.60318537e-06	6b90c7326a881914a362e3b2e6e96e4716b20c8b8196590f22c2ce5e1ab460ab
 3.89045145e+01  3.84126183e-03  1.58757735e-06	6b90c7326a881914a362e3b2e6e96e4716b20c8b8196590f22c2ce5e1ab460ab
 3.98107171e+01  3.80386412e-03  1.57212193e-06	6b90c7326a881914a362e3b2e6e96e4716b20c8b8196590f22c2ce5e1ab460ab
 4.07380278e+01  3.76683193e-03  1.55681760e-06	6b90c7326a881914a362e3b2e6e96e4716b20c8b8196590f22c2ce5e1ab460ab
 4.16869383e+01  3.73016167e-03  1.54166288e-06	6b90c7326a881914a362e3b2e6e96e4716b20c8b8196590f22c2ce5e1ab460ab
 4.26579519e+01  3.69384978e-03  1.52665629e-06	6b90c7326a881914a362e3b2e6e96e4716b20c8b8196590f22c2ce5e1ab460ab
 4.36515832e+01  3.65789274e-03  1.51179639e-06	6b90c7326a881914a362e3b2e6e96e4716b20c8b8196590f22c2ce5e1ab460ab
 4.46683592e+01  3.62228705e-03  1.49708174e-06	6b90c7326a881914a362e3b2e6e96e4716b20c8b8196590f22c2ce5e1ab460ab
 4.57088190e+01  3.58702926e-03  1.48251090e-06	6b90c7326a881914a362e3b2e6e96e4716b20c8b8196590f22c2ce5e1ab460ab
 4.67735141e+01  3.55211596e-03  1.46808246e-06	6b90c7326a881914a362e3b2e6e96e4716b20c8b8196590f22c2ce5e1ab460ab
 4.78630092e+01  3.51754375e-03  1.45379503e-06	6b90c7326a881914a362e3b2e6e96e4716b20c8b8196590f22c2ce5e1ab460ab
 4.89778819e+01  3.48330927e-03  1.43964721e-06	6b90c7326a881914a362e3b2e6e96e4716b20c8b8196590f22c2ce5e1ab460ab
 5.01187234e+01  3.44940922e-03  1.42563765e-06	6b90c7326a881914a362e3b2e6e96e4716b20c8b8196590f22c2ce5e1ab460ab
 5.12861384e+01  3.41584030e-03  1.41176497e-06	6b90c7326a881914a362e3b2e6e96e4716b20c8b8196590f22c2ce5e1ab460ab
 5.24807460e+01  3.38259925e-03  1.39802785e-06	6b90c7326a881914a362e3b2e6e96e4716b20c8b8196590f22c2ce5e1ab460ab
 5.37031796e+01  3.34968285e-03  1.38442493e-06	6b90c7326a881914a362e3b2e6e96e4716b20c8b8196590f22c2ce5e1ab460ab
 5.49540874e+01  3.31708792e-03  1.37095492e-06	6b90c7326a881914a362e3b2e6e96e4716b20c8b8196590f22c2ce5e1ab460ab
 5.62341325e+01  3.28481128e-03  1.35761650e-06	6b90c7326a881914a362e3b2e6e96e4716b20c8b8196590f22c2ce5e1ab460ab
 5.75439937e+01  3.25284981e-03  1.34440838e-06	6b90c7326a881914a362e3b2e6e96e4716b20c8b8196590f22c2ce5e1ab460ab
 5.88843655e+01  3.22120041e-03  1.33132928e-06	6b90c7326a881914a362e3b2e6e96e4716b20c8b8196590f22c2ce5e1ab460ab
 6.02559586e+01  3.18986001e-03  1.31837794e-06	6b90c7326a881914a362e3b2e6e96e4716b20c8b8196590f22c2ce5e1ab460ab
 6.16595002e+01  3.15882557e-03  1.30555310e-06	6b90c7326a881914a362e3b2e6e96e4716b20c8b8196590f22c2ce5e1ab460ab
 6.30957344e+01  3.12809409e-03  1.29285352e-06	6b90c7326a881914a362e3b2e6e96e4716b20c8b8196590f22c2ce5e1ab460ab
 6.45654229e+01  3.09766259e-03  1.28027798e-06	6b90c7326a881914a362e3b2e6e96e4716b20c8b8196590f22c2ce5e1ab460ab
 6.60693448e+01  3.06752811e-03  1.26782524e-06	6b90c7326a881914a362e3b2e6e96e4716b20c8b8196590f22c2ce5e1ab460ab
 6.76082975e+01  3.03768774e-03  1.25549412e-06	6b90c7326a881914a362e3b2e6e96e4716b20c8b8196590f22c2ce5e1ab460ab
 6.91830971e+01  3.00813858e-03  1.24328341e-06	6b90c7326a881914a362e3b2e6e96e4716b20c8b8196590f22c2ce5e1ab460ab
 7.07945784e+01  2.97887777e-03  1.23119194e-06	6b90c7326a881914a362e3b2e6e96e4716b20c8b8196590f22c2ce5e1ab460ab
 7.24435960e+01  2.94990247e-03  1.21921853e-06	6b90c7326a881914a362e3b2e6e96e4716b20c8b8196590f22c2ce5e1ab460ab
 7.41310241e+01  2.92120988e-03  1.20736203e-06	6b90c7326a881914a362e3b2e6e96e4716b20c8b8196590f22c2ce5e1ab460ab
 7.58577575e+01  2.89279722e-03  1.19562129e-06	6b90c7326a881914a362e3b2e6e96e4716b20c8b8196590f22c2ce5e1ab460ab
 7.76247117e+01  2.86466172e-03  1.18399517e-06	6b90c7326a881914a362e3b2e6e96e4716b20c8b8196590f22c2ce5e1ab460ab
 7.94328235e+01  2.83680067e-03  1.17248255e-06	6b90c7326a881914a362e3b2e6e96e4716b20c8b8196590f22c2ce5e1ab460ab
 8.12830516e+01  2.80921137e-03  1.16108232e-06	6b90c7326a881914a362e3b2e6e96e4716b20c8b8196590f22c2ce5e1ab460ab
 8.31763771e+01  2.78189113e-03  1.14979337e-06	6b90c7326a881914a362e3b2e6e96e4716b20c8b8196590f22c2ce5e1ab460ab
 8.51138038e+01  2.75483733e-03  1.13861462e-06	6b90c7326a881914a362e3b2e6e96e4716b20c8b8196590f22c2ce5e1ab460ab
 8.70963590e+01  2.72804732e-03  1.12754498e-06	6b90c7326a881914a362e3b2e6e96e4716b20c8b8196590f22c2ce5e1ab460ab
 8.91250938e+01  2.70151852e-03  1.11658339e-06	6b90c7326a881914a362e3b2e6e96e4716b20c8b8196590f22c2ce5e1ab460ab
 9.12010839e+01  2.67524835e-03  1.10572878e-06	6b90c7326a881914a362e3b2e6e96e4716b20c8b8196590f22c2ce5e1ab460ab
 9.33254301e+01  2.64923427e-03  1.09498011e-06	6b90c7326a881914a362e3b2e6e96e4716b20c8b8196590f22c2ce5e1ab460ab
 9.54992586e+01  2.62347376e-03  1.08433633e-06	6b90c7326a881914a362e3b2e6e96e4716b20c8b8196590f22c2ce5e1ab460ab
 9.77237221e+01  2.59796432e-03  1.07379642e-06	6b90c7326a881914a362e3b2e6e96e4716b20c8b8196590f22c2ce5e1ab460ab
 1.00000000e+02  2.57270348e-03  1.06335936e-06	6b90c7326a881914a362e3b2e6e96e4716b20c8b8196590f22c2ce5e1ab460ab
 1.02329299e+02  2.54768878e-03  1.05302415e-06	6b90c7326a881914a362e3b2e6e96e4716b20c8b8196590f22c2ce5e1ab460ab
 1.04712855e+02  2.52291782e-03  1.04278978e-06	6b90c7326a881914a362e3b2e6e96e4716b20c8b8196590f22c2ce5e1ab460ab
 1.07151931e+02  2.49838817e-03  1.03265526e-06	6b90c7326a881914a362e3b2e6e96e4716b20c8b8196590f22c2ce5e1ab460ab
 1.09647820e+02  2.47409748e-03  1.02261963e-06	6b90c7326a881914a362e3b2e6e96e4716b20c8b8196590f22c2ce5e1ab460ab
 1.12201845e+02  2.45004337e-03  1.01268190e-06	6b90c7326a881914a362e3b2e6e96e4716b20c8b8196590f22c2ce5e1ab460ab
 1.14815362e+02  2.42622352e-03  1.00284113e-06	6b90c7326a881914a362e3b2e6e96e4716b20c8b8196590f22c2ce5e1ab460ab
 1.17489755e+02  2.40263561e-03  9.93096352e-07	6b90c7326a881914a362e3b2e6e96e4716b20c8b8196590f22c2ce5e1ab460ab
 1.20226443e+02  2.37927737e-03  9.83446636e-07	6b90c7326a881914a362e3b2e6e96e4716b20c8b8196590f22c2ce5e1ab460ab
 1.23026877e+02  2.35614652e-03  9.73891048e-07	6b90c7326a881914a362e3b2e6e96e4716b20c8b8196590f22c2ce5e1ab460ab
 1.25892541e+02  2.33324082e-03  9.64428668e-07	6b90c7326a881914a362e3b2e6e96e4716b20c8b8196590f22c2ce5e1ab460ab
 1.28824955e+02  2.31055804e-03  9.55058581e-07	6b90c7326a881914a362e3b2e6e96e4716b20c8b8196590f22c2ce5e1ab460ab
 1.31825674e+02  2.28809599e-03  9.45779884e-07	6b90c7326a881914a362e3b2e6e96e4716b20c8b8196590f22c2ce5e1ab460ab
 1.34896288e+02  2.26585249e-03  9.36591681e-07	6b90c7326a881914a362e3b2e6e96e4716b20c8b8196590f22c2ce5e1ab460ab
 1.38038426e+02  2.24382537e-03  9.27493088e-07	6b90c7326a881914a362e3b2e6e96e4716b20c8b8196590f22c2ce5e1ab460ab
 1.41253754e+02  2.22201250e-03  9.18483225e-07	6b90c7326a881914a362e3b2e6e96e4716b20c8b8196590f22c2ce5e1ab460ab
 1.44543977e+02  2.20041175e-03  9.09561225e-07	6b90c7326a881914a362e3b2e6e96e4716b20c8b8196590f22c2ce5e1ab460ab
 1.47910839e+02  2.17902103e-03  9.00726227e-07	6b90c7326a881914a362e3b2e6e96e4716b20c8b8196590f22c2ce5e1ab460ab
 1.51356125e+02  2.15783827e-03  8.91977379e-07	6b90c7326a881914a362e3b2e6e96e4716b20c8b8196590f22c2ce5e1ab460ab
 1.54881662e+02  2.13686139e-03  8.83313839e-07	6b90c7326a881914a362e3b2e6e96e4716b20c8b8196590f22c2ce5e1ab460ab
 1.58489319e+02  2.11608837e-03  8.74734770e-07	6b90c7326a881914a362e3b2e6e96e4716b20c8b8196590f22c2ce5e1ab460ab
 1.62181010e+02  2.09551718e-03  8.66239347e-07	6b90c7326a881914a362e3b2e6e96e4716b20c8b8196590f22c2ce5e1ab460ab
 1.65958691e+02  2.07514582e-03  8.57826750e-07	6b90c7326a881914a362e3b2e6e96e4716b20c8b8196590f22c2ce5e1ab460ab
 1.69824365e+02  2.05497230e-03  8.49496169e-07	6b90c7326a881914a362e3b2e6e96e4716b20c8b8196590f22c2ce5e1ab460ab
 1.73780083e+02  2.03499467e-03  8.41246801e-07	6b90c7326a881914a362e3b2e6e96e4716b20c8b8196590f22c2ce5e1ab460ab
 1.77827941e+02  2.01521097e-03  8.33077852e-07	6b90c7326a881914a362e3b2e6e96e4716b20c8b8196590f22c2ce5e1ab460ab
 1.81970086e+02  1.99561929e-03  8.24988534e-07	6b90c7326a881914a362e3b2e6e96e4716b20c8b8196590f22c2ce5e1ab460ab
 1.86208714e+02  1.97621770e-03  8.16978068e-07	6b90c7326a881914a362e3b2e6e96e4716b20c8b8196590f22c2ce5e1ab460ab
 1.90546072e+02  1.95700432e-03  8.09045684e-07	6b90c7326a881914a362e3b2e6e96e4716b20c8b8196590f22c2ce5e1ab460ab
 1.94984460e+02  1.93797728e-03  8.01190616e-07	6b90c7326a881914a362e3b2e6e96e4716b20c8b8196590f22c2ce5e1ab460ab
 1.99526231e+02  1.91913470e-03  7.93412109e-07	6b90c7326a881914a362e3b2e6e96e4716b20c8b8196590f22c2ce5e1ab460ab
 2.04173794e+02  1.90047477e-03  7.85709414e-07	6b90c7326a881914a362e3b2e6e96e4716b20c8b8196590f22c2ce5e1ab460ab
 2.08929613e+02  1.88199564e-03  7.78081788e-07	6b90c7326a881914a362e3b2e6e96e4716b20c8b8196590f22c2ce5e1ab460ab
 2.13796209e+02  1.86369551e-03  7.70528499e-07	6b90c7326a881914a362e3b2e6e96e4716b20c8b8196590f22c2ce5e1ab460ab
 2.18776162e+02  1.84557260e-03  7.63048819e-07	6b90c7326a881914a362e3b2e6e96e4716b20c8b8196590f22c2ce5e1ab460ab
 2.23872114e+02  1.82762513e-03  7.55642027e-07	6b90c7326a881914a362e3b2e6e96e4716b20c8b8196590f22c2ce5e1ab460ab
 2.29086765e+02  1.80985134e-03  7.48307412e-07	6b90c7326a881914a362e3b2e6e96e4716b20c8b8196590f22c2ce5e1ab460ab
 2.34422882e+02  1.79224948e-03  7.41044267e-07	6b90c7326a881914a362e3b2e6e96e4716b20c8b8196590f22c2ce5e1ab460ab
 2.39883292e+02  1.77481783e-03  7.33851894e-07	6b90c7326a881914a362e3b2e6e96e4716b20c8b8196590f22c2ce5e1ab460ab
 2.45470892e+02  1.75755467e-03  7.26729600e-07	6b90c7326a881914a362e3b2e6e96e4716b20c8b8196590f22c2ce5e1ab460ab
 2.51188643e+02  1.74045832e-03  7.19676701e-07	6b90c7326a881914a362e3b2e6e96e4716b20c8b8196590f22c2ce5e1ab460ab
 2.57039578e+02  1.72352708e-03  7.12692518e-07	6b90c7326a881914a362e3b2e6e96e4716b20c8b8196590f22c2ce5e1ab460ab
 2.63026799e+02  1.70675930e-03  7.05776379e-07	6b90c7326a881914a362e3b2e6e96e4716b20c8b8196590f22c2ce5e1ab460ab
 2.69153480e+02  1.69015330e-03  6.98927619e-07	6b90c7326a881914a362e3b2e6e96e4716b20c8b8196590f22c2ce5e1ab460ab
 2.75422870e+02  1.67370747e-03  6.92145580e-07	6b90c7326a881914a362e3b2e6e96e4716b20c8b8196590f22c2ce5e1ab460ab
 2.81838293e+02  1.65742017e-03  6.85429610e-07	6b90c7326a881914a362e3b2e6e96e4716b20c8b8196590f22c2ce5e1ab460ab
 2.88403150e+02  1.64128979e-03  6.78779062e-07	6b90c7326a881914a362e3b2e6e96e4716b20c8b8196590f22c2ce5e1ab460ab
 2.95120923e+02  1.62531473e-03  6.72193298e-07	6b90c7326a881914a362e3b2e6e96e4716b20c8b8196590f22c2ce5e1ab460ab
 3.01995172e+02  1.60949341e-03  6.65671684e-07	6b90c7326a881914a362e3b2e6e96e4716b20c8b8196590f22c2ce5e1ab460ab
 3.09029543e+02  1.59382426e-03  6.59213593e-07	6b90c7326a881914a362e3b2e6e96e4716b20c8b8196590f22c2ce5e1ab460ab
 3.16227766e+02  1.57830572e-03  6.52818406e-07	6b90c7326a881914a362e3b2e6e96e4716b20c8b8196590f22c2ce5e1ab460ab
 3.23593657e+02  1.56293625e-03  6.46485507e-07	6b90c7326a881914a362e3b2e6e96e4716b20c8b8196590f22c2ce5e1ab460ab
 3.31131121e+02  1.54771431e-03  6.40214287e-07	6b90c7326a881914a362e3b2e6e96e4716b20c8b8196590f22c2ce5e1ab460ab
 3.38844156e+02  1.53263838e-03  6.34004145e-07	6b90c7326a881914a362e3b2e6e96e4716b20c8b8196590f22c2ce5e1ab460ab
 3.46736850e+02  1.51770695e-03  6.27854484e-07	6b90c7326a881914a362e3b2e6e96e4716b20c8b8196590f22c2ce5e1ab460ab
 3.54813389e+02  1.50291853e-03  6.21764712e-07	6b90c7326a881914a362e3b2e6e96e4716b20c8b8196590f22c2ce5e1ab460ab
 3.63078055e+02  1.48827163e-03  6.15734246e-07	6b90c7326a881914a362e3b2e6e96e4716b20c8b8196590f22c2ce5e1ab460ab
 3.71535229e+02  1.47376478e-03  6.09762505e-07	6b90c7326a881914a362e3b2e6e96e4716b20c8b8196590f22c2ce5e1ab460ab
 3.80189396e+02  1.45939652e-03  6.03848916e-07	6b90c7326a881914a362e3b2e6e96e4716b20c8b8196590f22c2ce5e1ab460ab
 3.89045145e+02  1.44516539e-03  5.97992912e-07	6b90c7326a881914a362e3b2e6e96e4716b20c8b8196590f22c2ce5e1ab460ab
 3.98107171e+02  1.43106995e-03  5.92193929e-07	6b90c7326a881914a362e3b2e6e96e4716b20c8b8196590f22c2ce5e1ab460ab
 4.07380278e+02  1.41710875e-03  5.86451412e-07	6b90c7326a881914a362e3b2e6e96e4716b20c8b8196590f22c2ce5e1ab460ab
 4.16869383e+02  1.40328042e-03  5.80764809e-07	6b90c7326a881914a362e3b2e6e96e4716b20c8b8196590f22c2ce5e1ab460ab
 4.26579519e+02  1.38958341e-03  5.75133574e-07	6b90c7326a881914a362e3b2e6e96e4716b20c8b8196590f22c2ce5e1ab460ab
 4.36515832e+02  1.37601654e-03  5.69557167e-07	6b90c7326a881914a362e3b2e6e96e4716b20c8b8196590f22c2ce5e1ab460ab
 4.46683592e+02  1.36257831e-03  5.64035052e-07	6b90c7326a881914a362e3b2e6e96e4716b20c8b8196590f22c2ce5e1ab460ab
 4.57088190e+02  1.34926733e-03  5.58566699e-07	6b90c7326a881914a362e3b2e6e96e4716b20c8b8196590f22c2ce5e1ab460ab
 4.67735141e+02  1.33608225e-03  5.53151585e-07	6b90c7326a881914a362e3b2e6e96e4716b20c8b8196590f22c2ce5e1ab460ab
 4.78630092e+02  1.32302169e-03  5.47789188e-07	6b90c7326a881914a362e3b2e6e96e4716b20c8b8196590f22c2ce5e1ab460ab
 4.89778819e+02  1.31008430e-03  5.42478995e-07	6b90c7326a881914a362e3b2e6e96e4716b20c8b8196590f22c2ce5e1ab460ab
 5.01187234e+02  1.29726872e-03  5.37220496e-07	6b90c7326a881914a362e3b2e6e96e4716b20c8b8196590f22c2ce5e1ab460ab
 5.12861384e+02  1.28457363e-03  5.32013186e-07	6b90c7326a881914a362e3b2e6e96e4716b20c8b8196590f22c2ce5e1ab460ab
 5.24807460e+02  1.27199769e-03  5.26856567e-07	6b90c7326a881914a362e3b2e6e96e4716b20c8b8196590f22c2ce5e1ab460ab
 5.37031796e+02  1.25953958e-03  5.21750144e-07	6b90c7326a881914a362e3b2e6e96e4716b20c8b8196590f22c2ce5e1ab460ab
 5.49540874e+02  1.24719798e-03  5.16693426e-07	6b90c7326a881914a362e3b2e6e96e4716b20c8b8196590f22c2ce5e1ab460ab
 5.62341325e+02  1.23497159e-03  5.11685930e-07	6b90c7326a881914a362e3b2e6e96e4716b20c8b8196590f22c2ce5e1ab460ab
 5.75439937e+02  1.22285909e-03  5.06727175e-07	6b90c7326a881914a362e3b2e6e96e4716b20c8b8196590f22c2ce5e1ab460ab
 5.88843655e+02  1.21085920e-03  5.01816685e-07	6b90c7326a881914a362e3b2e6e96e4716b20c8b8196590f22c2ce5e1ab460ab
 6.02559586e+02  1.19897063e-03  4.96953990e-07	6b90c7326a881914a362e3b2e6e96e4716b20c8b8196590f22c2ce5e1ab460ab
 6.16595002e+02  1.18719208e-03  4.92138623e-07	6b90c7326a881914a362e3b2e6e96e4716b20c8b8196590f22c2ce5e1ab460ab
 6.30957344e+02  1.17552229e-03  4.87370123e-07	6b90c7326a881914a362e3b2e6e96e4716b20c8b8196590f22c2ce5e1ab460ab
 6.45654229e+02  1.16395998e-03  4.82648034e-07	6b90c7326a881914a362e3b2e6e96e4716b20c8b8196590f22c2ce5e1ab460ab
 6.60693448e+02  1.15250389e-03  4.77971901e-07	6b90c7326a881914a362e3b2e6e96e4716b20c8b8196590f22c2ce5e1ab460ab
 6.76082975e+02  1.14115274e-03  4.73341278e-07	6b90c7326a881914a362e3b2e6e96e4716b20c8b8196590f22c2ce5e1ab460ab
 6.91830971e+02  1.12990529e-03  4.68755721e-07	6b90c7326a881914a362e3b2e6e96e4716b20c8b8196590f22c2ce5e1ab460ab
 7.07945784e+02  1.11876027e-03  4.64214790e-07	6b90c7326a881914a362e3b2e6e96e4716b20c8b8196590f22c2ce5e1ab460ab
 7.24435960e+02  1.10771645e-03  4.59718050e-07	6b90c7326a881914a362e3b2e6e96e4716b20c8b8196590f22c2ce5e1ab460ab
 7.41310241e+02  1.09677257e-03  4.55265070e-07	6b90c7326a881914a362e3b2e6e96e4716b20c8b8196590f22c2ce5e1ab460ab
 7.58577575e+02  1.08592740e-03  4.50855425e-07	6b90c7326a881914a362e3b2e6e96e4716b20c8b8196590f22c2ce5e1ab460ab
 7.76247117e+02  1.07517968e-03  4.46488690e-07	6b90c7326a881914a362e3b2e6e96e4716b20c8b8196590f22c2ce5e1ab460ab
 7.94328235e+02  1.06452819e-03  4.42164449e-07	6b90c7326a881914a362e3b2e6e96e4716b20c8b8196590f22c2ce5e1ab460ab
 8.12830516e+02  1.05397170e-03  4.37882288e-07	6b90c7326a881914a362e3b2e6e96e4716b20c8b8196590f22c2ce5e1ab460ab
 8.31763771e+02  1.04350896e-03  4.33641795e-07	6b90c7326a881914a362e3b2e6e96e4716b20c8b8196590f22c2ce5e1ab460ab
 8.51138038e+02  1.03313875e-03  4.29442566e-07	6b90c7326a881914a362e3b2e6e96e4716b20c8b8196590f22c2ce5e1ab460ab
 8.70963590e+02  1.02285985e-03  4.25284197e-07	6b90c7326a881914a362e3b2e6e96e4716b20c8b8196590f22c2ce5e1ab460ab
 8.91250938e+02  1.01267101e-03  4.21166291e-07	6b90c7326a881914a362e3b2e6e96e4716b20c8b8196590f22c2ce5e1ab460ab
 9.12010839e+02  1.00257095e-03  4.17088455e-07	6b90c7326a881914a362e3b2e6e96e4716b20c8b8196590f22c2ce5e1ab460ab
 9.33254301e+02  9.92558589e-04  4.13050296e-07	6b90c7326a881914a362e3b2e6e96e4716b20c8b8196590f22c2ce5e1ab460ab
 9.54992586e+02  9.82632629e-04  4.09051430e-07	6b90c7326a881914a362e3b2e6e96e4716b20c8b8196590f22c2ce5e1ab460ab
 9.77237221e+02  9.72791842e-04  4.05091472e-07	6b90c7326a881914a362e3b2e6e96e4716b20c8b8196590f22c2ce5e1ab460ab
 1.00000000e+03  9.63035005e-04  4.01170045e-07	6b90c7326a881914a362e3b2e6e96e4716b20c8b8196590f22c2ce5e1ab460ab
 1.02329299e+03  9.53360893e-04  3.97286773e-07	6b90c7326a881914a362e3b2e6e96e4716b20c8b8196590f22c2ce5e1ab460ab
 1.04712855e+03  9.43768280e-04  3.93441284e-07	6b90c7326a881914a362e3b2e6e96e4716b20c8b8196590f22c2ce5e1ab460ab
 1.07151931e+03  9.34255929e-04  3.89633211e-07	6b90c7326a881914a362e3b2e6e96e4716b20c8b8196590f22c2ce5e1ab460ab
 1.09647820e+03  9.24822634e-04  3.85862189e-07	6b90c7326a881914a362e3b2e6e96e4716b20c8b8196590f22c2ce5e1ab460ab
 1.12201845e+03  9.15467153e-04  3.82127858e-07	6b90c7326a881914a362e3b2e6e96e4716b20c8b8196590f22c2ce5e1ab460ab
 1.14815362e+03  9.06188258e-04  3.78429859e-07	6b90c7326a881914a362e3b2e6e96e4716b20c8b8196590f22c2ce5e1ab460ab
 1.17489755e+03  8.96984715e-04  3.74767841e-07	6b90c7326a881914a362e3b2e6e96e4716b20c8b8196590f22c2ce5e1ab460ab
 1.20226443e+03  8.87855281e-04  3.71141452e-07	6b90c7326a881914a362e3b2e6e96e4716b20c8b8196590f22c2ce5e1ab460ab
 1.23026877e+03  8.78798669e-04  3.67550345e-07	6b90c7326a881914a362e3b2e6e96e4716b20c8b8196590f22c2ce5e1ab460ab
 1.25892541e+03  8.69813765e-04  3.63994177e-07	6b90c7326a881914a362e3b2e6e96e4716b20c8b8196590f22c2ce5e1ab460ab
 1.28824955e+03  8.60899261e-04  3.60472609e-07	6b90c7326a881914a362e3b2e6e96e4716b20c8b8196590f22c2ce5e1ab460ab
 1.31825674e+03  8.52053910e-04  3.56985303e-07	6b90c7326a881914a362e3b2e6e96e4716b20c8b8196590f22c2ce5e1ab460ab
 1.34896288e+03  8.43276449e-04  3.53531926e-07	6b90c7326a881914a362e3b2e6e96e4716b20c8b8196590f22c2ce5e1ab460ab
 1.38038426e+03  8.34565660e-04  3.50112148e-07	6b90c7326a881914a362e3b2e6e96e4716b20c8b8196590f22c2ce5e1ab460ab
 1.41253754e+03  8.25920272e-04  3.46725642e-07	6b90c7326a881914a362e3b2e6e96e4716b20c8b8196590f22c2ce5e1ab460ab
 1.44543977e+03  8.17339025e-04  3.43372084e-07	6b90c7326a881914a362e3b2e6e96e4716b20c8b8196590f22c2ce5e1ab460ab
 1.47910839e+03  8.08820605e-04  3.40051155e-07	6b90c7326a881914a362e3b2e6e96e4716b20c8b8196590f22c2ce5e1ab460ab
 1.51356125e+03  8.00363869e-04  3.36762536e-07	6b90c7326a881914a362e3b2e6e96e4716b20c8b8196590f22c2ce5e1ab460ab
 1.54881662e+03  7.91967489e-04  3.33505913e-07	6b90c7326a881914a362e3b2e6e96e4716b20c8b8196590f22c2ce5e1ab460ab
 1.58489319e+03  7.83630188e-04  3.30280975e-07	6b90c7326a881914a362e3b2e6e96e4716b20c8b8196590f22c2ce5e1ab460ab
 1.62181010e+03  7.75350711e-04  3.27087414e-07	6b90c7326a881914a362e3b2e6e96e4716b20c8b8196590f22c2ce5e1ab460ab
 1.65958691e+03  7.67127710e-04  3.23924924e-07	6b90c7326a881914a362e3b2e6e96e4716b20c8b8196590f22c2ce5e1ab460ab
 1.69824365e+03  7.58960042e-04  3.20793205e-07	6b90c7326a881914a362e3b2e6e96e4716b20c8b8196590f22c2ce5e1ab460ab
 1.73780083e+03  7.50846362e-04  3.17691956e-07	6b90c7326a881914a362e3b2e6e96e4716b20c8b8196590f22c2ce5e1ab460ab
 1.77827941e+03  7.42785385e-04  3.14620881e-07	6b90c7326a881914a362e3b2e6e96e4716b20c8b8196590f22c2ce5e1ab460ab
 1.81970086e+03  7.34775844e-04  3.11579688e-07	6b90c7326a881914a362e3b2e6e96e4716b20c8b8196590f22c2ce5e1ab460ab
 1.86208714e+03  7.26816392e-04  3.08568085e-07	6b90c7326a881914a362e3b2e6e96e4716b20c8b8196590f22c2ce5e1ab460ab
 1.90546072e+03  7.18905870e-04  3.05585785e-07	6b90c7326a881914a362e3b2e6e96e4716b20c8b8196590f22c2ce5e1ab460ab
 1.94984460e+03  7.11042932e-04  3.02632503e-07	6b90c7326a881914a362e3b2e6e96e4716b20c8b8196590f22c2ce5e1ab460ab
 1.99526231e+03  7.03226314e-04  2.99707957e-07	6b90c7326a881914a362e3b2e6e96e4716b20c8b8196590f22c2ce5e1ab460ab
 2.04173794e+03  6.95454677e-04  2.96811869e-07	6b90c7326a881914a362e3b2e6e96e4716b20c8b8196590f22c2ce5e1ab460ab
 2.08929613e+03  6.87726860e-04  2.93943961e-07	6b90c7326a881914a362e3b2e6e96e4716b20c8b8196590f22c2ce5e1ab460ab
 2.13796209e+03  6.80041551e-04  2.91103959e-07	6b90c7326a881914a362e3b2e6e96e4716b20c8b8196590f22c2ce5e1ab460ab
 2.18776162e+03  6.72397427e-04  2.88291594e-07	6b90c7326a881914a362e3b2e6e96e4716b20c8b8196590f22c2ce5e1ab460ab
 2.23872114e+03  6.64793342e-04  2.85506595e-07	6b90c7326a881914a362e3b2e6e96e4716b20c8b8196590f22c2ce5e1ab460ab
 2.29086765e+03  6.57228007e-04  2.82748698e-07	6b90c7326a881914a362e3b2e6e96e4716b20c8b8196590f22c2ce5e1ab460ab
 2.34422882e+03  6.49700130e-04  2.80017639e-07	6b90c7326a881914a362e3b2e6e96e4716b20c8b8196590f22c2ce5e1ab460ab
 2.39883292e+03  6.42208588e-04  2.77313157e-07	6b90c7326a881914a362e3b2e6e96e4716b20c8b8196590f22c2ce5e1ab460ab
 2.45470892e+03  6.34752081e-04  2.74634995e-07	6b90c7326a881914a362e3b2e6e96e4716b20c8b8196590f22c2ce5e1ab460ab
 2.51188643e+03  6.27329507e-04  2.71982897e-07	6b90c7326a881914a362e3b2e6e96e4716b20c8b8196590f22c2ce5e1ab460ab
 2.57039578e+03  6.19939601e-04  2.69356610e-07	6b90c7326a881914a362e3b2e6e96e4716b20c8b8196590f22c2ce5e1ab460ab
 2.63026799e+03  6.12581297e-04  2.66755884e-07	6b90c7326a881914a362e3b2e6e96e4716b20c8b8196590f22c2ce5e1ab460ab
 2.69153480e+03  6.05253375e-04  2.64180469e-07	6b90c7326a881914a362e3b2e6e96e4716b20c8b8196590f22c2ce5e1ab460ab
 2.75422870e+03  5.97954815e-04  2.61630121e-07	6b90c7326a881914a362e3b2e6e96e4716b20c8b8196590f22c2ce5e1ab460ab
 2.81838293e+03  5.90684447e-04  2.59104597e-07	6b90c7326a881914a362e3b2e6e96e4716b20c8b8196590f22c2ce5e1ab460ab
 2.88403150e+03  5.83441301e-04  2.56603655e-07	6b90c7326a881914a362e3b2e6e96e4716b20c8b8196590f22c2ce5e1ab460ab
 2.95120923e+03  5.76224288e-04  2.54127056e-07	6b90c7326a881914a362e3b2e6e96e4716b20c8b8196590f22c2ce5e1ab460ab
 3.01995172e+03  5.69032500e-04  2.51674566e-07	6b90c7326a881914a362e3b2e6e96e4716b20c8b8196590f22c2ce5e1ab460ab
 3.09029543e+03  5.61864920e-04  2.49245949e-07	6b90c7326a881914a362e3b2e6e96e4716b20c8b8196590f22c2ce5e1ab460ab
 3.16227766e+03  5.54720685e-04  2.46840975e-07	6b90c7326a881914a362e3b2e6e96e4716b20c8b8196590f22c2ce5e1ab460ab
 3.23593657e+03  5.47598938e-04  2.44459414e-07	6b90c7326a881914a362e3b2e6e96e4716b20c8b8196590f22c2ce5e1ab460ab
 3.31131121e+03  5.40498918e-04  2.42101039e-07	6b90c7326a881914a362e3b2e6e96e4716b20c8b8196590f22c2ce5e1ab460ab
 3.38844156e+03  5.33419792e-04  2.39765624e-07	6b90c7326a881914a362e3b2e6e96e4716b20c8b8196590f22c2ce5e1ab460ab
 3.46736850e+03  5.26360905e-04  2.37452949e-07	6b90c7326a881914a362e3b2e6e96e4716b20c8b8196590f22c2ce5e1ab460ab
 3.54813389e+03  5.19321627e-04  2.35162791e-07	6b90c7326a881914a362e3b2e6e96e4716b20c8b8196590f22c2ce5e1ab460ab
 3.63078055e+03  5.12301375e-04  2.32894933e-07	6b90c7326a881914a362e3b2e6e96e4716b20c8b8196590f22c2ce5e1ab460ab
 3.71535229e+03  5.05299651e-04  2.30649159e-07	6b90c7326a881914a362e3b2e6e96e4716b20c8b8196590f22c2ce5e1ab460ab
 3.80189396e+03  4.98316022e-04  2.28425254e-07	6b90c7326a881914a362e3b2e6e96e4716b20c8b8196590f22c2ce5e1ab460ab
 3.89045145e+03  4.91350121e-04  2.26223007e-07	6b90c7326a881914a362e3b2e6e96e4716b20c8b8196590f22c2ce5e1ab460ab
 3.98107171e+03  4.84401676e-04  2.24042208e-07	6b90c7326a881914a362e3b2e6e96e4716b20c8b8196590f22c2ce5e1ab460ab
 4.07380278e+03  4.77470487e-04  2.21882649e-07	6b90c7326a881914a362e3b2e6e96e4716b20c8b8196590f22c2ce5e1ab460ab
 4.16869383e+03  4.70556437e-04  2.19744124e-07	6b90c7326a881914a362e3b2e6e96e4716b20c8b8196590f22c2ce5e1ab460ab
 4.26579519e+03  4.63659469e-04  2.17626429e-07	6b90c7326a881914a362e3b2e6e96e4716b20c8b8196590f22c2ce5e1ab460ab
 4.36515832e+03  4.56779707e-04  2.15529363e-07	6b90c7326a881914a362e3b2e6e96e4716b20c8b8196590f22c2ce5e1ab460ab
 4.46683592e+03  4.49917285e-04  2.13452726e-07	6b90c7326a881914a362e3b2e6e96e4716b20c8b8196590f22c2ce5e1ab460ab
 4.57088190e+03  4.43072425e-04  2.11396321e-07	6b90c7326a881914a362e3b2e6e96e4716b20c8b8196590f22c2ce5e1ab460ab
 4.67735141e+03  4.36245531e-04  2.09359950e-07	6b90c7326a881914a362e3b2e6e96e4716b20c8b8196590f22c2ce5e1ab460ab
 4.78630092e+03  4.29437008e-04  2.07343421e-07	6b90c7326a881914a362e3b2e6e96e4716b20c8b8196590f22c2ce5e1ab460ab
 4.89778819e+03  4.22647438e-04  2.05346541e-07	6b90c7326a881914a362e3b2e6e96e4716b20c8b8196590f22c2ce5e1ab460ab
 5.01187234e+03  4.15877496e-04  2.03369121e-07	6b90c7326a881914a362e3b2e6e96e4716b20c8b8196590f22c2ce5e1ab460ab
 5.12861384e+03  4.09127898e-04  2.01410971e-07	6b90c7326a881914a362e3b2e6e96e4716b20c8b8196590f22c2ce5e1ab460ab
 5.24807460e+03  4.02399527e-04  1.99471905e-07	6b90c7326a881914a362e3b2e6e96e4716b20c8b8196590f22c2ce5e1ab460ab
 5.37031796e+03  3.95693344e-04  1.97551739e-07	6b90c7326a881914a362e3b2e6e96e4716b20c8b8196590f22c2ce5e1ab460ab
 5.49540874e+03  3.89010421e-04  1.95650291e-07	6b90c7326a881914a362e3b2e6e96e4716b20c8b8196590f22c2ce5e1ab460ab
 5.62341325e+03  3.82351898e-04  1.93767378e-07	6b90c7326a881914a362e3b2e6e96e4716b20c8b8196590f22c2ce5e1ab460ab
 5.75439937e+03  3.75719083e-04  1.91902821e-07	6b90c7326a881914a362e3b2e6e96e4716b20c8b8196590f22c2ce5e1ab460ab
 5.88843655e+03  3.69113311e-04  1.90056444e-07	6b90c7326a881914a362e3b2e6e96e4716b20c8b8196590f22c2ce5e1ab460ab
 6.02559586e+03  3.62536010e-04  1.88228070e-07	6b90c7326a881914a362e3b2e6e96e4716b20c8b8196590f22c2ce5e1ab460ab
 6.16595002e+03  3.55988739e-04  1.86417525e-07	6b90c7326a881914a362e3b2e6e96e4716b20c8b8196590f22c2ce5e1ab460ab
 6.30957344e+03  3.49473136e-04  1.84624638e-07	6b90c7326a881914a362e3b2e6e96e4716b20c8b8196590f22c2ce5e1ab460ab
 6.45654229e+03  3.42990860e-04  1.82849237e-07	6b90c7326a881914a362e3b2e6e96e4716b20c8b8196590f22c2ce5e1ab460ab
 6.60693448e+03  3.36543704e-04  1.81091153e-07	6b90c7326a881914a362e3b2e6e96e4716b20c8b8196590f22c2ce5e1ab460ab
 6.76082975e+03  3.30133482e-04  1.79350220e-07	6b90c7326a881914a362e3b2e6e96e4716b20c8b8196590f22c2ce5e1ab460ab
 6.91830971e+03  3.23762122e-04  1.77626271e-07	6b90c7326a881914a362e3b2e6e96e4716b20c8b8196590f22c2ce5e1ab460ab
 7.07945784e+03  3.17431546e-04  1.75919142e-07	6b90c7326a881914a362e3b2e6e96e4716b20c8b8196590f22c2ce5e1ab460ab
 7.24435960e+03  3.11143771e-04  1.74228672e-07	6b90c7326a881914a362e3b2e6e96e4716b20c8b8196590f22c2ce5e1ab460ab
 7.41310241e+03  3.04900796e-04  1.72554698e-07	6b90c7326a881914a362e3b2e6e96e4716b20c8b8196590f22c2ce5e1ab460ab
 7.58577575e+03  2.98704695e-04  1.70897063e-07	6b90c7326a881914a362e3b2e6e96e4716b20c8b8196590f22c2ce5e1ab460ab
 7.76247117e+03  2.92557545e-04  1.69255607e-07	6b90c7326a881914a362e3b2e6e96e4716b20c8b8196590f22c2ce5e1ab460ab
 7.94328235e+03  2.86461418e-04  1.67630176e-07	6b90c7326a881914a362e3b2e6e96e4716b20c8b8196590f22c2ce5e1ab460ab
 8.12830516e+03  2.80418432e-04  1.66020615e-07	6b90c7326a881914a362e3b2e6e96e4716b20c8b8196590f22c2ce5e1ab460ab
 8.31763771e+03  2.74430644e-04  1.64426769e-07	6b90c7326a881914a362e3b2e6e96e4716b20c8b8196590f22c2ce5e1ab460ab
 8.51138038e+03  2.68500138e-04  1.62848489e-07	6b90c7326a881914a362e3b2e6e96e4716b20c8b8196590f22c2ce5e1ab460ab
 8.70963590e+03  2.62628944e-04  1.61285623e-07	6b90c7326a881914a362e3b2e6e96e4716b20c8b8196590f22c2ce5e1ab460ab
 8.91250938e+03  2.56819096e-04  1.59738023e-07	6b90c7326a881914a362e3b2e6e96e4716b20c8b8196590f22c2ce5e1ab460ab
 9.12010839e+03  2.51072541e-04  1.58205542e-07	6b90c7326a881914a362e3b2e6e96e4716b20c8b8196590f22c2ce5e1ab460ab
 9.33254301e+03  2.45391211e-04  1.56688035e-07	6b90c7326a881914a362e3b2e6e96e4716b20c8b8196590f22c2ce5e1ab460ab
 9.54992586e+03  2.39776959e-04  1.55185356e-07	6b90c7326a881914a362e3b2e6e96e4716b20c8b8196590f22c2ce5e1ab460ab
 9.77237221e+03  2.34231599e-04  1.53697363e-07	6b90c7326a881914a362e3b2e6e96e4716b20c8b8196590f22c2ce5e1ab460ab
 1.00000000e+04  2.28756842e-04  1.52223915e-07	6b90c7326a881914a362e3b2e6e96e4716b20c8b8196590f22c2ce5e1ab460ab
 1.02329299e+04  2.23354335e-04  1.50764871e-07	6b90c7326a881914a362e3b2e6e96e4716b20c8b8196590f22c2ce5e1ab460ab
 1.04712855e+04  2.18025650e-04  1.49320093e-07	6b90c7326a881914a362e3b2e6e96e4716b20c8b8196590f22c2ce5e1ab460ab
 1.07151931e+04  2.12772259e-04  1.47889443e-07	6b90c7326a881914a362e3b2e6e96e4716b20c8b8196590f22c2ce5e1ab460ab
 1.09647820e+04  2.07595542e-04  1.46472786e-07	6b90c7326a881914a362e3b2e6e96e4716b20c8b8196590f22c2ce5e1ab460ab
 1.12201845e+04  2.02496774e-04  1.45069986e-07	6b90c7326a881914a362e3b2e6e96e4716b20c8b8196590f22c2ce5e1ab460ab
 1.14815362e+04  1.97477137e-04  1.43680911e-07	6b90c7326a881914a362e3b2e6e96e4716b20c8b8196590f22c2ce5e1ab460ab
 1.17489755e+04  1.92537700e-04  1.42305428e-07	6b90c7326a881914a362e3b2e6e96e4716b20c8b8196590f22c2ce5e1ab460ab
 1.20226443e+04  1.87679431e-04  1.40943407e-07	6b90c7326a881914a362e3b2e6e96e4716b20c8b8196590f22c2ce5e1ab460ab
 1.23026877e+04  1.82903185e-04  1.39594717e-07	6b90c7326a881914a362e3b2e6e96e4716b20c8b8196590f22c2ce5e1ab460ab
 1.25892541e+04  1.78209709e-04  1.38259232e-07	6b90c7326a881914a362e3b2e6e96e4716b20c8b8196590f22c2ce5e1ab460ab
 1.28824955e+04  1.73599635e-04  1.36936824e-07	6b90c7326a881914a362e3b2e6e96e4716b20c8b8196590f22c2ce5e1ab460ab
 1.31825674e+04  1.69073489e-04  1.35627368e-07	6b90c7326a881914a362e3b2e6e96e4716b20c8b8196590f22c2ce5e1ab460ab
 1.34896288e+04  1.64631683e-04  1.34330738e-07	6b90c7326a881914a362e3b2e6e96e4716b20c8b8196590f22c2ce5e1ab460ab
 1.38038426e+04  1.60274524e-04  1.33046812e-07	6b90c7326a881914a362e3b2e6e96e4716b20c8b8196590f22c2ce5e1ab460ab
 1.41253754e+04  1.56002205e-04  1.31775468e-07	6b90c7326a881914a362e3b2e6e96e4716b20c8b8196590f22c2ce5e1ab460ab
 1.44543977e+04  1.51814819e-04  1.30516585e-07	6b90c7326a881914a362e3b2e6e96e4716b20c8b8196590f22c2ce5e1ab460ab
 1.47910839e+04  1.47712357e-04  1.29270044e-07	6b90c7326a881914a362e3b2e6e96e4716b20c8b8196590f22c2ce5e1ab460ab
 1.51356125e+04  1.43694705e-04  1.28035725e-07	6b90c7326a881914a362e3b2e6e96e4716b20c8b8196590f22c2ce5e1ab460ab
 1.54881662e+04  1.39761654e-04  1.26813512e-07	6b90c7326a881914a362e3b2e6e96e4716b20c8b8196590f22c2ce5e1ab460ab
 1.58489319e+04  1.35912905e-04  1.25603289e-07	6b90c7326a881914a362e3b2e6e96e4716b20c8b8196590f22c2ce5e1ab460ab
 1.62181010e+04  1.32148066e-04  1.24404940e-07	6b90c7326a881914a362e3b2e6e96e4716b20c8b8196590f22c2ce5e1ab460ab
 1.65958691e+04  1.28466658e-04  1.23218352e-07	6b90c7326a881914a362e3b2e6e96e4716b20c8b8196590f22c2ce5e1ab460ab
 1.69824365e+04  1.24868125e-04  1.22043413e-07	6b90c7326a881914a362e3b2e6e96e4716b20c8b8196590f22c2ce5e1ab460ab
 1.73780083e+04  1.21351830e-04  1.20880009e-07	6b90c7326a881914a362e3b2e6e96e4716b20c8b8196590f22c2ce5e1ab460ab
 1.77827941e+04  1.17917064e-04  1.19728032e-07	6b90c7326a881914a362e3b2e6e96e4716b20c8b8196590f22c2ce5e1ab460ab
 1.81970086e+04  1.14563047e-04  1.18587371e-07	6b90c7326a881914a362e3b2e6e96e4716b20c8b8196590f22c2ce5e1ab460ab
 1.86208714e+04  1.11288941e-04  1.17457919e-07	6b90c7326a881914a362e3b2e6e96e4716b20c8b8196590f22c2ce5e1ab460ab
 1.90546072e+04  1.08093842e-04  1.16339567e-07	6b90c7326a881914a362e3b2e6e96e4716b20c8b8196590f22c2ce5e1ab460ab
 1.94984460e+04  1.04976797e-04  1.15232211e-07	6b90c7326a881914a362e3b2e6e96e4716b20c8b8196590f22c2ce5e1ab460ab
 1.99526231e+04  1.01936794e-04  1.14135743e-07	6b90c7326a881914a362e3b2e6e96e4716b20c8b8196590f22c2ce5e1ab460ab
 2.04173794e+04  9.89727823e-05  1.13050062e-07	6b90c7326a881914a362e3b2e6e96e4716b20c8b8196590f22c2ce5e1ab460ab
 2.08929613e+04  9.60836674e-05  1.11975062e-07	6b90c7326a881914a362e3b2e6e96e4716b20c8b8196590f22c2ce5e1ab460ab
 2.13796209e+04  9.32683136e-05  1.10910643e-07	6b90c7326a881914a362e3b2e6e96e4716b20c8b8196590f22c2ce5e1ab460ab
 2.18776162e+04  9.05255542e-05  1.09856703e-07	6b90c7326a881914a362e3b2e6e96e4716b20c8b8196590f22c2ce5e1ab460ab
 2.23872114e+04  8.78541930e-05  1.08813143e-07	6b90c7326a881914a362e3b2e6e96e4716b20c8b8196590f22c2ce5e1ab460ab
 2.29086765e+04  8.52530062e-05  1.07779862e-07	6b90c7326a881914a362e3b2e6e96e4716b20c8b8196590f22c2ce5e1ab460ab
 2.34422882e+04  8.27207483e-05  1.06756763e-07	6b90c7326a881914a362e3b2e6e96e4716b20c8b8196590f22c2ce5e1ab460ab
 2.39883292e+04  8.02561558e-05  1.05743749e-07	6b90c7326a881914a362e3b2e6e96e4716b20c8b8196590f22c2ce5e1ab460ab
 2.45470892e+04  7.78579478e-05  1.04740723e-07	6b90c7326a881914a362e3b2e6e96e4716b20c8b8196590f22c2ce5e1ab460ab
 2.51188643e+04  7.55248334e-05  1.03747591e-07	6b90c7326a881914a362e3b2e6e96e4716b20c8b8196590f22c2ce5e1ab460ab
 2.57039578e+04  7.32555099e-05  1.02764258e-07	6b90c7326a881914a362e3b2e6e96e4716b20c8b8196590f22c2ce5e1ab460ab
 2.63026799e+04  7.10486712e-05  1.01790630e-07	6b90c7326a881914a362e3b2e6e96e4716b20c8b8196590f22c2ce5e1ab460ab
 2.69153480e+04  6.89030041e-05  1.00826616e-07	6b90c7326a881914a362e3b2e6e96e4716b20c8b8196590f22c2ce5e1ab460ab
 2.75422870e+04  6.68171963e-05  9.98721228e-08	6b90c7326a881914a362e3b2e6e96e4716b20c8b8196590f22c2ce5e1ab460ab
 2.81838293e+04  6.47899371e-05  9.89270611e-08	6b90c7326a881914a362e3b2e6e96e4716b20c8b8196590f22c2ce5e1ab460ab
 2.88403150e+04  6.28199172e-05  9.79913407e-08	6b90c7326a881914a362e3b2e6e96e4716b20c8b8196590f22c2ce5e1ab460ab
 2.95120923e+04  6.09058346e-05  9.70648727e-08	6b90c7326a881914a362e3b2e6e96e4716b20c8b8196590f22c2ce5e1ab460ab
 3.01995172e+04  5.90463933e-05  9.61475692e-08	6b90c7326a881914a362e3b2e6e96e4716b20c8b8196590f22c2ce5e1ab460ab
 3.09029543e+04  5.72403067e-05  9.52393431e-08	6b90c7326a881914a362e3b2e6e96e4716b20c8b8196590f22c2ce5e1ab460ab
 3.16227766e+04  5.54862999e-05  9.43401082e-08	6b90c7326a881914a362e3b2e6e96e4716b20c8b8196590f22c2ce5e1ab460ab
 3.23593657e+04  5.37831085e-05  9.34497790e-08	6b90c7326a881914a362e3b2e6e96e4716b20c8b8196590f22c2ce5e1ab460ab
 3.31131121e+04  5.21294827e-05  9.25682711e-08	6b90c7326a881914a362e3b2e6e96e4716b20c8b8196590f22c2ce5e1ab460ab
 3.38844156e+04  5.05241872e-05  9.16955006e-08	6b90c7326a881914a362e3b2e6e96e4716b20c8b8196590f22c2ce5e1ab460ab
 3.46736850e+04  4.89660015e-05  9.08313848e-08	6b90c7326a881914a362e3b2e6e96e4716b20c8b8196590f22c2ce5e1ab460ab
 3.54813389e+04  4.74537234e-05  8.99758417e-08	6b90c7326a881914a362e3b2e6e96e4716b20c8b8196590f22c2ce5e1ab460ab
 3.63078055e+04  4.59861669e-05  8.91287898e-08	6b90c7326a881914a362e3b2e6e96e4716b20c8b8196590f22c2ce5e1ab460ab
 3.71535229e+04  4.45621652e-05  8.82901489e-08	6b90c7326a881914a362e3b2e6e96e4716b20c8b8196590f22c2ce5e1ab460ab
 3.80189396e+04  4.31805703e-05  8.74598392e-08	6b90c7326a881914a362e3b2e6e96e4716b20c8b8196590f22c2ce5e1ab460ab
 3.89045145e+04  4.18402538e-05  8.66377819e-08	6b90c7326a881914a362e3b2e6e96e4716b20c8b8196590f22c2ce5e1ab460ab
 3.98107171e+04  4.05401072e-05  8.58238990e-08	6b90c7326a881914a362e3b2e6e96e4716b20c8b8196590f22c2ce5e1ab460ab
 4.07380278e+04  3.92790427e-05  8.50181132e-08	6b90c7326a881914a362e3b2e6e96e4716b20c8b8196590f22c2ce5e1ab460ab
 4.16869383e+04  3.80559935e-05  8.42203478e-08	6b90c7326a881914a362e3b2e6e96e4716b20c8b8196590f22c2ce5e1ab460ab
 4.26579519e+04  3.68699134e-05  8.34305272e-08	6b90c7326a881914a362e3b2e6e96e4716b20c8b8196590f22c2ce5e1ab460ab
 4.36515832e+04  3.57197779e-05  8.26485763e-08	6b90c7326a881914a362e3b2e6e96e4716b20c8b8196590f22c2ce5e1ab460ab
 4.46683592e+04  3.46045839e-05  8.18744209e-08	6b90c7326a881914a362e3b2e6e96e4716b20c8b8196590f22c2ce5e1ab460ab
 4.57088190e+04  3.35233495e-05  8.11079873e-08	6b90c7326a881914a362e3b2e6e96e4716b20c8b8196590f22c2ce5e1ab460ab
 4.67735141e+04  3.24751148e-05  8.03492029e-08	6b90c7326a881914a362e3b2e6e96e4716b20c8b8196590f22c2ce5e1ab460ab
 4.78630092e+04  3.14589411e-05  7.95979954e-08	6b90c7326a881914a362e3b2e6e96e4716b20c8b8196590f22c2ce5e1ab460ab
 4.89778819e+04  3.04739114e-05  7.88542936e-08	6b90c7326a881914a362e3b2e6e96e4716b20c8b8196590f22c2ce5e1ab460ab
 5.01187234e+04  2.95191300e-05  7.81180267e-08	6b90c7326a881914a362e3b2e6e96e4716b20c8b8196590f22c2ce5e1ab460ab
 5.12861384e+04  2.85937225e-05  7.73891248e-08	6b90c7326a881914a362e3b2e6e96e4716b20c8b8196590f22c2ce5e1ab460ab
 5.24807460e+04  2.76968355e-05  7.66675186e-08	6b90c7326a881914a362e3b2e6e96e4716b20c8b8196590f22c2ce5e1ab460ab
 5.37031796e+04  2.68276367e-05  7.59531396e-08	6b90c7326a881914a362e3b2e6e96e4716b20c8b8196590f22c2ce5e1ab460ab
 5.49540874e+04  2.59853144e-05  7.52459198e-08	6b90c7326a881914a362e3b2e6e96e4716b20c8b8196590f22c2ce5e1ab460ab
 5.62341325e+04  2.51690773e-05  7.45457920e-08	6b90c7326a881914a362e3b2e6e96e4716b20c8b8196590f22c2ce5e1ab460ab
 5.75439937e+04  2.43781544e-05  7.38526897e-08	6b90c7326a881914a362e3b2e6e96e4716b20c8b8196590f22c2ce5e1ab460ab
 5.88843655e+04  2.36117946e-05  7.31665469e-08	6b90c7326a881914a362e3b2e6e96e4716b20c8b8196590f22c2ce5e1ab460ab
 6.02559586e+04  2.28692664e-05  7.24872985e-08	6b90c7326a881914a362e3b2e6e96e4716b20c8b8196590f22c2ce5e1ab460ab
 6.16595002e+04  2.21498576e-05  7.18148797e-08	6b90c7326a881914a362e3b2e6e96e4716b20c8b8196590f22c2ce5e1ab460ab
 6.30957344e+04  2.14528750e-05  7.11492267e-08	6b90c7326a881914a362e3b2e6e96e4716b20c8b8196590f22c2ce5e1ab460ab
 6.45654229e+04  2.07776442e-05  7.04902762e-08	6b90c7326a881914a362e3b2e6e96e4716b20c8b8196590f22c2ce5e1ab460ab
 6.60693448e+04  2.01235088e-05  6.98379654e-08	6b90c7326a881914a362e3b2e6e96e4716b20c8b8196590f22c2ce5e1ab460ab
 6.76082975e+04  1.94898308e-05  6.91922323e-08	6b90c7326a881914a362e3b2e6e96e4716b20c8b8196590f22c2ce5e1ab460ab
 6.91830971e+04  1.88759894e-05  6.85530155e-08	6b90c7326a881914a362e3b2e6e96e4716b20c8b8196590f22c2ce5e1ab460ab
 7.07945784e+04  1.82813814e-05  6.79202541e-08	6b90c7326a881914a362e3b2e6e96e4716b20c8b8196590f22c2ce5e1ab460ab
 7.24435960e+04  1.77054203e-05  6.72938879e-08	6b90c7326a881914a362e3b2e6e96e4716b20c8b8196590f22c2ce5e1ab460ab
 7.41310241e+04  1.71475362e-05  6.66738572e-08	6b90c7326a881914a362e3b2e6e96e4716b20c8b8196590f22c2ce5e1ab460ab
 7.58577575e+04  1.66071756e-05  6.60601030e-08	6b90c7326a881914a362e3b2e6e96e4716b20c8b8196590f22c2ce5e1ab460ab
 7.76247117e+04  1.60838003e-05  6.54525669e-08	6b90c7326a881914a362e3b2e6e96e4716b20c8b8196590f22c2ce5e1ab460ab
 7.94328235e+04  1.55768881e-05  6.48511910e-08	6b90c7326a881914a362e3b2e6e96e4716b20c8b8196590f22c2ce5e1ab460ab
 8.12830516e+04  1.50859316e-05  6.42559179e-08	6b90c7326a881914a362e3b2e6e96e4716b20c8b8196590f22c2ce5e1ab460ab
 8.31763771e+04  1.46104380e-05  6.36666911e-08	6b90c7326a881914a362e3b2e6e96e4716b20c8b8196590f22c2ce5e1ab460ab
 8.51138038e+04  1.41499293e-05  6.30834542e-08	6b90c7326a881914a362e3b2e6e96e4716b20c8b8196590f22c2ce5e1ab460ab
 8.70963590e+04  1.37039412e-05  6.25061518e-08	6b90c7326a881914a362e3b2e6e96e4716b20c8b8196590f22c2ce5e1ab460ab
 8.91250938e+04  1.32720231e-05  6.19347288e-08	6b90c7326a881914a362e3b2e6e96e4716b20c8b8196590f22c2ce5e1ab460ab
 9.12010839e+04  1.28537378e-05  6.13691306e-08	6b90c7326a881914a362e3b2e6e96e4716b20c8b8196590f22c2ce5e1ab460ab
 9.33254301e+04  1.24486609e-05  6.08093033e-08	6b90c7326a881914a362e3b2e6e96e4716b20c8b8196590f22c2ce5e1ab460ab
 9.54992586e+04  1.20563810e-05  6.02551935e-08	6b90c7326a881914a362e3b2e6e96e4716b20c8b8196590f22c2ce5e1ab460ab
 9.77237221e+04  1.16764986e-05  5.97067482e-08	6b90c7326a881914a362e3b2e6e96e4716b20c8b8196590f22c2ce5e1ab460ab
 1.00000000e+05  1.13086265e-05  5.91639153e-08	6b90c7326a881914a362e3b2e6e96e4716b20c8b8196590f22c2ce5e1ab460ab
 1.02329299e+05  1.09523889e-05  5.86266427e-08	6b90c7326a881914a362e3b2e6e96e4716b20c8b8196590f22c2ce5e1ab460ab
 1.04712855e+05  1.06074215e-05  5.80948792e-08	6b90c7326a881914a362e3b2e6e96e4716b20c8b8196590f22c2ce5e1ab460ab
 1.07151931e+05  1.02733710e-05  5.75685739e-08	6b90c7326a881914a362e3b2e6e96e4716b20c8b8196590f22c2ce5e1ab460ab
 1.09647820e+05  9.94989493e-06  5.70476766e-08	6b90c7326a881914a362e3b2e6e96e4716b20c8b8196590f22c2ce5e1ab460ab
 1.12201845e+05  9.63666103e-06  5.65321374e-08	6b90c7326a881914a362e3b2e6e96e4716b20c8b8196590f22c2ce5e1ab460ab
 1.14815362e+05  9.33334730e-06  5.60219070e-08	6b90c7326a881914a362e3b2e6e96e4716b20c8b8196590f22c2ce5e1ab460ab
 1.17489755e+05  9.03964164e-06  5.55169367e-08	6b90c7326a881914a362e3b2e6e96e4716b20c8b8196590f22c2ce5e1ab460ab
 1.20226443e+05  8.75524143e-06  5.50171780e-08	6b90c7326a881914a362e3b2e6e96e4716b20c8b8196590f22c2ce5e1ab460ab
 1.23026877e+05  8.47985342e-06  5.45225830e-08	6b90c7326a881914a362e3b2e6e96e4716b20c8b8196590f22c2ce5e1ab460ab
 1.25892541e+05  8.21319332e-06  5.40331045e-08	6b90c7326a881914a362e3b2e6e96e4716b20c8b8196590f22c2ce5e1ab460ab
 1.28824955e+05  7.95498569e-06  5.35486955e-08	6b90c7326a881914a362e3b2e6e96e4716b20c8b8196590f22c2ce5e1ab460ab
 1.31825674e+05  7.70496356e-06  5.30693096e-08	6b90c7326a881914a362e3b2e6e96e4716b20c8b8196590f22c2ce5e1ab460ab
 1.34896288e+05  7.46286822e-06  5.25949007e-08	6b90c7326a881914a362e3b2e6e96e4716b20c8b8196590f22c2ce5e1ab460ab
 1.38038426e+05  7.22844903e-06  5.21254234e-08	6b90c7326a881914a362e3b2e6e96e4716b20c8b8196590f22c2ce5e1ab460ab
 1.41253754e+05  7.00146309e-06  5.16608325e-08	6b90c7326a881914a362e3b2e6e96e4716b20c8b8196590f22c2ce5e1ab460ab
 1.44543977e+05  6.78167507e-06  5.12010835e-08	6b90c7326a881914a362e3b2e6e96e4716b20c8b8196590f22c2ce5e1ab460ab
 1.47910839e+05  6.56885702e-06  5.07461322e-08	6b90c7326a881914a362e3b2e6e96e4716b20c8b8196590f22c2ce5e1ab460ab
 1.51356125e+05  6.36278805e-06  5.02959347e-08	6b90c7326a881914a362e3b2e6e96e4716b20c8b8196590f22c2ce5e1ab460ab
 1.54881662e+05  6.16325418e-06  4.98504479e-08	6b90c7326a881914a362e3b2e6e96e4716b20c8b8196590f22c2ce5e1ab460ab
 1.58489319e+05  5.97004815e-06  4.94096287e-08	6b90c7326a881914a362e3b2e6e96e4716b20c8b8196590f22c2ce5e1ab460ab
 1.62181010e+05  5.78296919e-06  4.89734348e-08	6b90c7326a881914a362e3b2e6e96e4716b20c8b8196590f22c2ce5e1ab460ab
 1.65958691e+05  5.60182280e-06  4.85418242e-08	6b90c7326a881914a362e3b2e6e96e4716b20c8b8196590f22c2ce5e1ab460ab
 1.69824365e+05  5.42642062e-06  4.81147551e-08	6b90c7326a881914a362e3b2e6e96e4716b20c8b8196590f22c2ce5e1ab460ab
 1.73780083e+05  5.25658019e-06  4.76921864e-08	6b90c7326a881914a362e3b2e6e96e4716b20c8b8196590f22c2ce5e1ab460ab
 1.77827941e+05  5.09212480e-06  4.72740773e-08	6b90c7326a881914a362e3b2e6e96e4716b20c8b8196590f22c2ce5e1ab460ab
 1.81970086e+05  4.93288328e-06  4.68603873e-08	6b90c7326a881914a362e3b2e6e96e4716b20c8b8196590f22c2ce5e1ab460ab
 1.86208714e+05  4.77868990e-06  4.64510765e-08	6b90c7326a881914a362e3b2e6e96e4716b20c8b8196590f22c2ce5e1ab460ab
 1.90546072e+05  4.62938412e-06  4.60461053e-08	6b90c7326a881914a362e3b2e6e96e4716b20c8b8196590f22c2ce5e1ab460ab
 1.94984460e+05  4.48481049e-06  4.56454345e-08	6b90c7326a881914a362e3b2e6e96e4716b20c8b8196590f22c2ce5e1ab460ab
 1.99526231e+05  4.34481846e-06  4.52490252e-08	6b90c7326a881914a362e3b2e6e96e4716b20c8b8196590f22c2ce5e1ab460ab
 2.04173794e+05  4.20926225e-06  4.48568390e-08	6b90c7326a881914a362e3b2e6e96e4716b20c8b8196590f22c2ce5e1ab460ab
 2.08929613e+05  4.07800069e-06  4.44688377e-08	6b90c7326a881914a362e3b2e6e96e4716b20c8b8196590f22c2ce5e1ab460ab
 2.13796209e+05  3.95089705e-06  4.40849839e-08	6b90c7326a881914a362e3b2e6e96e4716b20c8b8196590f22c2ce5e1ab460ab
 2.18776162e+05  3.82781900e-06  4.37052400e-08	6b90c7326a881914a362e3b2e6e96e4716b20c8b8196590f22c2ce5e1ab460ab
 2.23872114e+05  3.70863833e-06  4.33295692e-08	6b90c7326a881914a362e3b2e6e96e4716b20c8b8196590f22c2ce5e1ab460ab
 2.29086765e+05  3.59323095e-06  4.29579349e-08	6b90c7326a881914a362e3b2e6e96e4716b20c8b8196590f22c2ce5e1ab460ab
 2.34422882e+05  3.48147667e-06  4.25903008e-08	6b90c7326a881914a362e3b2e6e96e4716b20c8b8196590f22c2ce5e1ab460ab
 2.39883292e+05  3.37325915e-06  4.22266311e-08	6b90c7326a881914a362e3b2e6e96e4716b20c8b8196590f22c2ce5e1ab460ab
 2.45470892e+05  3.26846573e-06  4.18668903e-08	6b90c7326a881914a362e3b2e6e96e4716b20c8b8196590f22c2ce5e1ab460ab
 2.51188643e+05  3.16698732e-06  4.15110431e-08	6b90c7326a881914a362e3b2e6e96e4716b20c8b8196590f22c2ce5e1ab460ab
 2.57039578e+05  3.06871831e-06  4.11590548e-08	6b90c7326a881914a362e3b2e6e96e4716b20c8b8196590f22c2ce5e1ab460ab
 2.63026799e+05  2.97355646e-06  4.08108908e-08	6b90c7326a881914a362e3b2e6e96e4716b20c8b8196590f22c2ce5e1ab460ab
 2.69153480e+05  2.88140276e-06  4.04665171e-08	6b90c7326a881914a362e3b2e6e96e4716b20c8b8196590f22c2ce5e1ab460ab
 2.75422870e+05  2.79216137e-06  4.01258998e-08	6b90c7326a881914a362e3b2e6e96e4716b20c8b8196590f22c2ce5e1ab460ab
 2.81838293e+05  2.70573949e-06  3.97890055e-08	6b90c7326a881914a362e3b2e6e96e4716b20c8b8196590f22c2ce5e1ab460ab
 2.88403150e+05  2.62204728e-06  3.94558009e-08	6b90c7326a881914a362e3b2e6e96e4716b20c8b8196590f22c2ce5e1ab460ab
 2.95120923e+05  2.54099778e-06  3.91262533e-08	6b90c7326a881914a362e3b2e6e96e4716b20c8b8196590f22c2ce5e1ab460ab
 3.01995172e+05  2.46250677e-06  3.88003302e-08	6b90c7326a881914a362e3b2e6e96e4716b20c8b8196590f22c2ce5e1ab460ab
 3.09029543e+05  2.38649273e-06  3.84779993e-08	6b90c7326a881914a362e3b2e6e96e4716b20c8b8196590f22c2ce5e1ab460ab
 3.16227766e+05  2.31287675e-06  3.81592288e-08	6b90c7326a881914a362e3b2e6e96e4716b20c8b8196590f22c2ce5e1ab460ab
 3.23593657e+05  2.24158241e-06  3.78439871e-08	6b90c7326a881914a362e3b2e6e96e4716b20c8b8196590f22c2ce5e1ab460ab
 3.31131121e+05  2.17253577e-06  3.75322430e-08	6b90c7326a881914a362e3b2e6e96e4716b20c8b8196590f22c2ce5e1ab460ab
 3.38844156e+05  2.10566521e-06  3.72239655e-08	6b90c7326a881914a362e3b2e6e96e4716b20c8b8196590f22c2ce5e1ab460ab
 3.46736850e+05  2.04090142e-06  3.69191241e-08	6b90c7326a881914a362e3b2e6e96e4716b20c8b8196590f22c2ce5e1ab460ab
 3.54813389e+05  1.97817728e-06  3.66176882e-08	6b90c7326a881914a362e3b2e6e96e4716b20c8b8196590f22c2ce5e1ab460ab
 3.63078055e+05  1.91742784e-06  3.63196280e-08	6b90c7326a881914a362e3b2e6e96e4716b20c8b8196590f22c2ce5e1ab460ab
 3.71535229e+05  1.85859021e-06  3.60249136e-08	6b90c7326a881914a362e3b2e6e96e4716b20c8b8196590f22c2ce5e1ab460ab
 3.80189396e+05  1.80160350e-06  3.57335156e-08	6b90c7326a881914a362e3b2e6e96e4716b20c8b8196590f22c2ce5e1ab460ab
 3.89045145e+05  1.74640879e-06  3.54454048e-08	6b90c7326a881914a362e3b2e6e96e4716b20c8b8196590f22c2ce5e1ab460ab
 3.98107171e+05  1.69294902e-06  3.51605523e-08	6b90c7326a881914a362e3b2e6e96e4716b20c8b8196590f22c2ce5e1ab460ab
 4.07380278e+05  1.64116896e-06  3.48789296e-08	6b90c7326a881914a362e3b2e6e96e4716b20c8b8196590f22c2ce5e1ab460ab
 4.16869383e+05  1.59101515e-06  3.46005082e-08	6b90c7326a881914a362e3b2e6e96e4716b20c8b8196590f22c2ce5e1ab460ab
 4.26579519e+05  1.54243583e-06  3.43252602e-08	6b90c7326a881914a362e3b2e6e96e4716b20c8b8196590f22c2ce5e1ab460ab
 4.36515832e+05  1.49538089e-06  3.40531578e-08	6b90c7326a881914a362e3b2e6e96e4716b20c8b8196590f22c2ce5e1ab460ab
 4.46683592e+05  1.44980186e-06  3.37841735e-08	6b90c7326a881914a362e3b2e6e96e4716b20c8b8196590f22c2ce5e1ab460ab
 4.57088190e+05  1.40565176e-06  3.35182801e-08	6b90c7326a881914a362e3b2e6e96e4716b20c8b8196590f22c2ce5e1ab460ab
 4.67735141e+05  1.36288516e-06  3.32554507e-08	6b90c7326a881914a362e3b2e6e96e4716b20c8b8196590f22c2ce5e1ab460ab
 4.78630092e+05  1.32145806e-06  3.29956585e-08	6b90c7326a881914a362e3b2e6e96e4716b20c8b8196590f22c2ce5e1ab460ab
 4.89778819e+05  1.28132788e-06  3.27388771e-08	6b90c7326a881914a362e3b2e6e96e4716b20c8b8196590f22c2ce5e1ab460ab
 5.01187234e+05  1.24245337e-06  3.24850805e-08	6b90c7326a881914a362e3b2e6e96e4716b20c8b8196590f22c2ce5e1ab460ab
 5.12861384e+05  1.20479465e-06  3.22342427e-08	6b90c7326a881914a362e3b2e6e96e4716b20c8b8196590f22c2ce5e1ab460ab
 5.24807460e+05  1.16831307e-06  3.19863381e-08	6b90c7326a881914a362e3b2e6e96e4716b20c8b8196590f22c2ce5e1ab460ab
 5.37031796e+05  1.13297124e-06  3.17413413e-08	6b90c7326a881914a362e3b2e6e96e4716b20c8b8196590f22c2ce5e1ab460ab
 5.49540874e+05  1.09873295e-06  3.14992272e-08	6b90c7326a881914a362e3b2e6e96e4716b20c8b8196590f22c2ce5e1ab460ab
 5.62341325e+05  1.06556317e-06  3.12599711e-08	6b90c7326a881914a362e3b2e6e96e4716b20c8b8196590f22c2ce5e1ab460ab
 5.75439937e+05  1.03342798e-06  3.10235482e-08	6b90c7326a881914a362e3b2e6e96e4716b20c8b8196590f22c2ce5e1ab460ab
 5.88843655e+05  1.00229453e-06  3.07899343e-08	6b90c7326a881914a362e3b2e6e96e4716b20c8b8196590f22c2ce5e1ab460ab
 6.02559586e+05  9.72131043e-07  3.05591053e-08	6b90c7326a881914a362e3b2e6e96e4716b20c8b8196590f22c2ce5e1ab460ab
 6.16595002e+05  9.42906744e-07  3.03310373e-08	6b90c7326a881914a362e3b2e6e96e4716b20c8b8196590f22c2ce5e1ab460ab
 6.30957344e+05  9.14591846e-07  3.01057068e-08	6b90c7326a881914a362e3b2e6e96e4716b20c8b8196590f22c2ce5e1ab460ab
 6.45654229e+05  8.87157517e-07  2.98830904e-08	6b90c7326a881914a362e3b2e6e96e4716b20c8b8196590f22c2ce5e1ab460ab
 6.60693448e+05  8.60575844e-07  2.96631652e-08	6b90c7326a881914a362e3b2e6e96e4716b20c8b8196590f22c2ce5e1ab460ab
 6.76082975e+05  8.34819807e-07  2.94459082e-08	6b90c7326a881914a362e3b2e6e96e4716b20c8b8196590f22c2ce5e1ab460ab
 6.91830971e+05  8.09863252e-07  2.92312969e-08	6b90c7326a881914a362e3b2e6e96e4716b20c8b8196590f22c2ce5e1ab460ab
 7.07945784e+05  7.85680861e-07  2.90193090e-08	6b90c7326a881914a362e3b2e6e96e4716b20c8b8196590f22c2ce5e1ab460ab
 7.24435960e+05  7.62248123e-07  2.88099224e-08	6b90c7326a881914a362e3b2e6e96e4716b20c8b8196590f22c2ce5e1ab460ab
 7.41310241e+05  7.39541313e-07  2.86031153e-08	6b90c7326a881914a362e3b2e6e96e4716b20c8b8196590f22c2ce5e1ab460ab
 7.58577575e+05  7.17537464e-07  2.83988662e-08	6b90c7326a881914a362e3b2e6e96e4716b20c8b8196590f22c2ce5e1ab460ab
 7.76247117e+05  6.96214341e-07  2.81971538e-08	6b90c7326a881914a362e3b2e6e96e4716b20c8b8196590f22c2ce5e1ab460ab
 7.94328235e+05  6.75550424e-07  2.79979569e-08	6b90c7326a881914a362e3b2e6e96e4716b20c8b8196590f22c2ce5e1ab460ab
 8.12830516e+05  6.55524879e-07  2.78012549e-08	6b90c7326a881914a362e3b2e6e96e4716b20c8b8196590f22c2ce5e1ab460ab
 8.31763771e+05  6.36117536e-07  2.76070271e-08	6b90c7326a881914a362e3b2e6e96e4716b20c8b8196590f22c2ce5e1ab460ab
 8.51138038e+05  6.17308873e-07  2.74152534e-08	6b90c7326a881914a362e3b2e6e96e4716b20c8b8196590f22c2ce5e1ab460ab
 8.70963590e+05  5.99079990e-07  2.72259136e-08	6b90c7326a881914a362e3b2e6e96e4716b20c8b8196590f22c2ce5e1ab460ab
 8.91250938e+05  5.81412589e-07  2.70389881e-08	6b90c7326a881914a362e3b2e6e96e4716b20c8b8196590f22c2ce5e1ab460ab
 9.12010839e+05  5.64288963e-07  2.68544573e-08	6b90c7326a881914a362e3b2e6e96e4716b20c8b8196590f22c2ce5e1ab460ab
 9.33254301e+05  5.47691963e-07  2.66723020e-08	6b90c7326a881914a362e3b2e6e96e4716b20c8b8196590f22c2ce5e1ab460ab
 9.54992586e+05  5.31604993e-07  2.64925034e-08	6b90c7326a881914a362e3b2e6e96e4716b20c8b8196590f22c2ce5e1ab460ab
 9.77237221e+05  5.16011986e-07  2.63150426e-08	6b90c7326a881914a362e3b2e6e96e4716b20c8b8196590f22c2ce5e1ab460ab
 1.00000000e+06  5.00897388e-07  2.61399013e-08	6b90c7326a881914a362e3b2e6e96e4716b20c8b8196590f22c2ce5e1ab460ab
