 v-sweep         command         v(DRIVE)        v(VOUT)         v(VINN)         v(XOTA.VX)      m6_id           m6_vdsat        m7_id           m7_vdsat	manifest_sha256
 0.00000000e+00  1.80000000e+00  0.00000000e+00  1.78092116e+00  8.90460581e-01  3.49696753e-01  1.08113182e-08  4.05157367e-02  1.79090784e-05  1.64168338e-01	6b90c7326a881914a362e3b2e6e96e4716b20c8b8196590f22c2ce5e1ab460ab
 1.00000000e-02  1.79000000e+00  1.00000000e-02  1.78025883e+00  8.95129416e-01  5.09210816e-01  5.97664925e-07  4.32924293e-02  1.84891854e-05  1.64168543e-01	6b90c7326a881914a362e3b2e6e96e4716b20c8b8196590f22c2ce5e1ab460ab
 2.00000000e-02  1.78000000e+00  2.00000000e-02  1.77415320e+00  8.97076599e-01  6.12283887e-01  5.87316244e-06  6.10800311e-02  2.37058993e-05  1.64170434e-01	6b90c7326a881914a362e3b2e6e96e4716b20c8b8196590f22c2ce5e1ab460ab
 3.00000000e-02  1.77000000e+00  3.00000000e-02  1.76554424e+00  8.97772122e-01  6.52825710e-01  1.29124219e-05  7.70008020e-02  3.06611965e-05  1.64173100e-01	6b90c7326a881914a362e3b2e6e96e4716b20c8b8196590f22c2ce5e1ab460ab
 4.00000000e-02  1.76000000e+00  4.00000000e-02  1.75636548e+00  8.98182738e-01  6.77508691e-01  1.99054183e-05  8.92646706e-02  3.75636184e-05  1.64175944e-01	6b90c7326a881914a362e3b2e6e96e4716b20c8b8196590f22c2ce5e1ab460ab
 5.00000000e-02  1.75000000e+00  5.00000000e-02  1.74694800e+00  8.98473998e-01  6.95321075e-01  2.65344288e-05  9.90884454e-02  4.40989214e-05  1.64178861e-01	6b90c7326a881914a362e3b2e6e96e4716b20c8b8196590f22c2ce5e1ab460ab
 6.00000000e-02  1.74000000e+00  6.00000000e-02  1.73739612e+00  8.98698059e-01  7.09184008e-01  3.26982041e-05  1.07174284e-01  5.01670744e-05  1.64181819e-01	6b90c7326a881914a362e3b2e6e96e4716b20c8b8196590f22c2ce5e1ab460ab
 7.00000000e-02  1.73000000e+00  7.00000000e-02  1.72775562e+00  8.98877810e-01  7.20400744e-01  3.83540774e-05  1.13934998e-01  5.57260067e-05  1.64184805e-01	6b90c7326a881914a362e3b2e6e96e4716b20c8b8196590f22c2ce5e1ab460ab
 8.00000000e-02  1.72000000e+00  8.00000000e-02  1.71805067e+00  8.99025333e-01  7.29667166e-01  4.34831399e-05  1.19633841e-01  6.07571581e-05  1.64187812e-01	6b90c7326a881914a362e3b2e6e96e4716b20c8b8196590f22c2ce5e1ab460ab
 9.00000000e-02  1.71000000e+00  9.00000000e-02  1.70829566e+00  8.99147831e-01  7.37401710e-01  4.80794822e-05  1.24450996e-01  6.52548457e-05  1.64190833e-01	6b90c7326a881914a362e3b2e6e96e4716b20c8b8196590f22c2ce5e1ab460ab
 1.00000000e-01  1.70000000e+00  1.00000000e-01  1.69850000e+00  8.99250000e-01  7.43879725e-01  5.21465154e-05  1.28517659e-01  6.92226393e-05  1.64193868e-01	6b90c7326a881914a362e3b2e6e96e4716b20c8b8196590f22c2ce5e1ab460ab
 1.10000000e-01  1.69000000e+00  1.10000000e-01  1.68867031e+00  8.99335157e-01  7.49297250e-01  5.56960022e-05  1.31935219e-01  7.26724176e-05  1.64196912e-01	6b90c7326a881914a362e3b2e6e96e4716b20c8b8196590f22c2ce5e1ab460ab
 1.20000000e-01  1.68000000e+00  1.20000000e-01  1.67881163e+00  8.99405816e-01  7.53804990e-01  5.87482593e-05  1.34786977e-01  7.56245876e-05  1.64199966e-01	6b90c7326a881914a362e3b2e6e96e4716b20c8b8196590f22c2ce5e1ab460ab
 1.30000000e-01  1.67000000e+00  1.30000000e-01  1.66892809e+00  8.99464046e-01  7.57527924e-01  6.13326802e-05  1.37145673e-01  7.81086180e-05  1.64203028e-01	6b90c7326a881914a362e3b2e6e96e4716b20c8b8196590f22c2ce5e1ab460ab
 1.40000000e-01  1.66000000e+00  1.40000000e-01  1.65902330e+00  8.99511650e-01  7.60576923e-01  6.34878969e-05  1.39078275e-01  8.01632016e-05  1.64206096e-01	6b90c7326a881914a362e3b2e6e96e4716b20c8b8196590f22c2ce5e1ab460ab
 1.50000000e-01  1.65000000e+00  1.50000000e-01  1.64910025e+00  8.99550127e-01  7.63055180e-01  6.52610626e-05  1.40648630e-01  8.18353712e-05  1.64209170e-01	6b90c7326a881914a362e3b2e6e96e4716b20c8b8196590f22c2ce5e1ab460ab
 1.60000000e-01  1.64000000e+00  1.60000000e-01  1.63916298e+00  8.99581488e-01  7.65058706e-01  6.67043375e-05  1.41916982e-01  8.31778392e-05  1.64212248e-01	6b90c7326a881914a362e3b2e6e96e4716b20c8b8196590f22c2ce5e1ab460ab
 1.70000000e-01  1.63000000e+00  1.70000000e-01  1.62921337e+00  8.99606683e-01  7.66678236e-01  6.78733173e-05  1.42940721e-01  8.42457411e-05  1.64215330e-01	6b90c7326a881914a362e3b2e6e96e4716b20c8b8196590f22c2ce5e1ab460ab
 1.80000000e-01  1.62000000e+00  1.80000000e-01  1.61925427e+00  8.99627137e-01  7.67993871e-01  6.88207297e-05  1.43770719e-01  8.50920004e-05  1.64218415e-01	6b90c7326a881914a362e3b2e6e96e4716b20c8b8196590f22c2ce5e1ab460ab
 1.90000000e-01  1.61000000e+00  1.90000000e-01  1.60928781e+00  8.99643903e-01  7.69074315e-01  6.95940510e-05  1.44450706e-01  8.57641126e-05  1.64221503e-01	6b90c7326a881914a362e3b2e6e96e4716b20c8b8196590f22c2ce5e1ab460ab
 2.00000000e-01  1.60000000e+00  2.00000000e-01  1.59931580e+00  8.99657902e-01  7.69975601e-01  7.02332549e-05  1.45016391e-01  8.63020910e-05  1.64224592e-01	6b90c7326a881914a362e3b2e6e96e4716b20c8b8196590f22c2ce5e1ab460ab
 2.10000000e-01  1.59000000e+00  2.10000000e-01  1.58933959e+00  8.99669797e-01  7.70741744e-01  7.07704310e-05  1.45495840e-01  8.67380293e-05  1.64227682e-01	6b90c7326a881914a362e3b2e6e96e4716b20c8b8196590f22c2ce5e1ab460ab
 2.20000000e-01  1.58000000e+00  2.20000000e-01  1.57936022e+00  8.99680111e-01  7.71406252e-01  7.12303794e-05  1.45910429e-01  8.70967383e-05  1.64230774e-01	6b90c7326a881914a362e3b2e6e96e4716b20c8b8196590f22c2ce5e1ab460ab
 2.30000000e-01  1.57000000e+00  2.30000000e-01  1.56937846e+00  8.99689232e-01  7.71994141e-01  7.16318152e-05  1.46276117e-01  8.73969411e-05  1.64233866e-01	6b90c7326a881914a362e3b2e6e96e4716b20c8b8196590f22c2ce5e1ab460ab
 2.40000000e-01  1.56000000e+00  2.40000000e-01  1.55939490e+00  8.99697449e-01  7.72523881e-01  7.19886662e-05  1.46604690e-01  8.76525701e-05  1.64236959e-01	6b90c7326a881914a362e3b2e6e96e4716b20c8b8196590f22c2ce5e1ab460ab
 2.50000000e-01  1.55000000e+00  2.50000000e-01  1.54940994e+00  8.99704972e-01  7.73009056e-01  7.23112364e-05  1.46904816e-01  8.78739327e-05  1.64240052e-01	6b90c7326a881914a362e3b2e6e96e4716b20c8b8196590f22c2ce5e1ab460ab
 2.60000000e-01  1.54000000e+00  2.60000000e-01  1.53942392e+00  8.99711958e-01  7.73459671e-01  7.26071495e-05  1.47182881e-01  8.80686545e-05  1.64243146e-01	6b90c7326a881914a362e3b2e6e96e4716b20c8b8196590f22c2ce5e1ab460ab
 2.70000000e-01  1.53000000e+00  2.70000000e-01  1.52943704e+00  8.99718520e-01  7.73883138e-01  7.28820713e-05  1.47443614e-01  8.82424020e-05  1.64246239e-01	6b90c7326a881914a362e3b2e6e96e4716b20c8b8196590f22c2ce5e1ab460ab
 2.80000000e-01  1.52000000e+00  2.80000000e-01  1.51944949e+00  8.99724746e-01  7.74284991e-01  7.31402426e-05  1.47690547e-01  8.83994164e-05  1.64249334e-01	6b90c7326a881914a362e3b2e6e96e4716b20c8b8196590f22c2ce5e1ab460ab
 2.90000000e-01  1.51000000e+00  2.90000000e-01  1.50946140e+00  8.99730699e-01  7.74669401e-01  7.33848670e-05  1.47926342e-01  8.85429013e-05  1.64252428e-01	6b90c7326a881914a362e3b2e6e96e4716b20c8b8196590f22c2ce5e1ab460ab
 3.00000000e-01  1.50000000e+00  3.00000000e-01  1.49947286e+00  8.99736430e-01  7.75039547e-01  7.36183892e-05  1.48153028e-01  8.86753008e-05  1.64255522e-01	6b90c7326a881914a362e3b2e6e96e4716b20c8b8196590f22c2ce5e1ab460ab
 3.10000000e-01  1.49000000e+00  3.10000000e-01  1.48948395e+00  8.99741975e-01  7.75397881e-01  7.38426954e-05  1.48372168e-01  8.87985004e-05  1.64258617e-01	6b90c7326a881914a362e3b2e6e96e4716b20c8b8196590f22c2ce5e1ab460ab
 3.20000000e-01  1.48000000e+00  3.20000000e-01  1.47949473e+00  8.99747364e-01  7.75746314e-01  7.40592567e-05  1.48584983e-01  8.89139706e-05  1.64261712e-01	6b90c7326a881914a362e3b2e6e96e4716b20c8b8196590f22c2ce5e1ab460ab
 3.30000000e-01  1.47000000e+00  3.30000000e-01  1.46950523e+00  8.99752616e-01  7.76086353e-01  7.42692339e-05  1.48792433e-01  8.90228711e-05  1.64264806e-01	6b90c7326a881914a362e3b2e6e96e4716b20c8b8196590f22c2ce5e1ab460ab
 3.40000000e-01  1.46000000e+00  3.40000000e-01  1.45951546e+00  8.99757728e-01  7.76419202e-01  7.44735531e-05  1.48995288e-01  8.91261268e-05  1.64267901e-01	6b90c7326a881914a362e3b2e6e96e4716b20c8b8196590f22c2ce5e1ab460ab
 3.50000000e-01  1.45000000e+00  3.50000000e-01  1.44952530e+00  8.99762650e-01  7.76745836e-01  7.46729632e-05  1.49194169e-01  8.92244835e-05  1.64270996e-01	6b90c7326a881914a362e3b2e6e96e4716b20c8b8196590f22c2ce5e1ab460ab
 3.60000000e-01  1.44000000e+00  3.60000000e-01  1.43953469e+00  8.99767344e-01  7.77067047e-01  7.48680728e-05  1.49389582e-01  8.93185484e-05  1.64274092e-01	6b90c7326a881914a362e3b2e6e96e4716b20c8b8196590f22c2ce5e1ab460ab
 3.70000000e-01  1.43000000e+00  3.70000000e-01  1.42954546e+00  8.99772728e-01  7.77383422e-01  7.50593404e-05  1.49581901e-01  8.94088034e-05  1.64277186e-01	6b90c7326a881914a362e3b2e6e96e4716b20c8b8196590f22c2ce5e1ab460ab
 3.80000000e-01  1.42000000e+00  3.80000000e-01  1.41955511e+00  8.99777557e-01  7.77695595e-01  7.52472378e-05  1.49771530e-01  8.94956852e-05  1.64280282e-01	6b90c7326a881914a362e3b2e6e96e4716b20c8b8196590f22c2ce5e1ab460ab
 3.90000000e-01  1.41000000e+00  3.90000000e-01  1.40956465e+00  8.99782327e-01  7.78003982e-01  7.54320897e-05  1.49958735e-01  8.95795309e-05  1.64283377e-01	6b90c7326a881914a362e3b2e6e96e4716b20c8b8196590f22c2ce5e1ab460ab
 4.00000000e-01  1.40000000e+00  4.00000000e-01  1.39957409e+00  8.99787043e-01  7.78308970e-01  7.56141891e-05  1.50143762e-01  8.96606331e-05  1.64286472e-01	6b90c7326a881914a362e3b2e6e96e4716b20c8b8196590f22c2ce5e1ab460ab
 4.10000000e-01  1.39000000e+00  4.10000000e-01  1.38958342e+00  8.99791712e-01  7.78610890e-01  7.57937869e-05  1.50326823e-01  8.97392408e-05  1.64289567e-01	6b90c7326a881914a362e3b2e6e96e4716b20c8b8196590f22c2ce5e1ab460ab
 4.20000000e-01  1.38000000e+00  4.20000000e-01  1.37959267e+00  8.99796333e-01  7.78910020e-01  7.59710944e-05  1.50508094e-01  8.98155677e-05  1.64292663e-01	6b90c7326a881914a362e3b2e6e96e4716b20c8b8196590f22c2ce5e1ab460ab
 4.30000000e-01  1.37000000e+00  4.30000000e-01  1.36960184e+00  8.99800921e-01  7.79206612e-01  7.61462998e-05  1.50687736e-01  8.98897984e-05  1.64295758e-01	6b90c7326a881914a362e3b2e6e96e4716b20c8b8196590f22c2ce5e1ab460ab
 4.40000000e-01  1.36000000e+00  4.40000000e-01  1.35961094e+00  8.99805469e-01  7.79500878e-01  7.63195636e-05  1.50865886e-01  8.99620937e-05  1.64298854e-01	6b90c7326a881914a362e3b2e6e96e4716b20c8b8196590f22c2ce5e1ab460ab
 4.50000000e-01  1.35000000e+00  4.50000000e-01  1.34961997e+00  8.99809983e-01  7.79793009e-01  7.64910270e-05  1.51042663e-01  9.00325943e-05  1.64301949e-01	6b90c7326a881914a362e3b2e6e96e4716b20c8b8196590f22c2ce5e1ab460ab
 4.60000000e-01  1.34000000e+00  4.60000000e-01  1.33962893e+00  8.99814467e-01  7.80083173e-01  7.66608145e-05  1.51218175e-01  9.01014242e-05  1.64305045e-01	6b90c7326a881914a362e3b2e6e96e4716b20c8b8196590f22c2ce5e1ab460ab
 4.70000000e-01  1.33000000e+00  4.70000000e-01  1.32963784e+00  8.99818922e-01  7.80371520e-01  7.68290367e-05  1.51392518e-01  9.01686934e-05  1.64308140e-01	6b90c7326a881914a362e3b2e6e96e4716b20c8b8196590f22c2ce5e1ab460ab
 4.80000000e-01  1.32000000e+00  4.80000000e-01  1.31964670e+00  8.99823350e-01  7.80658184e-01  7.69957918e-05  1.51565777e-01  9.02344997e-05  1.64311236e-01	6b90c7326a881914a362e3b2e6e96e4716b20c8b8196590f22c2ce5e1ab460ab
 4.90000000e-01  1.31000000e+00  4.90000000e-01  1.30965551e+00  8.99827753e-01  7.80943287e-01  7.71611680e-05  1.51738030e-01  9.02989310e-05  1.64314332e-01	6b90c7326a881914a362e3b2e6e96e4716b20c8b8196590f22c2ce5e1ab460ab
 5.00000000e-01  1.30000000e+00  5.00000000e-01  1.29966427e+00  8.99832134e-01  7.81226940e-01  7.73252447e-05  1.51909347e-01  9.03620661e-05  1.64317427e-01	6b90c7326a881914a362e3b2e6e96e4716b20c8b8196590f22c2ce5e1ab460ab
 5.10000000e-01  1.29000000e+00  5.10000000e-01  1.28967299e+00  8.99836493e-01  7.81509243e-01  7.74880934e-05  1.52079792e-01  9.04239763e-05  1.64320523e-01	6b90c7326a881914a362e3b2e6e96e4716b20c8b8196590f22c2ce5e1ab460ab
 5.20000000e-01  1.28000000e+00  5.20000000e-01  1.27968166e+00  8.99840832e-01  7.81790287e-01  7.76497794e-05  1.52249423e-01  9.04847265e-05  1.64323619e-01	6b90c7326a881914a362e3b2e6e96e4716b20c8b8196590f22c2ce5e1ab460ab
 5.30000000e-01  1.27000000e+00  5.30000000e-01  1.26969030e+00  8.99845152e-01  7.82070159e-01  7.78103618e-05  1.52418295e-01  9.05443756e-05  1.64326715e-01	6b90c7326a881914a362e3b2e6e96e4716b20c8b8196590f22c2ce5e1ab460ab
 5.40000000e-01  1.26000000e+00  5.40000000e-01  1.25969821e+00  8.99849105e-01  7.82348957e-01  7.79699066e-05  1.52586470e-01  9.06029816e-05  1.64329811e-01	6b90c7326a881914a362e3b2e6e96e4716b20c8b8196590f22c2ce5e1ab460ab
 5.50000000e-01  1.25000000e+00  5.50000000e-01  1.24970748e+00  8.99853742e-01  7.82626692e-01  7.81284284e-05  1.52753957e-01  9.06605817e-05  1.64332906e-01	6b90c7326a881914a362e3b2e6e96e4716b20c8b8196590f22c2ce5e1ab460ab
 5.60000000e-01  1.24000000e+00  5.60000000e-01  1.23971603e+00  8.99858013e-01  7.82903494e-01  7.82860082e-05  1.52920836e-01  9.07172338e-05  1.64336002e-01	6b90c7326a881914a362e3b2e6e96e4716b20c8b8196590f22c2ce5e1ab460ab
 5.70000000e-01  1.23000000e+00  5.70000000e-01  1.22972454e+00  8.99862270e-01  7.83179406e-01  7.84426764e-05  1.53087135e-01  9.07729759e-05  1.64339098e-01	6b90c7326a881914a362e3b2e6e96e4716b20c8b8196590f22c2ce5e1ab460ab
 5.80000000e-01  1.22000000e+00  5.80000000e-01  1.21973303e+00  8.99866514e-01  7.83454487e-01  7.85984722e-05  1.53252893e-01  9.08278468e-05  1.64342194e-01	6b90c7326a881914a362e3b2e6e96e4716b20c8b8196590f22c2ce5e1ab460ab
 5.90000000e-01  1.21000000e+00  5.90000000e-01  1.20974149e+00  8.99870745e-01  7.83728795e-01  7.87534319e-05  1.53418145e-01  9.08818829e-05  1.64345290e-01	6b90c7326a881914a362e3b2e6e96e4716b20c8b8196590f22c2ce5e1ab460ab
 6.00000000e-01  1.20000000e+00  6.00000000e-01  1.19974993e+00  8.99874965e-01  7.84002381e-01  7.89075894e-05  1.53582924e-01  9.09351176e-05  1.64348386e-01	6b90c7326a881914a362e3b2e6e96e4716b20c8b8196590f22c2ce5e1ab460ab
 6.10000000e-01  1.19000000e+00  6.10000000e-01  1.18975835e+00  8.99879174e-01  7.84275297e-01  7.90609761e-05  1.53747263e-01  9.09875824e-05  1.64351482e-01	6b90c7326a881914a362e3b2e6e96e4716b20c8b8196590f22c2ce5e1ab460ab
 6.20000000e-01  1.18000000e+00  6.20000000e-01  1.17976674e+00  8.99883372e-01  7.84547591e-01  7.92136216e-05  1.53911192e-01  9.10393067e-05  1.64354578e-01	6b90c7326a881914a362e3b2e6e96e4716b20c8b8196590f22c2ce5e1ab460ab
 6.30000000e-01  1.17000000e+00  6.30000000e-01  1.16977512e+00  8.99887561e-01  7.84819309e-01  7.93655534e-05  1.54074741e-01  9.10903179e-05  1.64357674e-01	6b90c7326a881914a362e3b2e6e96e4716b20c8b8196590f22c2ce5e1ab460ab
 6.40000000e-01  1.16000000e+00  6.40000000e-01  1.15978348e+00  8.99891742e-01  7.85090495e-01  7.95167974e-05  1.54237937e-01  9.11406419e-05  1.64360770e-01	6b90c7326a881914a362e3b2e6e96e4716b20c8b8196590f22c2ce5e1ab460ab
 6.50000000e-01  1.15000000e+00  6.50000000e-01  1.14979183e+00  8.99895914e-01  7.85361190e-01  7.96673780e-05  1.54400807e-01  9.11903029e-05  1.64363866e-01	6b90c7326a881914a362e3b2e6e96e4716b20c8b8196590f22c2ce5e1ab460ab
 6.60000000e-01  1.14000000e+00  6.60000000e-01  1.13980016e+00  8.99900079e-01  7.85631436e-01  7.98173180e-05  1.54563377e-01  9.12393238e-05  1.64366962e-01	6b90c7326a881914a362e3b2e6e96e4716b20c8b8196590f22c2ce5e1ab460ab
 6.70000000e-01  1.13000000e+00  6.70000000e-01  1.12980847e+00  8.99904237e-01  7.85901273e-01  7.99666392e-05  1.54725672e-01  9.12877262e-05  1.64370059e-01	6b90c7326a881914a362e3b2e6e96e4716b20c8b8196590f22c2ce5e1ab460ab
 6.80000000e-01  1.12000000e+00  6.80000000e-01  1.11981678e+00  8.99908389e-01  7.86170737e-01  8.01153620e-05  1.54887715e-01  9.13355304e-05  1.64373155e-01	6b90c7326a881914a362e3b2e6e96e4716b20c8b8196590f22c2ce5e1ab460ab
 6.90000000e-01  1.11000000e+00  6.90000000e-01  1.10982507e+00  8.99912535e-01  7.86439867e-01  8.02635057e-05  1.55049531e-01  9.13827557e-05  1.64376251e-01	6b90c7326a881914a362e3b2e6e96e4716b20c8b8196590f22c2ce5e1ab460ab
 7.00000000e-01  1.10000000e+00  7.00000000e-01  1.09983335e+00  8.99916677e-01  7.86708698e-01  8.04110886e-05  1.55211141e-01  9.14294204e-05  1.64379347e-01	6b90c7326a881914a362e3b2e6e96e4716b20c8b8196590f22c2ce5e1ab460ab
 7.10000000e-01  1.09000000e+00  7.10000000e-01  1.08984160e+00  8.99920802e-01  7.86977266e-01  8.05581284e-05  1.55372569e-01  9.14755419e-05  1.64382444e-01	6b90c7326a881914a362e3b2e6e96e4716b20c8b8196590f22c2ce5e1ab460ab
 7.20000000e-01  1.08000000e+00  7.20000000e-01  1.07984989e+00  8.99924945e-01  7.87245604e-01  8.07046407e-05  1.55533836e-01  9.15211365e-05  1.64385540e-01	6b90c7326a881914a362e3b2e6e96e4716b20c8b8196590f22c2ce5e1ab460ab
 7.30000000e-01  1.07000000e+00  7.30000000e-01  1.06985815e+00  8.99929074e-01  7.87513747e-01  8.08506421e-05  1.55694962e-01  9.15662200e-05  1.64388636e-01	6b90c7326a881914a362e3b2e6e96e4716b20c8b8196590f22c2ce5e1ab460ab
 7.40000000e-01  1.06000000e+00  7.40000000e-01  1.05986634e+00  8.99933171e-01  7.87781729e-01  8.09961480e-05  1.55855971e-01  9.16108077e-05  1.64391733e-01	6b90c7326a881914a362e3b2e6e96e4716b20c8b8196590f22c2ce5e1ab460ab
 7.50000000e-01  1.05000000e+00  7.50000000e-01  1.04987465e+00  8.99937324e-01  7.88049579e-01  8.11411703e-05  1.56016880e-01  9.16549128e-05  1.64394829e-01	6b90c7326a881914a362e3b2e6e96e4716b20c8b8196590f22c2ce5e1ab460ab
 7.60000000e-01  1.04000000e+00  7.60000000e-01  1.03988289e+00  8.99941446e-01  7.88317333e-01  8.12857249e-05  1.56177712e-01  9.16985499e-05  1.64397925e-01	6b90c7326a881914a362e3b2e6e96e4716b20c8b8196590f22c2ce5e1ab460ab
 7.70000000e-01  1.03000000e+00  7.70000000e-01  1.02989113e+00  8.99945566e-01  7.88585022e-01  8.14298241e-05  1.56338486e-01  9.17417315e-05  1.64401022e-01	6b90c7326a881914a362e3b2e6e96e4716b20c8b8196590f22c2ce5e1ab460ab
 7.80000000e-01  1.02000000e+00  7.80000000e-01  1.01989937e+00  8.99949685e-01  7.88852678e-01  8.15734802e-05  1.56499223e-01  9.17844701e-05  1.64404118e-01	6b90c7326a881914a362e3b2e6e96e4716b20c8b8196590f22c2ce5e1ab460ab
 7.90000000e-01  1.01000000e+00  7.90000000e-01  1.00990761e+00  8.99953803e-01  7.89120333e-01  8.17167052e-05  1.56659942e-01  9.18267776e-05  1.64407215e-01	6b90c7326a881914a362e3b2e6e96e4716b20c8b8196590f22c2ce5e1ab460ab
 8.00000000e-01  1.00000000e+00  8.00000000e-01  9.99915843e-01  8.99957922e-01  7.89388017e-01  8.18595103e-05  1.56820663e-01  9.18686653e-05  1.64410311e-01	6b90c7326a881914a362e3b2e6e96e4716b20c8b8196590f22c2ce5e1ab460ab
 8.10000000e-01  9.90000000e-01  8.10000000e-01  9.89924081e-01  8.99962040e-01  7.89655764e-01  8.20019064e-05  1.56981407e-01  9.19101440e-05  1.64413408e-01	6b90c7326a881914a362e3b2e6e96e4716b20c8b8196590f22c2ce5e1ab460ab
 8.20000000e-01  9.80000000e-01  8.20000000e-01  9.79932321e-01  8.99966160e-01  7.89923603e-01  8.21439040e-05  1.57142192e-01  9.19512243e-05  1.64416504e-01	6b90c7326a881914a362e3b2e6e96e4716b20c8b8196590f22c2ce5e1ab460ab
 8.30000000e-01  9.70000000e-01  8.30000000e-01  9.69940558e-01  8.99970279e-01  7.90191568e-01  8.22855132e-05  1.57303039e-01  9.19919162e-05  1.64419601e-01	6b90c7326a881914a362e3b2e6e96e4716b20c8b8196590f22c2ce5e1ab460ab
 8.40000000e-01  9.60000000e-01  8.40000000e-01  9.59948810e-01  8.99974405e-01  7.90459688e-01  8.24267434e-05  1.57463968e-01  9.20322292e-05  1.64422697e-01	6b90c7326a881914a362e3b2e6e96e4716b20c8b8196590f22c2ce5e1ab460ab
 8.50000000e-01  9.50000000e-01  8.50000000e-01  9.49957061e-01  8.99978530e-01  7.90727998e-01  8.25676040e-05  1.57624999e-01  9.20721727e-05  1.64425794e-01	6b90c7326a881914a362e3b2e6e96e4716b20c8b8196590f22c2ce5e1ab460ab
 8.60000000e-01  9.40000000e-01  8.60000000e-01  9.39965318e-01  8.99982659e-01  7.90996530e-01  8.27081039e-05  1.57786152e-01  9.21117555e-05  1.64428890e-01	6b90c7326a881914a362e3b2e6e96e4716b20c8b8196590f22c2ce5e1ab460ab
 8.70000000e-01  9.30000000e-01  8.70000000e-01  9.29973582e-01  8.99986791e-01  7.91265315e-01  8.28482516e-05  1.57947448e-01  9.21509862e-05  1.64431987e-01	6b90c7326a881914a362e3b2e6e96e4716b20c8b8196590f22c2ce5e1ab460ab
 8.80000000e-01  9.20000000e-01  8.80000000e-01  9.19981853e-01  8.99990927e-01  7.91534387e-01  8.29880554e-05  1.58108908e-01  9.21898731e-05  1.64435083e-01	6b90c7326a881914a362e3b2e6e96e4716b20c8b8196590f22c2ce5e1ab460ab
 8.90000000e-01  9.10000000e-01  8.90000000e-01  9.09990134e-01  8.99995067e-01  7.91803781e-01  8.31275232e-05  1.58270552e-01  9.22284241e-05  1.64438180e-01	6b90c7326a881914a362e3b2e6e96e4716b20c8b8196590f22c2ce5e1ab460ab
 9.00000000e-01  9.00000000e-01  9.00000000e-01  8.99998424e-01  8.99999212e-01  7.92073530e-01  8.32666626e-05  1.58432404e-01  9.22666468e-05  1.64441277e-01	6b90c7326a881914a362e3b2e6e96e4716b20c8b8196590f22c2ce5e1ab460ab
 9.10000000e-01  8.90000000e-01  9.10000000e-01  8.90006726e-01  9.00003363e-01  7.92343669e-01  8.34054811e-05  1.58594483e-01  9.23045487e-05  1.64444373e-01	6b90c7326a881914a362e3b2e6e96e4716b20c8b8196590f22c2ce5e1ab460ab
 9.20000000e-01  8.80000000e-01  9.20000000e-01  8.80015040e-01  9.00007520e-01  7.92614234e-01  8.35439858e-05  1.58756813e-01  9.23421369e-05  1.64447470e-01	6b90c7326a881914a362e3b2e6e96e4716b20c8b8196590f22c2ce5e1ab460ab
 9.30000000e-01  8.70000000e-01  9.30000000e-01  8.70023366e-01  9.00011683e-01  7.92885262e-01  8.36821835e-05  1.58919417e-01  9.23794182e-05  1.64450567e-01	6b90c7326a881914a362e3b2e6e96e4716b20c8b8196590f22c2ce5e1ab460ab
 9.40000000e-01  8.60000000e-01  9.40000000e-01  8.60031708e-01  9.00015854e-01  7.93156789e-01  8.38200809e-05  1.59082318e-01  9.24163994e-05  1.64453664e-01	6b90c7326a881914a362e3b2e6e96e4716b20c8b8196590f22c2ce5e1ab460ab
 9.50000000e-01  8.50000000e-01  9.50000000e-01  8.50040064e-01  9.00020032e-01  7.93428855e-01  8.39576844e-05  1.59245540e-01  9.24530869e-05  1.64456760e-01	6b90c7326a881914a362e3b2e6e96e4716b20c8b8196590f22c2ce5e1ab460ab
 9.60000000e-01  8.40000000e-01  9.60000000e-01  8.40048438e-01  9.00024219e-01  7.93701498e-01  8.40950002e-05  1.59409107e-01  9.24894869e-05  1.64459857e-01	6b90c7326a881914a362e3b2e6e96e4716b20c8b8196590f22c2ce5e1ab460ab
 9.70000000e-01  8.30000000e-01  9.70000000e-01  8.30056829e-01  9.00028415e-01  7.93974760e-01  8.42320343e-05  1.59573046e-01  9.25256053e-05  1.64462954e-01	6b90c7326a881914a362e3b2e6e96e4716b20c8b8196590f22c2ce5e1ab460ab
 9.80000000e-01  8.20000000e-01  9.80000000e-01  8.20065240e-01  9.00032620e-01  7.94248682e-01  8.43687926e-05  1.59737382e-01  9.25614481e-05  1.64466051e-01	6b90c7326a881914a362e3b2e6e96e4716b20c8b8196590f22c2ce5e1ab460ab
 9.90000000e-01  8.10000000e-01  9.90000000e-01  8.10073671e-01  9.00036836e-01  7.94523308e-01  8.45052807e-05  1.59902142e-01  9.25970209e-05  1.64469147e-01	6b90c7326a881914a362e3b2e6e96e4716b20c8b8196590f22c2ce5e1ab460ab
 1.00000000e+00  8.00000000e-01  1.00000000e+00  8.00082125e-01  9.00041062e-01  7.94798682e-01  8.46415039e-05  1.60067355e-01  9.26323291e-05  1.64472244e-01	6b90c7326a881914a362e3b2e6e96e4716b20c8b8196590f22c2ce5e1ab460ab
 1.01000000e+00  7.90000000e-01  1.01000000e+00  7.90090601e-01  9.00045301e-01  7.95074850e-01  8.47774677e-05  1.60233049e-01  9.26673780e-05  1.64475341e-01	6b90c7326a881914a362e3b2e6e96e4716b20c8b8196590f22c2ce5e1ab460ab
 1.02000000e+00  7.80000000e-01  1.02000000e+00  7.80099103e-01  9.00049551e-01  7.95351862e-01  8.49131770e-05  1.60399255e-01  9.27021727e-05  1.64478438e-01	6b90c7326a881914a362e3b2e6e96e4716b20c8b8196590f22c2ce5e1ab460ab
 1.03000000e+00  7.70000000e-01  1.03000000e+00  7.70107631e-01  9.00053815e-01  7.95629766e-01  8.50486369e-05  1.60566004e-01  9.27367183e-05  1.64481535e-01	6b90c7326a881914a362e3b2e6e96e4716b20c8b8196590f22c2ce5e1ab460ab
 1.04000000e+00  7.60000000e-01  1.04000000e+00  7.60116186e-01  9.00058093e-01  7.95908614e-01  8.51838522e-05  1.60733328e-01  9.27710196e-05  1.64484632e-01	6b90c7326a881914a362e3b2e6e96e4716b20c8b8196590f22c2ce5e1ab460ab
 1.05000000e+00  7.50000000e-01  1.05000000e+00  7.50124772e-01  9.00062386e-01  7.96188462e-01  8.53188275e-05  1.60901261e-01  9.28050812e-05  1.64487728e-01	6b90c7326a881914a362e3b2e6e96e4716b20c8b8196590f22c2ce5e1ab460ab
 1.06000000e+00  7.40000000e-01  1.06000000e+00  7.40133389e-01  9.00066694e-01  7.96469366e-01  8.54535674e-05  1.61069839e-01  9.28389076e-05  1.64490825e-01	6b90c7326a881914a362e3b2e6e96e4716b20c8b8196590f22c2ce5e1ab460ab
 1.07000000e+00  7.30000000e-01  1.07000000e+00  7.30142039e-01  9.00071019e-01  7.96751385e-01  8.55880763e-05  1.61239099e-01  9.28725034e-05  1.64493922e-01	6b90c7326a881914a362e3b2e6e96e4716b20c8b8196590f22c2ce5e1ab460ab
 1.08000000e+00  7.20000000e-01  1.08000000e+00  7.20150724e-01  9.00075362e-01  7.97034581e-01  8.57223583e-05  1.61409079e-01  9.29058728e-05  1.64497019e-01	6b90c7326a881914a362e3b2e6e96e4716b20c8b8196590f22c2ce5e1ab460ab
 1.09000000e+00  7.10000000e-01  1.09000000e+00  7.10159446e-01  9.00079723e-01  7.97319019e-01  8.58564178e-05  1.61579820e-01  9.29390199e-05  1.64500116e-01	6b90c7326a881914a362e3b2e6e96e4716b20c8b8196590f22c2ce5e1ab460ab
 1.10000000e+00  7.00000000e-01  1.10000000e+00  7.00168207e-01  9.00084103e-01  7.97604768e-01  8.59902587e-05  1.61751366e-01  9.29719488e-05  1.64503213e-01	6b90c7326a881914a362e3b2e6e96e4716b20c8b8196590f22c2ce5e1ab460ab
 1.11000000e+00  6.90000000e-01  1.11000000e+00  6.90177009e-01  9.00088505e-01  7.97891899e-01  8.61238849e-05  1.61923760e-01  9.30046634e-05  1.64506310e-01	6b90c7326a881914a362e3b2e6e96e4716b20c8b8196590f22c2ce5e1ab460ab
 1.12000000e+00  6.80000000e-01  1.12000000e+00  6.80185855e-01  9.00092928e-01  7.98180489e-01  8.62573002e-05  1.62097051e-01  9.30371676e-05  1.64509407e-01	6b90c7326a881914a362e3b2e6e96e4716b20c8b8196590f22c2ce5e1ab460ab
 1.13000000e+00  6.70000000e-01  1.13000000e+00  6.70194747e-01  9.00097374e-01  7.98470618e-01  8.63905084e-05  1.62271288e-01  9.30694651e-05  1.64512504e-01	6b90c7326a881914a362e3b2e6e96e4716b20c8b8196590f22c2ce5e1ab460ab
 1.14000000e+00  6.60000000e-01  1.14000000e+00  6.60203688e-01  9.00101844e-01  7.98762370e-01  8.65235129e-05  1.62446525e-01  9.31015595e-05  1.64515601e-01	6b90c7326a881914a362e3b2e6e96e4716b20c8b8196590f22c2ce5e1ab460ab
 1.15000000e+00  6.50000000e-01  1.15000000e+00  6.50212680e-01  9.00106340e-01  7.99055835e-01  8.66563175e-05  1.62622816e-01  9.31334543e-05  1.64518698e-01	6b90c7326a881914a362e3b2e6e96e4716b20c8b8196590f22c2ce5e1ab460ab
 1.16000000e+00  6.40000000e-01  1.16000000e+00  6.40221727e-01  9.00110863e-01  7.99351107e-01  8.67889253e-05  1.62800223e-01  9.31651531e-05  1.64521795e-01	6b90c7326a881914a362e3b2e6e96e4716b20c8b8196590f22c2ce5e1ab460ab
 1.17000000e+00  6.30000000e-01  1.17000000e+00  6.30230468e-01  9.00115234e-01  7.99648298e-01  8.69213438e-05  1.62978812e-01  9.31966601e-05  1.64524892e-01	6b90c7326a881914a362e3b2e6e96e4716b20c8b8196590f22c2ce5e1ab460ab
 1.18000000e+00  6.20000000e-01  1.18000000e+00  6.20239690e-01  9.00119845e-01  7.99947494e-01  8.70535675e-05  1.63158640e-01  9.32279763e-05  1.64527989e-01	6b90c7326a881914a362e3b2e6e96e4716b20c8b8196590f22c2ce5e1ab460ab
 1.19000000e+00  6.10000000e-01  1.19000000e+00  6.10249223e-01  9.00124612e-01  8.00248815e-01  8.71856015e-05  1.63339780e-01  9.32591054e-05  1.64531085e-01	6b90c7326a881914a362e3b2e6e96e4716b20c8b8196590f22c2ce5e1ab460ab
 1.20000000e+00  6.00000000e-01  1.20000000e+00  6.00258519e-01  9.00129260e-01  8.00552397e-01  8.73174549e-05  1.63522317e-01  9.32900522e-05  1.64534182e-01	6b90c7326a881914a362e3b2e6e96e4716b20c8b8196590f22c2ce5e1ab460ab
 1.21000000e+00  5.90000000e-01  1.21000000e+00  5.90267887e-01  9.00133944e-01  8.00858363e-01  8.74491273e-05  1.63706329e-01  9.33208188e-05  1.64537279e-01	6b90c7326a881914a362e3b2e6e96e4716b20c8b8196590f22c2ce5e1ab460ab
 1.22000000e+00  5.80000000e-01  1.22000000e+00  5.80277332e-01  9.00138666e-01  8.01166854e-01  8.75806217e-05  1.63891904e-01  9.33514080e-05  1.64540376e-01	6b90c7326a881914a362e3b2e6e96e4716b20c8b8196590f22c2ce5e1ab460ab
 1.23000000e+00  5.70000000e-01  1.23000000e+00  5.70286801e-01  9.00143400e-01  8.01478022e-01  8.77119414e-05  1.64079135e-01  9.33818229e-05  1.64543473e-01	6b90c7326a881914a362e3b2e6e96e4716b20c8b8196590f22c2ce5e1ab460ab
 1.24000000e+00  5.60000000e-01  1.24000000e+00  5.60296467e-01  9.00148233e-01  8.01792024e-01  8.78430875e-05  1.64268122e-01  9.34120658e-05  1.64546570e-01	6b90c7326a881914a362e3b2e6e96e4716b20c8b8196590f22c2ce5e1ab460ab
 1.25000000e+00  5.50000000e-01  1.25000000e+00  5.50306168e-01  9.00153084e-01  8.02109042e-01  8.79740643e-05  1.64458977e-01  9.34421400e-05  1.64549667e-01	6b90c7326a881914a362e3b2e6e96e4716b20c8b8196590f22c2ce5e1ab460ab
 1.26000000e+00  5.40000000e-01  1.26000000e+00  5.40315966e-01  9.00157983e-01  8.02429261e-01  8.81048738e-05  1.64651817e-01  9.34720479e-05  1.64552764e-01	6b90c7326a881914a362e3b2e6e96e4716b20c8b8196590f22c2ce5e1ab460ab
 1.27000000e+00  5.30000000e-01  1.27000000e+00  5.30325867e-01  9.00162934e-01  8.02752889e-01  8.82355187e-05  1.64846771e-01  9.35017921e-05  1.64555861e-01	6b90c7326a881914a362e3b2e6e96e4716b20c8b8196590f22c2ce5e1ab460ab
 1.28000000e+00  5.20000000e-01  1.28000000e+00  5.20335878e-01  9.00167939e-01  8.03080147e-01  8.83660014e-05  1.65043977e-01  9.35313751e-05  1.64558958e-01	6b90c7326a881914a362e3b2e6e96e4716b20c8b8196590f22c2ce5e1ab460ab
 1.29000000e+00  5.10000000e-01  1.29000000e+00  5.10346005e-01  9.00173003e-01  8.03411278e-01  8.84963242e-05  1.65243587e-01  9.35607994e-05  1.64562055e-01	6b90c7326a881914a362e3b2e6e96e4716b20c8b8196590f22c2ce5e1ab460ab
 1.30000000e+00  5.00000000e-01  1.30000000e+00  5.00356258e-01  9.00178129e-01  8.03746548e-01  8.86264895e-05  1.65445766e-01  9.35900675e-05  1.64565152e-01	6b90c7326a881914a362e3b2e6e96e4716b20c8b8196590f22c2ce5e1ab460ab
 1.31000000e+00  4.90000000e-01  1.31000000e+00  4.90366645e-01  9.00183323e-01  8.04086247e-01  8.87564996e-05  1.65650696e-01  9.36191816e-05  1.64568249e-01	6b90c7326a881914a362e3b2e6e96e4716b20c8b8196590f22c2ce5e1ab460ab
 1.32000000e+00  4.80000000e-01  1.32000000e+00  4.80377176e-01  9.00188588e-01  8.04430694e-01  8.88863567e-05  1.65858575e-01  9.36481441e-05  1.64571345e-01	6b90c7326a881914a362e3b2e6e96e4716b20c8b8196590f22c2ce5e1ab460ab
 1.33000000e+00  4.70000000e-01  1.33000000e+00  4.70387861e-01  9.00193930e-01  8.04780239e-01  8.90160629e-05  1.66069622e-01  9.36769572e-05  1.64574442e-01	6b90c7326a881914a362e3b2e6e96e4716b20c8b8196590f22c2ce5e1ab460ab
 1.34000000e+00  4.60000000e-01  1.34000000e+00  4.60398712e-01  9.00199356e-01  8.05135272e-01  8.91456204e-05  1.66284081e-01  9.37056231e-05  1.64577539e-01	6b90c7326a881914a362e3b2e6e96e4716b20c8b8196590f22c2ce5e1ab460ab
 1.35000000e+00  4.50000000e-01  1.35000000e+00  4.50409742e-01  9.00204871e-01  8.05496222e-01  8.92750310e-05  1.66502218e-01  9.37341439e-05  1.64580636e-01	6b90c7326a881914a362e3b2e6e96e4716b20c8b8196590f22c2ce5e1ab460ab
 1.36000000e+00  4.40000000e-01  1.36000000e+00  4.40420966e-01  9.00210483e-01  8.05863568e-01  8.94042969e-05  1.66724333e-01  9.37625217e-05  1.64583732e-01	6b90c7326a881914a362e3b2e6e96e4716b20c8b8196590f22c2ce5e1ab460ab
 1.37000000e+00  4.30000000e-01  1.37000000e+00  4.30432400e-01  9.00216200e-01  8.06237846e-01  8.95334198e-05  1.66950760e-01  9.37907585e-05  1.64586829e-01	6b90c7326a881914a362e3b2e6e96e4716b20c8b8196590f22c2ce5e1ab460ab
 1.38000000e+00  4.20000000e-01  1.38000000e+00  4.20444063e-01  9.00222031e-01  8.06619656e-01  8.96624016e-05  1.67181872e-01  9.38188563e-05  1.64589926e-01	6b90c7326a881914a362e3b2e6e96e4716b20c8b8196590f22c2ce5e1ab460ab
 1.39000000e+00  4.10000000e-01  1.39000000e+00  4.10455974e-01  9.00227987e-01  8.07009675e-01  8.97912441e-05  1.67418093e-01  9.38468171e-05  1.64593022e-01	6b90c7326a881914a362e3b2e6e96e4716b20c8b8196590f22c2ce5e1ab460ab
 1.40000000e+00  4.00000000e-01  1.40000000e+00  4.00468157e-01  9.00234079e-01  8.07408669e-01  8.99199488e-05  1.67659899e-01  9.38746428e-05  1.64596119e-01	6b90c7326a881914a362e3b2e6e96e4716b20c8b8196590f22c2ce5e1ab460ab
 1.41000000e+00  3.90000000e-01  1.41000000e+00  3.90480639e-01  9.00240320e-01  8.07817509e-01  9.00485175e-05  1.67907833e-01  9.39023350e-05  1.64599215e-01	6b90c7326a881914a362e3b2e6e96e4716b20c8b8196590f22c2ce5e1ab460ab
 1.42000000e+00  3.80000000e-01  1.42000000e+00  3.80493450e-01  9.00246725e-01  8.08237194e-01  9.01769517e-05  1.68162518e-01  9.39298958e-05  1.64602311e-01	6b90c7326a881914a362e3b2e6e96e4716b20c8b8196590f22c2ce5e1ab460ab
 1.43000000e+00  3.70000000e-01  1.43000000e+00  3.70506625e-01  9.00253313e-01  8.08668869e-01  9.03052527e-05  1.68424667e-01  9.39573267e-05  1.64605408e-01	6b90c7326a881914a362e3b2e6e96e4716b20c8b8196590f22c2ce5e1ab460ab
 1.44000000e+00  3.60000000e-01  1.44000000e+00  3.60520204e-01  9.00260102e-01  8.09113863e-01  9.04334219e-05  1.68695109e-01  9.39846295e-05  1.64608504e-01	6b90c7326a881914a362e3b2e6e96e4716b20c8b8196590f22c2ce5e1ab460ab
 1.45000000e+00  3.50000000e-01  1.45000000e+00  3.50534234e-01  9.00267117e-01  8.09573724e-01  9.05614605e-05  1.68974806e-01  9.40118058e-05  1.64611600e-01	6b90c7326a881914a362e3b2e6e96e4716b20c8b8196590f22c2ce5e1ab460ab
 1.46000000e+00  3.40000000e-01  1.46000000e+00  3.40548770e-01  9.00274385e-01  8.10050268e-01  9.06893697e-05  1.69264891e-01  9.40388571e-05  1.64614696e-01	6b90c7326a881914a362e3b2e6e96e4716b20c8b8196590f22c2ce5e1ab460ab
 1.47000000e+00  3.30000000e-01  1.47000000e+00  3.30563877e-01  9.00281939e-01  8.10545644e-01  9.08171502e-05  1.69566700e-01  9.40657851e-05  1.64617791e-01	6b90c7326a881914a362e3b2e6e96e4716b20c8b8196590f22c2ce5e1ab460ab
 1.48000000e+00  3.20000000e-01  1.48000000e+00  3.20579615e-01  9.00289808e-01  8.11062415e-01  9.09448027e-05  1.69881828e-01  9.40925911e-05  1.64620887e-01	6b90c7326a881914a362e3b2e6e96e4716b20c8b8196590f22c2ce5e1ab460ab
 1.49000000e+00  3.10000000e-01  1.49000000e+00  3.10596136e-01  9.00298068e-01  8.11603663e-01  9.10723282e-05  1.70212193e-01  9.41192764e-05  1.64623982e-01	6b90c7326a881914a362e3b2e6e96e4716b20c8b8196590f22c2ce5e1ab460ab
 1.50000000e+00  3.00000000e-01  1.50000000e+00  3.00613490e-01  9.00306745e-01  8.12173136e-01  9.11997265e-05  1.70560125e-01  9.41458425e-05  1.64627077e-01	6b90c7326a881914a362e3b2e6e96e4716b20c8b8196590f22c2ce5e1ab460ab
 1.51000000e+00  2.90000000e-01  1.51000000e+00  2.90631843e-01  9.00315921e-01  8.12775429e-01  9.13269976e-05  1.70928481e-01  9.41722905e-05  1.64630172e-01	6b90c7326a881914a362e3b2e6e96e4716b20c8b8196590f22c2ce5e1ab460ab
 1.52000000e+00  2.80000000e-01  1.52000000e+00  2.80651364e-01  9.00325682e-01  8.13416247e-01  9.14541410e-05  1.71320806e-01  9.41986215e-05  1.64633267e-01	6b90c7326a881914a362e3b2e6e96e4716b20c8b8196590f22c2ce5e1ab460ab
 1.53000000e+00  2.70000000e-01  1.53000000e+00  2.70672271e-01  9.00336136e-01  8.14102748e-01  9.15811555e-05  1.71741542e-01  9.42248365e-05  1.64636361e-01	6b90c7326a881914a362e3b2e6e96e4716b20c8b8196590f22c2ce5e1ab460ab
 1.54000000e+00  2.60000000e-01  1.54000000e+00  2.60694841e-01  9.00347420e-01  8.14844020e-01  9.17080394e-05  1.72196331e-01  9.42509362e-05  1.64639454e-01	6b90c7326a881914a362e3b2e6e96e4716b20c8b8196590f22c2ce5e1ab460ab
 1.55000000e+00  2.50000000e-01  1.55000000e+00  2.50719426e-01  9.00359713e-01  8.15651742e-01  9.18347898e-05  1.72692412e-01  9.42769211e-05  1.64642547e-01	6b90c7326a881914a362e3b2e6e96e4716b20c8b8196590f22c2ce5e1ab460ab
 1.56000000e+00  2.40000000e-01  1.56000000e+00  2.40746487e-01  9.00373243e-01  8.16541099e-01  9.19614024e-05  1.73239190e-01  9.43027917e-05  1.64645639e-01	6b90c7326a881914a362e3b2e6e96e4716b20c8b8196590f22c2ce5e1ab460ab
 1.57000000e+00  2.30000000e-01  1.57000000e+00  2.30776627e-01  9.00388314e-01  8.17532045e-01  9.20878712e-05  1.73849010e-01  9.43285476e-05  1.64648731e-01	6b90c7326a881914a362e3b2e6e96e4716b20c8b8196590f22c2ce5e1ab460ab
 1.58000000e+00  2.20000000e-01  1.58000000e+00  2.20810649e-01  9.00405325e-01  8.18651039e-01  9.22141879e-05  1.74538215e-01  9.43541884e-05  1.64651821e-01	6b90c7326a881914a362e3b2e6e96e4716b20c8b8196590f22c2ce5e1ab460ab
 1.59000000e+00  2.10000000e-01  1.59000000e+00  2.10849619e-01  9.00424809e-01  8.19933366e-01  9.23403406e-05  1.75328558e-01  9.43797127e-05  1.64654910e-01	6b90c7326a881914a362e3b2e6e96e4716b20c8b8196590f22c2ce5e1ab460ab
 1.60000000e+00  2.00000000e-01  1.60000000e+00  2.00894960e-01  9.00447480e-01  8.21426146e-01  9.24663133e-05  1.76249011e-01  9.44051184e-05  1.64657996e-01	6b90c7326a881914a362e3b2e6e96e4716b20c8b8196590f22c2ce5e1ab460ab
 1.61000000e+00  1.90000000e-01  1.61000000e+00  1.90948563e-01  9.00474281e-01  8.23191993e-01  9.25920829e-05  1.77337942e-01  9.44304021e-05  1.64661080e-01	6b90c7326a881914a362e3b2e6e96e4716b20c8b8196590f22c2ce5e1ab460ab
 1.62000000e+00  1.80000000e-01  1.62000000e+00  1.81012904e-01  9.00506452e-01  8.25313161e-01  9.27176213e-05  1.78645518e-01  9.44555590e-05  1.64664161e-01	6b90c7326a881914a362e3b2e6e96e4716b20c8b8196590f22c2ce5e1ab460ab
 1.63000000e+00  1.70000000e-01  1.63000000e+00  1.71091175e-01  9.00545587e-01  8.27895770e-01  9.28428893e-05  1.80236033e-01  9.44805826e-05  1.64667238e-01	6b90c7326a881914a362e3b2e6e96e4716b20c8b8196590f22c2ce5e1ab460ab
 1.64000000e+00  1.60000000e-01  1.64000000e+00  1.61187391e-01  9.00593696e-01  8.31073870e-01  9.29678388e-05  1.82189958e-01  9.45054645e-05  1.64670309e-01	6b90c7326a881914a362e3b2e6e96e4716b20c8b8196590f22c2ce5e1ab460ab
 1.65000000e+00  1.50000000e-01  1.65000000e+00  1.51306514e-01  9.00653257e-01  8.35013616e-01  9.30924103e-05  1.84605749e-01  9.45301939e-05  1.64673373e-01	6b90c7326a881914a362e3b2e6e96e4716b20c8b8196590f22c2ce5e1ab460ab
 1.66000000e+00  1.40000000e-01  1.66000000e+00  1.41454602e-01  9.00727301e-01  8.39918881e-01  9.32165272e-05  1.87602085e-01  9.45547576e-05  1.64676428e-01	6b90c7326a881914a362e3b2e6e96e4716b20c8b8196590f22c2ce5e1ab460ab
 1.67000000e+00  1.30000000e-01  1.67000000e+00  1.31639055e-01  9.00819527e-01  8.46040661e-01  9.33401007e-05  1.91321677e-01  9.45791391e-05  1.64679472e-01	6b90c7326a881914a362e3b2e6e96e4716b20c8b8196590f22c2ce5e1ab460ab
 1.68000000e+00  1.20000000e-01  1.68000000e+00  1.21869122e-01  9.00934561e-01  8.53693056e-01  9.34630185e-05  1.95937860e-01  9.46033176e-05  1.64682501e-01	6b90c7326a881914a362e3b2e6e96e4716b20c8b8196590f22c2ce5e1ab460ab
 1.69000000e+00  1.10000000e-01  1.69000000e+00  1.12156544e-01  9.01078272e-01  8.63279252e-01  9.35851089e-05  2.01665143e-01  9.46272665e-05  1.64685513e-01	6b90c7326a881914a362e3b2e6e96e4716b20c8b8196590f22c2ce5e1ab460ab
 1.70000000e+00  1.00000000e-01  1.70000000e+00  1.02516764e-01  9.01258382e-01  8.75332006e-01  9.37062494e-05  2.08774872e-01  9.46509506e-05  1.64688503e-01	6b90c7326a881914a362e3b2e6e96e4716b20c8b8196590f22c2ce5e1ab460ab
 1.71000000e+00  9.00000000e-02  1.71000000e+00  9.29706104e-02  9.01485305e-01  8.90574742e-01  9.38261364e-05  2.17616918e-01  9.46743216e-05  1.64691463e-01	6b90c7326a881914a362e3b2e6e96e4716b20c8b8196590f22c2ce5e1ab460ab
 1.72000000e+00  8.00000000e-02  1.72000000e+00  8.35469579e-02  9.01773479e-01  9.10015652e-01  9.39445462e-05  2.28649976e-01  9.46973128e-05  1.64694386e-01	6b90c7326a881914a362e3b2e6e96e4716b20c8b8196590f22c2ce5e1ab460ab
 1.73000000e+00  7.00000000e-02  1.73000000e+00  7.42866021e-02  9.02143301e-01  9.35088331e-01  9.40606090e-05  2.42480333e-01  9.47198289e-05  1.64697258e-01	6b90c7326a881914a362e3b2e6e96e4716b20c8b8196590f22c2ce5e1ab460ab
 1.74000000e+00  6.00000000e-02  1.74000000e+00  6.52485487e-02  9.02624274e-01  9.67866370e-01  9.41738928e-05  2.59911784e-01  9.47417321e-05  1.64700061e-01	6b90c7326a881914a362e3b2e6e96e4716b20c8b8196590f22c2ce5e1ab460ab
 1.75000000e+00  5.00000000e-02  1.75000000e+00  5.65185234e-02  9.03259262e-01  1.01136334e+00  9.42833068e-05  2.81994281e-01  9.47628215e-05  1.64702768e-01	6b90c7326a881914a362e3b2e6e96e4716b20c8b8196590f22c2ce5e1ab460ab
 1.76000000e+00  4.00000000e-02  1.76000000e+00  4.82212423e-02  9.04110621e-01  1.06990696e+00  9.43873038e-05  3.10046352e-01  9.47828049e-05  1.64705342e-01	6b90c7326a881914a362e3b2e6e96e4716b20c8b8196590f22c2ce5e1ab460ab
 1.77000000e+00  3.00000000e-02  1.77000000e+00  4.05341247e-02  9.05267062e-01  1.14942549e+00  9.44835757e-05  3.45577694e-01  9.48012665e-05  1.64707726e-01	6b90c7326a881914a362e3b2e6e96e4716b20c8b8196590f22c2ce5e1ab460ab
 1.78000000e+00  2.00000000e-02  1.78000000e+00  3.36959400e-02  9.06847970e-01  1.25704464e+00  9.45693007e-05  3.89964001e-01  9.48176474e-05  1.64709847e-01	6b90c7326a881914a362e3b2e6e96e4716b20c8b8196590f22c2ce5e1ab460ab
 1.79000000e+00  1.00000000e-02  1.79000000e+00  2.79935923e-02  9.08996796e-01  1.39823258e+00  9.46407854e-05  4.43592226e-01  9.48312775e-05  1.64711615e-01	6b90c7326a881914a362e3b2e6e96e4716b20c8b8196590f22c2ce5e1ab460ab
 1.80000000e+00 -1.33226763e-15  1.80000000e+00  2.37401312e-02  9.11870066e-01  1.56608662e+00  9.46942357e-05  5.03216294e-01  9.48414268e-05  1.64712935e-01	6b90c7326a881914a362e3b2e6e96e4716b20c8b8196590f22c2ce5e1ab460ab
