x,real,imag
1.0,-0.5,6.123222351525019e-17
1.019373485938873,-0.5,6.123222351525019e-17
1.039122303835169,-0.5,6.1232435273487e-17
1.059253725177289,-0.5,6.1232435273487e-17
1.07977516232771,-0.5000000000000002,6.1232435273487e-17
1.10069417125221,-0.5000000000000002,6.1232435273487e-17
1.122018454301964,-0.5,6.1232435273487e-17
1.143755863049539,-0.5,6.1232435273487e-17
1.165914401179832,-0.5,6.1232435273487e-17
1.188502227437019,-0.4999999999999998,6.1232435273487e-17
1.211527658628589,-0.5,6.1232435273487e-17
1.234999172687586,-0.5,6.1232435273487e-17
1.258925411794168,-0.5000000000000002,6.123232939436859e-17
1.283315185557652,-0.5,6.123222351525019e-17
1.308177474260195,-0.5,6.123232939436859e-17
1.333521432163325,-0.5000000000000002,6.123222351525019e-17
1.359356390878527,-0.5,6.1232435273487e-17
1.385691862803129,-0.5,6.123232939436859e-17
1.412537544622755,-0.5,6.1232435273487e-17
1.439903320881634,-0.4999999999999998,6.123232939436859e-17
1.467799267622071,-0.5000000000000002,6.12323823339278e-17
1.496235656094435,-0.5,6.123232939436859e-17
1.52522295653902,-0.5,6.123232939436859e-17
1.554771842041175,-0.4999999999999998,6.123235586414819e-17
1.584893192461115,-0.5,6.123232939436859e-17
1.615598098439875,-0.5,6.123234262925839e-17
1.64689786548287,-0.5000000000000002,6.123234262925839e-17
1.678804018122562,-0.5,6.123235586414819e-17
1.711328304161782,-0.5,6.123235586414819e-17
1.744482698999256,-0.5,6.123232939436859e-17
1.778279410038925,-0.5000000000000002,6.12323823339278e-17
1.812730881184701,-0.5000000000000002,6.12323823339278e-17
1.847849797422293,-0.5,6.123232939436859e-17
1.883649089489803,-0.4999999999999998,6.123232939436859e-17
1.920141938638804,-0.5,6.123232939436859e-17
1.957341781487663,-0.5,6.123232939436859e-17
1.995262314968882,-0.5,6.123232939436859e-17
2.033917501372295,-0.5000000000000002,6.1232435273487e-17
2.073321573485958,-0.5000000000000002,6.1232435273487e-17
2.113489039836649,-0.4999999999999998,6.123222351525019e-17
2.154434690031886,-0.5,6.1232435273487e-17
2.196173600205439,-0.5000000000000002,6.1232435273487e-17
2.238721138568343,-0.5000000000000002,6.1232435273487e-17
2.282092971067454,-0.5000000000000002,6.1232435273487e-17
2.326305067153629,-0.5000000000000002,6.1232435273487e-17
2.371373705661659,-0.5,6.123222351525019e-17
2.417315480804108,-0.5000000000000002,6.1232435273487e-17
2.464147308281285,-0.5000000000000002,6.1232435273487e-17
2.511886431509584,-0.5,6.123222351525019e-17
2.56055042797048,-0.5,6.123222351525019e-17
2.610157215682541,-0.4999999999999998,6.1232435273487e-17
2.660725059798814,-0.5000000000000002,6.1232435273487e-17
2.712272579332033,-0.5,6.123264703172381e-17
2.764818754010113,-0.5000000000000002,6.1232435273487e-17
2.818382931264459,-0.5,6.123201175701337e-17
2.87298483335367,-0.4999999999999998,6.123201175701337e-17
2.928644564625242,-0.4999999999999998,6.123201175701337e-17
2.985382618917966,-0.5,6.123201175701337e-17
3.043219887107728,-0.4999999999999998,6.123201175701337e-17
3.102177664799508,-0.5,6.1232435273487e-17
3.162277660168387,-0.5,6.1232435273487e-17
3.22354200195247,-0.5,6.1232435273487e-17
3.285993247600662,-0.5,6.123201175701337e-17
3.349654391578285,-0.5,6.1232435273487e-17
3.41454887383361,-0.5,6.1232435273487e-17
3.480700588428419,-0.5,6.1232435273487e-17
3.548133892335763,-0.5000000000000002,6.123285878996063e-17
3.616873614408168,-0.5,6.123201175701337e-17
3.686945064519584,-0.5,6.1232435273487e-17
3.758374042884451,-0.5,6.1232435273487e-17
3.831186849557297,-0.5,6.123201175701337e-17
3.90541029411639,-0.5000000000000002,6.1232435273487e-17
3.981071705534982,-0.5000000000000002,6.1232435273487e-17
4.058198942243808,-0.5,6.1232435273487e-17
4.136820402388517,-0.5,6.123285878996063e-17
4.216965034285833,-0.4999999999999998,6.123201175701337e-17
4.298662347082288,-0.5000000000000002,6.123285878996063e-17
4.381942421619448,-0.5,6.123201175701337e-17
4.466835921509642,-0.5,6.123116472406612e-17
4.553374104426261,-0.5000000000000002,6.123201175701337e-17
4.641588833612791,-0.5,6.123201175701337e-17
4.731512589614817,-0.5000000000000002,6.123201175701337e-17
4.823178482239319,-0.5,6.123201175701337e-17
4.916620262745656,-0.5000000000000002,6.123285878996063e-17
5.011872336272736,-0.5,6.123201175701337e-17
5.108969774506941,-0.5,6.123285878996063e-17
5.207948328595478,-0.5000000000000002,6.123285878996063e-17
5.308844442309899,-0.5,6.123285878996063e-17
5.411695265464652,-0.5,6.123201175701337e-17
5.516538667595595,-0.5000000000000002,6.123201175701337e-17
5.623413251903506,-0.5,6.123201175701337e-17
5.73235836946773,-0.4999999999999998,6.123201175701337e-17
5.843414133735193,-0.5,6.123285878996063e-17
5.956621435290122,-0.5000000000000002,6.123201175701337e-17
6.072021956909904,-0.5000000000000002,6.123201175701337e-17
6.189658188912625,-0.5,6.123201175701337e-17
6.309573444801952,-0.4999999999999998,6.123201175701337e-17
6.431811877215107,-0.5,6.123201175701337e-17
6.556418494179809,-0.5,6.123201175701337e-17
6.683439175686167,-0.5,6.123201175701337e-17
6.812920690579634,-0.5,6.123285878996063e-17
6.944910713781234,-0.5,6.123116472406612e-17
7.079457843841402,-0.5000000000000002,6.123285878996063e-17
7.216611620833906,-0.5,6.123116472406612e-17
7.356422544596438,-0.5,6.123201175701337e-17
7.498942093324583,-0.5,6.123201175701337e-17
7.644222742526028,-0.5000000000000002,6.123201175701337e-17
7.792317984341968,-0.4999999999999998,6.123201175701337e-17
7.943282347242842,-0.5,6.123201175701337e-17
8.097171416105647,-0.5,6.123370582290788e-17
8.254041852680212,-0.4999999999999998,6.123201175701337e-17
8.41395141645198,-0.5,6.123201175701337e-17
8.57695898590897,-0.5,6.123201175701337e-17
8.743124580220766,-0.5000000000000002,6.123201175701337e-17
8.912509381337486,-0.5,6.123201175701337e-17
9.0851757565169,-0.5,6.123370582290788e-17
9.261187281287969,-0.5,6.123370582290788e-17
9.440608762859268,-0.5,6.123370582290788e-17
9.623506263980921,-0.5,6.123370582290788e-17
9.80994712726881,-0.5000000000000002,6.123370582290788e-17
10.00000000000004,-0.5,6.123201175701337e-17
10.19373485938877,-0.4999999999999998,6.123201175701337e-17
10.39122303835173,-0.5,6.123201175701337e-17
10.59253725177293,-0.5,6.123370582290788e-17
10.79775162327714,-0.5,6.123201175701337e-17
11.00694171252214,-0.5,6.123201175701337e-17
11.22018454301968,-0.5,6.123201175701337e-17
11.43755863049543,-0.5,6.123201175701337e-17
11.65914401179836,-0.5,6.123201175701337e-17
11.88502227437023,-0.5,6.123201175701337e-17
12.11527658628593,-0.5,6.123201175701337e-17
12.3499917268759,-0.5,6.123201175701337e-17
12.58925411794172,-0.5,6.123370582290788e-17
12.83315185557657,-0.5,6.123370582290788e-17
13.081774742602,-0.5,6.123201175701337e-17
13.3352143216333,-0.4999999999999998,6.123201175701337e-17
13.59356390878532,-0.5000000000000002,6.123370582290788e-17
13.85691862803134,-0.5000000000000004,6.123370582290788e-17
14.12537544622761,-0.5000000000000002,6.123370582290788e-17
14.39903320881639,-0.5000000000000002,6.123370582290788e-17
14.67799267622076,-0.5,6.123370582290788e-17
14.9623565609444,-0.5,6.123031769111886e-17
15.25222956539026,-0.4999999999999998,6.123370582290788e-17
15.54771842041181,-0.5000000000000002,6.123031769111886e-17
15.84893192461121,-0.5,6.123370582290788e-17
16.15598098439882,-0.4999999999999998,6.123031769111886e-17
16.46897865482876,-0.5,6.123370582290788e-17
16.78804018122569,-0.5000000000000002,6.123370582290788e-17
17.11328304161789,-0.5000000000000002,6.123031769111886e-17
17.44482698999263,-0.5,6.123031769111886e-17
17.78279410038932,-0.5,6.123370582290788e-17
18.12730881184708,-0.5,6.123370582290788e-17
18.478497974223,-0.5000000000000002,6.12370939546969e-17
18.8364908948981,-0.5,6.123370582290788e-17
19.20141938638811,-0.4999999999999998,6.123031769111886e-17
19.5734178148767,-0.5,6.123031769111886e-17
19.9526231496889,-0.5,6.123031769111886e-17
20.33917501372302,-0.5,6.123031769111886e-17
20.73321573485966,-0.4999999999999998,6.123031769111886e-17
21.13489039836658,-0.5,6.123031769111886e-17
21.54434690031895,-0.5,6.123370582290788e-17
21.96173600205448,-0.5,6.123031769111886e-17
22.38721138568352,-0.5,6.123031769111886e-17
22.82092971067463,-0.5000000000000002,6.123370582290788e-17
23.26305067153639,-0.5,6.123370582290788e-17
23.71373705661668,-0.4999999999999998,6.123370582290788e-17
24.17315480804117,-0.4999999999999998,6.123370582290788e-17
24.64147308281295,-0.4999999999999998,6.123370582290788e-17
25.11886431509594,-0.5000000000000002,6.123370582290788e-17
25.60550427970491,-0.5,6.123031769111886e-17
26.10157215682552,-0.5,6.123370582290788e-17
26.60725059798825,-0.5000000000000002,6.123370582290788e-17
27.12272579332044,-0.5,6.123031769111886e-17
27.64818754010124,-0.5,6.123370582290788e-17
28.1838293126447,-0.5,6.123031769111886e-17
28.72984833353682,-0.5,6.123031769111886e-17
29.28644564625254,-0.5000000000000002,6.123031769111886e-17
29.85382618917978,-0.5,6.123031769111886e-17
30.4321988710774,-0.5,6.123031769111886e-17
31.0217766479952,-0.4999999999999998,6.123031769111886e-17
31.62277660168399,-0.5,6.123031769111886e-17
32.23542001952483,-0.5,6.12370939546969e-17
32.85993247600675,-0.5,6.123031769111886e-17
33.49654391578298,-0.5,6.12370939546969e-17
34.14548873833623,-0.5,6.12370939546969e-17
34.80700588428433,-0.5,6.12370939546969e-17
35.48133892335778,-0.4999999999999998,6.123031769111886e-17
36.16873614408183,-0.5,6.123031769111886e-17
36.869450645196,-0.5,6.123031769111886e-17
37.58374042884466,-0.5,6.123031769111886e-17
38.31186849557313,-0.5,6.12370939546969e-17
39.05410294116406,-0.5,6.123031769111886e-17
39.81071705534999,-0.5000000000000002,6.12370939546969e-17
40.58198942243826,-0.5000000000000002,6.12370939546969e-17
41.36820402388535,-0.5000000000000002,6.12370939546969e-17
42.16965034285851,-0.5,6.12370939546969e-17
42.98662347082306,-0.5000000000000002,6.12370939546969e-17
43.81942421619467,-0.5,6.12370939546969e-17
44.66835921509661,-0.5000000000000002,6.123031769111886e-17
45.5337410442628,-0.5,6.12370939546969e-17
46.41588833612811,-0.5,6.12370939546969e-17
47.31512589614837,-0.5,6.123031769111886e-17
48.2317848223934,-0.5000000000000002,6.123031769111886e-17
49.16620262745678,-0.4999999999999998,6.12370939546969e-17
50.11872336272758,-0.5000000000000002,6.124387021827493e-17
51.08969774506964,-0.5000000000000002,6.123031769111886e-17
52.079483285955,-0.5,6.12370939546969e-17
53.08844442309921,-0.5,6.123031769111886e-17
54.11695265464675,-0.5,6.12370939546969e-17
55.16538667595619,-0.5,6.122354142754083e-17
56.23413251903531,-0.5000000000000002,6.124387021827493e-17
57.32358369467754,-0.5,6.123031769111886e-17
58.43414133735218,-0.5,6.123031769111886e-17
59.56621435290148,-0.5000000000000002,6.124387021827493e-17
60.72021956909929,-0.5,6.124387021827493e-17
61.89658188912651,-0.5,6.123031769111886e-17
63.09573444801979,-0.4999999999999998,6.12167651639628e-17
64.31811877215135,-0.4999999999999998,6.123031769111886e-17
65.56418494179837,-0.5,6.124387021827493e-17
66.83439175686196,-0.5,6.123031769111886e-17
68.12920690579664,-0.5,6.123031769111886e-17
69.44910713781265,-0.5,6.123031769111886e-17
70.79457843841433,-0.5000000000000002,6.124387021827493e-17
72.16611620833937,-0.5,6.123031769111886e-17
73.5642254459647,-0.4999999999999998,6.123031769111886e-17
74.98942093324617,-0.5,6.124387021827493e-17
76.44222742526063,-0.5000000000000002,6.124387021827493e-17
77.92317984342003,-0.5,6.123031769111886e-17
79.43282347242878,-0.5,6.124387021827493e-17
80.97171416105684,-0.5000000000000002,6.123031769111886e-17
82.5404185268025,-0.5,6.123031769111886e-17
84.13951416452018,-0.5000000000000002,6.124387021827493e-17
85.7695898590901,-0.4999999999999998,6.123031769111886e-17
87.43124580220807,-0.5000000000000002,6.124387021827493e-17
89.12509381337527,-0.4999999999999998,6.124387021827493e-17
90.85175756516942,-0.5,6.12167651639628e-17
92.61187281288011,-0.4999999999999998,6.123031769111886e-17
94.40608762859311,-0.5,6.123031769111886e-17
96.23506263980966,-0.5,6.123031769111886e-17
98.09947127268855,-0.4999999999999998,6.123031769111886e-17
100.0000000000008,-0.5000000000000002,6.123031769111886e-17
101.9373485938881,-0.5000000000000002,6.124387021827493e-17
103.9122303835178,-0.5,6.123031769111886e-17
105.9253725177298,-0.5,6.123031769111886e-17
107.9775162327719,-0.5000000000000002,6.123031769111886e-17
110.0694171252219,-0.5,6.124387021827493e-17
112.2018454301973,-0.5,6.123031769111886e-17
114.3755863049548,-0.5,6.123031769111886e-17
116.5914401179842,-0.5,6.123031769111886e-17
118.8502227437029,-0.5,6.123031769111886e-17
121.1527658628599,-0.4999999999999998,6.123031769111886e-17
123.4999172687595,-0.5,6.123031769111886e-17
125.8925411794178,-0.5,6.123031769111886e-17
128.3315185557662,-0.5,6.123031769111886e-17
130.8177474260206,-0.5000000000000002,6.1257422745431e-17
133.3521432163336,-0.5000000000000002,6.123031769111886e-17
135.9356390878538,-0.5000000000000002,6.123031769111886e-17
138.569186280314,-0.5,6.123031769111886e-17
141.2537544622767,-0.5,6.1257422745431e-17
143.9903320881646,-0.5,6.120321263680673e-17
146.7799267622083,-0.5,6.123031769111886e-17
149.6235656094447,-0.5,6.120321263680673e-17
152.5222956539033,-0.5,6.123031769111886e-17
155.4771842041188,-0.5000000000000002,6.1257422745431e-17
158.4893192461128,-0.5,6.120321263680673e-17
161.5598098439889,-0.4999999999999998,6.123031769111886e-17
164.6897865482883,-0.5000000000000002,6.123031769111886e-17
167.8804018122576,-0.5,6.120321263680673e-17
171.1328304161796,-0.5,6.123031769111886e-17
174.448269899927,-0.4999999999999998,6.123031769111886e-17
177.8279410038939,-0.5,6.123031769111886e-17
181.2730881184716,-0.5,6.1257422745431e-17
184.7849797422308,-0.5,6.123031769111886e-17
188.3649089489818,-0.4999999999999998,6.1257422745431e-17
192.014193863882,-0.5,6.123031769111886e-17
195.7341781487679,-0.5,6.123031769111886e-17
199.5262314968899,-0.5,6.123031769111886e-17
203.3917501372311,-0.5,6.123031769111886e-17
207.3321573485975,-0.5000000000000002,6.123031769111886e-17
211.3489039836667,-0.5,6.120321263680673e-17
215.4434690031904,-0.5,6.123031769111886e-17
219.6173600205457,-0.5000000000000002,6.1257422745431e-17
223.8721138568361,-0.5,6.1257422745431e-17
228.2092971067473,-0.4999999999999998,6.120321263680673e-17
232.6305067153649,-0.4999999999999998,6.120321263680673e-17
237.1373705661678,-0.5,6.120321263680673e-17
241.7315480804128,-0.5,6.120321263680673e-17
246.4147308281306,-0.4999999999999998,6.120321263680673e-17
251.1886431509605,-0.5,6.120321263680673e-17
256.0550427970502,-0.5000000000000002,6.1257422745431e-17
261.0157215682563,-0.5,6.120321263680673e-17
266.0725059798837,-0.5,6.120321263680673e-17
271.2272579332056,-0.5,6.1257422745431e-17
276.4818754010136,-0.5,6.120321263680673e-17
281.8382931264483,-0.5,6.1257422745431e-17
287.2984833353694,-0.5000000000000002,6.1257422745431e-17
292.8644564625267,-0.4999999999999998,6.120321263680673e-17
298.538261891799,-0.5,6.120321263680673e-17
304.3219887107753,-0.5,6.120321263680673e-17
310.2177664799533,-0.5,6.120321263680673e-17
316.2277660168412,-0.5,6.1257422745431e-17
322.3542001952496,-0.5,6.120321263680673e-17
328.5993247600689,-0.5000000000000002,6.1257422745431e-17
334.9654391578312,-0.5,6.120321263680673e-17
341.4548873833638,-0.5,6.120321263680673e-17
348.0700588428447,-0.5000000000000002,6.1257422745431e-17
354.8133892335792,-0.5000000000000002,6.120321263680673e-17
361.6873614408197,-0.5,6.120321263680673e-17
368.6945064519614,-0.5,6.1257422745431e-17
375.8374042884482,-0.5,6.120321263680673e-17
383.1186849557329,-0.5,6.1257422745431e-17
390.5410294116422,-0.5,6.120321263680673e-17
398.1071705535015,-0.5,6.1257422745431e-17
405.8198942243842,-0.5,6.1257422745431e-17
413.6820402388552,-0.4999999999999998,6.1257422745431e-17
421.6965034285868,-0.5,6.120321263680673e-17
429.8662347082324,-0.5000000000000002,6.131163285405528e-17
438.1942421619485,-0.5000000000000002,6.1257422745431e-17
446.683592150968,-0.5,6.1257422745431e-17
455.3374104426299,-0.5000000000000002,6.1257422745431e-17
464.158883361283,-0.5,6.1257422745431e-17
473.1512589614857,-0.5000000000000002,6.136584296267955e-17
482.317848223936,-0.4999999999999998,6.1257422745431e-17
491.6620262745698,-0.4999999999999998,6.114900252818245e-17
501.1872336272779,-0.5000000000000002,6.1257422745431e-17
510.8969774506985,-0.5,6.1257422745431e-17
520.7948328595522,-0.5,6.1257422745431e-17
530.8844442309944,-0.5000000000000002,6.1257422745431e-17
541.1695265464699,-0.5,6.1257422745431e-17
551.6538667595644,-0.5,6.1257422745431e-17
562.3413251903556,-0.5,6.1257422745431e-17
573.235836946778,-0.5,6.1257422745431e-17
584.3414133735243,-0.5,6.1257422745431e-17
595.6621435290174,-0.5000000000000002,6.136584296267955e-17
607.2021956909956,-0.5,6.1257422745431e-17
618.9658188912678,-0.5,6.114900252818245e-17
630.9573444802006,-0.5000000000000002,6.1257422745431e-17
643.1811877215163,-0.5,6.114900252818245e-17
655.6418494179866,-0.5000000000000002,6.1257422745431e-17
668.3439175686225,-0.4999999999999998,6.114900252818245e-17
681.2920690579693,-0.5,6.1257422745431e-17
694.4910713781295,-0.5,6.114900252818245e-17
707.9457843841464,-0.5,6.114900252818245e-17
721.6611620833969,-0.5,6.1257422745431e-17
735.6422544596502,-0.5,6.1257422745431e-17
749.8942093324649,-0.5,6.114900252818245e-17
764.4222742526096,-0.4999999999999998,6.114900252818245e-17
779.2317984342036,-0.5,6.1257422745431e-17
794.3282347242912,-0.5000000000000002,6.1257422745431e-17
809.7171416105718,-0.5,6.1257422745431e-17
825.4041852680285,-0.5000000000000002,6.1257422745431e-17
841.3951416452054,-0.5,6.1257422745431e-17
857.6958985909047,-0.5000000000000002,6.1257422745431e-17
874.3124580220845,-0.5000000000000002,6.1257422745431e-17
891.2509381337566,-0.5,6.1257422745431e-17
908.517575651698,-0.5000000000000004,6.136584296267955e-17
926.1187281288051,-0.5000000000000002,6.136584296267955e-17
944.0608762859353,-0.5,6.136584296267955e-17
962.3506263981008,-0.5,6.114900252818245e-17
980.9947127268898,-0.5,6.136584296267955e-17
1000.000000000013,-0.5,6.114900252818245e-17
1019.373485938886,-0.5,6.136584296267955e-17
1039.122303835182,-0.5,6.114900252818245e-17
1059.253725177302,-0.5,6.114900252818245e-17
1079.775162327723,-0.5,6.114900252818245e-17
1100.694171252224,-0.5,6.114900252818245e-17
1122.018454301978,-0.5,6.114900252818245e-17
1143.755863049553,-0.5,6.136584296267955e-17
1165.914401179847,-0.5,6.136584296267955e-17
1188.502227437034,-0.5,6.136584296267955e-17
1211.527658628604,-0.5,6.114900252818245e-17
1234.999172687601,-0.5,6.114900252818245e-17
1258.925411794184,-0.5,6.114900252818245e-17
1283.315185557668,-0.5000000000000002,6.114900252818245e-17
1308.177474260211,-0.5000000000000002,6.136584296267955e-17
1333.521432163342,-0.5000000000000002,6.136584296267955e-17
1359.356390878544,-0.5000000000000002,6.136584296267955e-17
1385.691862803146,-0.5,6.114900252818245e-17
1412.537544622773,-0.4999999999999998,6.136584296267955e-17
1439.903320881652,-0.5,6.158268339717665e-17
1467.799267622089,-0.4999999999999998,6.114900252818245e-17
1496.235656094454,-0.5,6.114900252818245e-17
1525.22295653904,-0.5,6.114900252818245e-17
1554.771842041195,-0.5,6.114900252818245e-17
1584.893192461135,-0.5,6.114900252818245e-17
1615.598098439896,-0.5000000000000002,6.136584296267955e-17
1646.897865482891,-0.5000000000000002,6.114900252818245e-17
1678.804018122584,-0.5000000000000002,6.114900252818245e-17
1711.328304161804,-0.5,6.114900252818245e-17
1744.482698999278,-0.5,6.136584296267955e-17
1778.279410038948,-0.5000000000000002,6.114900252818245e-17
1812.730881184724,-0.5,6.114900252818245e-17
1847.849797422317,-0.5,6.158268339717665e-17
1883.649089489827,-0.5,6.114900252818245e-17
1920.141938638829,-0.5,6.114900252818245e-17
1957.341781487688,-0.5,6.114900252818245e-17
1995.262314968908,-0.5,6.114900252818245e-17
2033.917501372321,-0.5,6.071532165918825e-17
2073.321573485985,-0.5000000000000002,6.158268339717665e-17
2113.489039836677,-0.4999999999999998,6.114900252818245e-17
2154.434690031915,-0.4999999999999998,6.071532165918825e-17
2196.173600205468,-0.5,6.114900252818245e-17
2238.721138568372,-0.5,6.158268339717665e-17
2282.092971067484,-0.5000000000000002,6.114900252818245e-17
2326.30506715366,-0.4999999999999998,6.114900252818245e-17
2371.37370566169,-0.5,6.158268339717665e-17
2417.315480804139,-0.5,6.158268339717665e-17
2464.147308281318,-0.5,6.071532165918825e-17
2511.886431509617,-0.5,6.114900252818245e-17
2560.550427970514,-0.4999999999999998,6.114900252818245e-17
2610.157215682575,-0.5,6.114900252818245e-17
2660.725059798849,-0.5,6.158268339717665e-17
2712.272579332068,-0.5,6.114900252818245e-17
2764.818754010148,-0.5,6.114900252818245e-17
2818.382931264496,-0.5,6.114900252818245e-17
2872.984833353707,-0.5000000000000002,6.158268339717665e-17
2928.644564625281,-0.5,6.114900252818245e-17
2985.382618918004,-0.5,6.114900252818245e-17
3043.219887107768,-0.5,6.114900252818245e-17
3102.177664799548,-0.5,6.071532165918825e-17
3162.277660168427,-0.5,6.114900252818245e-17
3223.542001952512,-0.5,6.114900252818245e-17
3285.993247600705,-0.5,6.114900252818245e-17
3349.654391578328,-0.5,6.114900252818245e-17
3414.548873833654,-0.4999999999999998,6.114900252818245e-17
3480.700588428464,-0.5,6.158268339717665e-17
3548.133892335809,-0.5,6.071532165918825e-17
3616.873614408215,-0.4999999999999998,6.071532165918825e-17
3686.945064519632,-0.5000000000000002,6.071532165918825e-17
3758.374042884499,-0.5000000000000002,6.158268339717665e-17
3831.186849557347,-0.5,6.158268339717665e-17
3905.41029411644,-0.5,6.071532165918825e-17
3981.071705535034,-0.4999999999999998,6.071532165918825e-17
4058.198942243861,-0.4999999999999998,6.071532165918825e-17
4136.820402388571,-0.5,6.158268339717665e-17
4216.965034285888,-0.5,6.158268339717665e-17
4298.662347082343,-0.5,6.158268339717665e-17
4381.942421619505,-0.5,6.158268339717665e-17
4466.835921509701,-0.5,6.158268339717665e-17
4553.374104426321,-0.5,6.071532165918825e-17
4641.588833612851,-0.5,6.071532165918825e-17
4731.512589614878,-0.5,6.158268339717665e-17
4823.178482239382,-0.4999999999999998,6.071532165918825e-17
4916.620262745721,-0.5,6.071532165918825e-17
5011.872336272801,-0.4999999999999998,6.158268339717665e-17
5108.969774507008,-0.5,6.071532165918825e-17
5207.948328595546,-0.5,6.158268339717665e-17
5308.844442309967,-0.4999999999999998,6.071532165918825e-17
5411.695265464722,-0.5,6.158268339717665e-17
5516.538667595667,-0.5,6.158268339717665e-17
5623.413251903579,-0.5,6.071532165918825e-17
5732.358369467805,-0.4999999999999998,6.158268339717665e-17
5843.414133735268,-0.5000000000000002,6.158268339717665e-17
5956.621435290199,-0.5,6.071532165918825e-17
6072.021956909982,-0.4999999999999998,6.071532165918825e-17
6189.658188912704,-0.5,6.071532165918825e-17
6309.573444802033,-0.5,6.158268339717665e-17
6431.81187721519,-0.5000000000000002,6.158268339717665e-17
6556.418494179894,-0.5000000000000002,6.158268339717665e-17
6683.439175686253,-0.5,6.071532165918825e-17
6812.920690579723,-0.5,6.071532165918825e-17
6944.910713781324,-0.4999999999999998,6.158268339717665e-17
7079.457843841494,-0.5,6.158268339717665e-17
7216.611620834,-0.5,6.071532165918825e-17
7356.422544596533,-0.5,6.245004513516506e-17
7498.942093324681,-0.5,6.245004513516506e-17
7644.222742526128,-0.5,6.245004513516506e-17
7792.317984342069,-0.5,6.245004513516506e-17
7943.282347242946,-0.5000000000000002,6.245004513516506e-17
8097.171416105754,-0.5,6.071532165918825e-17
8254.041852680322,-0.5,6.245004513516506e-17
8413.951416452092,-0.5,6.245004513516506e-17
8576.958985909085,-0.5,6.071532165918825e-17
8743.124580220883,-0.5,6.071532165918825e-17
8912.509381337606,-0.5,6.071532165918825e-17
9085.175756517023,-0.5,6.245004513516506e-17
9261.187281288094,-0.5,6.245004513516506e-17
9440.608762859396,-0.5,6.245004513516506e-17
9623.506263981051,-0.5000000000000002,6.245004513516506e-17
9809.947127268942,-0.5,6.071532165918825e-17
10000.00000000017,-0.5,6.245004513516506e-17
10193.7348593889,-0.5,6.071532165918825e-17
10391.22303835187,-0.5000000000000002,6.245004513516506e-17
10592.53725177307,-0.5,6.245004513516506e-17
10797.75162327729,-0.5000000000000002,6.245004513516506e-17
11006.94171252229,-0.5,6.245004513516506e-17
11220.18454301983,-0.5,6.071532165918825e-17
11437.55863049558,-0.5000000000000002,6.245004513516506e-17
11659.14401179852,-0.5,6.245004513516506e-17
11885.02227437039,-0.5,6.071532165918825e-17
12115.2765862861,-0.5,6.245004513516506e-17
12349.99172687607,-0.4999999999999998,6.071532165918825e-17
12589.2541179419,-0.5,6.071532165918825e-17
12833.15185557674,-0.5,6.071532165918825e-17
13081.77474260217,-0.5,6.071532165918825e-17
13335.21432163348,-0.5000000000000002,6.245004513516506e-17
13593.5639087855,-0.5,6.071532165918825e-17
13856.91862803152,-0.5000000000000002,6.418476861114186e-17
14125.3754462278,-0.5,6.071532165918825e-17
14399.03320881659,-0.5,5.898059818321144e-17
14677.99267622096,-0.5000000000000002,6.245004513516506e-17
14962.35656094461,-0.5,5.898059818321144e-17
15252.22956539047,-0.5000000000000002,6.245004513516506e-17
15547.71842041202,-0.5,6.245004513516506e-17
15848.93192461143,-0.5,6.245004513516506e-17
16155.98098439904,-0.5,6.245004513516506e-17
16468.97865482899,-0.5000000000000002,5.898059818321144e-17
16788.04018122592,-0.5,6.245004513516506e-17
17113.28304161813,-0.5,6.245004513516506e-17
17444.82698999287,-0.5,6.245004513516506e-17
17782.79410038956,-0.5,6.245004513516506e-17
18127.30881184733,-0.5,6.245004513516506e-17
18478.49797422326,-0.5,5.898059818321144e-17
18836.49089489836,-0.5,6.245004513516506e-17
19201.41938638838,-0.5,6.245004513516506e-17
19573.41781487698,-0.5000000000000002,6.245004513516506e-17
19952.62314968918,-0.5,6.245004513516506e-17
20339.17501372331,-0.5,5.898059818321144e-17
20733.21573485995,-0.5000000000000002,6.245004513516506e-17
21134.89039836688,-0.5000000000000002,6.245004513516506e-17
21544.34690031925,-0.5,5.898059818321144e-17
21961.73600205479,-0.5,6.245004513516506e-17
22387.21138568383,-0.5,6.245004513516506e-17
22820.92971067495,-0.5,6.245004513516506e-17
23263.05067153671,-0.5,5.898059818321144e-17
23713.73705661701,-0.5,6.245004513516506e-17
24173.15480804151,-0.5,5.898059818321144e-17
24641.4730828133,-0.5,5.898059818321144e-17
25118.86431509629,-0.5,6.245004513516506e-17
25605.50427970526,-0.5,5.898059818321144e-17
26101.57215682588,-0.5,5.898059818321144e-17
26607.25059798862,-0.5000000000000002,6.245004513516506e-17
27122.72579332082,-0.5,6.591949208711867e-17
27648.18754010162,-0.5000000000000002,6.245004513516506e-17
28183.8293126451,-0.5,5.898059818321144e-17
28729.84833353721,-0.5,6.245004513516506e-17
29286.44564625295,-0.5,5.551115123125783e-17
29853.82618918019,-0.5000000000000002,5.551115123125783e-17
30432.19887107782,-0.5,6.245004513516506e-17
31021.77664799563,-0.5,6.245004513516506e-17
31622.77660168443,-0.4999999999999998,6.245004513516506e-17
32235.42001952527,-0.5000000000000002,6.245004513516506e-17
32859.9324760072,-0.5,5.551115123125783e-17
33496.54391578344,-0.5,6.245004513516506e-17
34145.4887383367,-0.5,6.245004513516506e-17
34807.00588428481,-0.5,5.551115123125783e-17
35481.33892335826,-0.5,6.245004513516506e-17
36168.73614408232,-0.4999999999999998,5.551115123125783e-17
36869.4506451965,-0.5,6.245004513516506e-17
37583.74042884518,-0.5,6.245004513516506e-17
38311.86849557365,-0.5,6.245004513516506e-17
39054.10294116459,-0.5000000000000002,6.245004513516506e-17
39810.71705535053,-0.5,6.245004513516506e-17
40581.98942243881,-0.4999999999999998,6.245004513516506e-17
41368.20402388591,-0.5000000000000002,6.938893903907228e-17
42169.65034285909,-0.5,6.245004513516506e-17
42986.62347082365,-0.5,6.245004513516506e-17
43819.42421619527,-0.5000000000000002,6.245004513516506e-17
44668.35921509723,-0.5000000000000002,6.245004513516506e-17
45533.74104426344,-0.5,5.551115123125783e-17
46415.88833612874,-0.5,6.245004513516506e-17
47315.12589614902,-0.5,6.245004513516506e-17
48231.78482239406,-0.4999999999999998,5.551115123125783e-17
49166.20262745745,-0.5,5.551115123125783e-17
50118.72336272826,-0.5000000000000002,6.245004513516506e-17
51089.69774507033,-0.4999999999999998,6.938893903907228e-17
52079.48328595571,-0.5,6.245004513516506e-17
53088.44442309994,-0.4999999999999998,5.551115123125783e-17
54116.9526546475,-0.5000000000000002,5.551115123125783e-17
55165.38667595695,-0.5,5.551115123125783e-17
56234.13251903608,-0.5,6.245004513516506e-17
57323.58369467833,-0.5,5.551115123125783e-17
58434.14133735298,-0.4999999999999998,6.938893903907228e-17
59566.21435290229,-0.5,5.551115123125783e-17
60720.21956910013,-0.5,6.938893903907228e-17
61896.58188912735,-0.5000000000000002,5.551115123125783e-17
63095.73444802065,-0.4999999999999998,6.938893903907228e-17
64318.11877215223,-0.5,6.938893903907228e-17
65564.18494179926,-0.5,6.938893903907228e-17
66834.39175686287,-0.5,6.938893903907228e-17
68129.20690579756,-0.4999999999999998,5.551115123125783e-17
69449.10713781358,-0.4999999999999998,6.938893903907228e-17
70794.57843841528,-0.5,6.938893903907228e-17
72166.11620834035,-0.5000000000000002,5.551115123125783e-17
73564.22544596568,-0.5,6.938893903907228e-17
74989.42093324717,-0.5,5.551115123125783e-17
76442.22742526165,-0.5,5.551115123125783e-17
77923.17984342107,-0.5,6.938893903907228e-17
79432.82347242984,-0.4999999999999998,5.551115123125783e-17
80971.71416105793,-0.5,5.551115123125783e-17
82540.41852680361,-0.5,5.551115123125783e-17
84139.51416452132,-0.5,6.938893903907228e-17
85769.58985909125,-0.5,6.938893903907228e-17
87431.24580220925,-0.5000000000000002,6.938893903907228e-17
89125.09381337647,-0.5000000000000002,5.551115123125783e-17
90851.75756517064,-0.5,5.551115123125783e-17
92611.87281288135,-0.4999999999999998,5.551115123125783e-17
94406.08762859438,-0.5,5.551115123125783e-17
96235.06263981095,-0.4999999999999998,6.938893903907228e-17
98099.47127268986,-0.5,5.551115123125783e-17
100000.0000000022,-0.5,6.938893903907228e-17
101937.3485938895,-0.5,6.938893903907228e-17
103912.2303835192,-0.5,6.938893903907228e-17
105925.3725177312,-0.5,6.938893903907228e-17
107977.5162327733,-0.4999999999999998,5.551115123125783e-17
110069.4171252234,-0.4999999999999998,6.938893903907228e-17
112201.8454301988,-0.5,6.938893903907228e-17
114375.5863049563,-0.5,4.163336342344337e-17
116591.4401179858,-0.5,5.551115123125783e-17
118850.2227437045,-0.5000000000000002,5.551115123125783e-17
121152.7658628615,-0.5000000000000002,8.326672684688674e-17
123499.9172687612,-0.5,5.551115123125783e-17
125892.5411794195,-0.4999999999999998,8.326672684688674e-17
128331.518555768,-0.4999999999999998,5.551115123125783e-17
130817.7474260223,-0.5000000000000002,5.551115123125783e-17
133352.1432163354,-0.5,5.551115123125783e-17
135935.6390878556,-0.5,8.326672684688674e-17
138569.1862803159,-0.4999999999999998,5.551115123125783e-17
141253.7544622786,-0.4999999999999998,5.551115123125783e-17
143990.3320881665,-0.5,8.326672684688674e-17
146779.9267622102,-0.5,8.326672684688674e-17
149623.5656094467,-0.4999999999999998,5.551115123125783e-17
152522.2956539053,-0.5,5.551115123125783e-17
155477.1842041208,-0.5,8.326672684688674e-17
158489.3192461149,-0.5,2.775557561562891e-17
161559.809843991,-0.5000000000000002,5.551115123125783e-17
164689.7865482905,-0.5,5.551115123125783e-17
167880.4018122598,-0.5,2.775557561562891e-17
171132.8304161819,-0.5,5.551115123125783e-17
174448.2698999293,-0.5000000000000002,5.551115123125783e-17
177827.9410038963,-0.5,2.775557561562891e-17
181273.088118474,-0.5,5.551115123125783e-17
184784.9797422333,-0.5000000000000002,8.326672684688674e-17
188364.9089489843,-0.5,5.551115123125783e-17
192014.1938638845,-0.5,5.551115123125783e-17
195734.1781487705,-0.5,5.551115123125783e-17
199526.2314968925,-0.5000000000000002,5.551115123125783e-17
203391.7501372338,-0.5000000000000002,8.326672684688674e-17
207332.1573486003,-0.4999999999999998,5.551115123125783e-17
211348.9039836695,-0.5,8.326672684688674e-17
215443.4690031933,-0.5000000000000004,8.326672684688674e-17
219617.3600205487,-0.5,5.551115123125783e-17
223872.1138568391,-0.5,8.326672684688674e-17
228209.2971067503,-0.5,8.326672684688674e-17
232630.506715368,-0.5,8.326672684688674e-17
237137.370566171,-0.5000000000000002,8.326672684688674e-17
241731.548080416,-0.5,5.551115123125783e-17
246414.7308281339,-0.5,5.551115123125783e-17
251188.6431509639,-0.5,5.551115123125783e-17
256055.0427970536,-0.5,1.110223024625157e-16
261015.7215682598,-0.5000000000000002,1.110223024625157e-16
266072.5059798872,-0.5000000000000002,5.551115123125783e-17
271227.2579332092,-0.5000000000000002,0.0
276481.8754010173,-0.5,5.551115123125783e-17
281838.293126452,-0.5,5.551115123125783e-17
287298.4833353732,-0.5,0.0
292864.4564625305,-0.5000000000000002,5.551115123125783e-17
298538.261891803,-0.5,5.551115123125783e-17
304321.9887107793,-0.4999999999999998,5.551115123125783e-17
310217.7664799574,-0.5,5.551115123125783e-17
316227.7660168454,-0.5,5.551115123125783e-17
322354.2001952539,-0.5,5.551115123125783e-17
328599.3247600733,-0.5,5.551115123125783e-17
334965.4391578356,-0.5,0.0
341454.8873833683,-0.5000000000000002,5.551115123125783e-17
348070.0588428493,-0.5,0.0
354813.3892335839,-0.5000000000000002,5.551115123125783e-17
361687.3614408245,-0.4999999999999998,5.551115123125783e-17
368694.5064519664,-0.5000000000000001,5.551115123125783e-17
375837.4042884532,-0.5000000000000002,5.551115123125783e-17
383118.684955738,-0.5,5.551115123125783e-17
390541.0294116474,-0.5000000000000001,5.551115123125783e-17
398107.1705535068,-0.4999999999999999,5.551115123125783e-17
405819.8942243896,-0.5,5.551115123125783e-17
413682.0402388607,-0.5,5.551115123125783e-17
421696.5034285925,-0.5000000000000001,1.110223024625157e-16
429866.2347082381,-0.5,1.110223024625157e-16
438194.2421619543,-0.5000000000000001,5.551115123125783e-17
446683.592150974,-0.4999999999999999,5.551115123125783e-17
455337.4104426361,-0.4999999999999999,5.551115123125783e-17
464158.8833612892,-0.5,5.551115123125783e-17
473151.258961492,-0.4999999999999999,5.551115123125783e-17
482317.8482239424,-0.5000000000000001,1.110223024625157e-16
491662.0262745764,-0.5000000000000001,1.110223024625157e-16
501187.2336272846,-0.5000000000000002,1.110223024625157e-16
510896.9774507053,-0.5,5.551115123125783e-17
520794.8328595592,-0.4999999999999999,5.551115123125783e-17
530884.4442310014,-0.5,1.110223024625157e-16
541169.526546477,-0.4999999999999999,5.551115123125783e-17
551653.8667595716,-0.4999999999999999,1.110223024625157e-16
562341.325190363,-0.5000000000000002,1.110223024625157e-16
573235.8369467856,-0.5,5.551115123125783e-17
584341.4133735321,-0.5000000000000002,1.110223024625157e-16
595662.1435290253,-0.5000000000000001,1.665334536937735e-16
607202.1956910037,-0.4999999999999999,5.551115123125783e-17
618965.818891276,-0.5,1.110223024625157e-16
630957.344480209,-0.5,1.110223024625157e-16
643181.1877215249,-0.5,1.110223024625157e-16
655641.8494179953,-0.5,2.220446049250313e-16
668343.9175686314,-0.5,1.110223024625157e-16
681292.0690579783,-0.4999999999999999,1.110223024625157e-16
694491.0713781386,-0.4999999999999999,1.110223024625157e-16
707945.7843841556,-0.5000000000000002,1.110223024625157e-16
721661.1620834064,-0.5,1.110223024625157e-16
735642.2544596598,-0.5,0.0
749894.2093324747,-0.4999999999999999,1.110223024625157e-16
764422.2742526196,-0.4999999999999999,1.110223024625157e-16
779231.7984342139,-0.5,1.110223024625157e-16
794328.2347243016,-0.4999999999999999,0.0
809717.1416105825,-0.5,0.0
825404.1852680393,-0.5000000000000002,1.110223024625157e-16
841395.1416452165,-0.5,0.0
857695.898590916,-0.5,1.110223024625157e-16
874312.458022096,-0.5000000000000003,1.110223024625157e-16
891250.9381337684,-0.5,0.0
908517.5756517102,-0.4999999999999998,0.0
926118.7281288174,-0.5000000000000001,1.110223024625157e-16
944060.8762859477,-0.5,1.110223024625157e-16
962350.6263981134,-0.5,0.0
980994.7127269027,-0.5,1.110223024625157e-16
1000000.000000026,-0.5,1.110223024625157e-16
1019373.485938899,-0.5000000000000001,1.110223024625157e-16
1039122.303835196,-0.4999999999999999,0.0
1059253.725177316,-0.5,1.110223024625157e-16
1079775.162327738,-0.5000000000000001,1.110223024625157e-16
1100694.171252238,-0.5,1.110223024625157e-16
1122018.454301993,-0.4999999999999999,1.110223024625157e-16
1143755.863049568,-0.4999999999999999,1.110223024625157e-16
1165914.401179862,-0.5000000000000001,1.110223024625157e-16
1188502.22743705,-0.5000000000000001,1.110223024625157e-16
1211527.65862862,-0.4999999999999999,1.110223024625157e-16
1234999.172687617,-0.4999999999999999,1.110223024625157e-16
1258925.4117942,-0.4999999999999998,1.110223024625157e-16
1283315.185557685,-0.5,1.110223024625157e-16
1308177.474260229,-0.5,1.110223024625157e-16
1333521.432163359,-0.4999999999999999,1.110223024625157e-16
1359356.390878562,-0.5,1.110223024625157e-16
1385691.862803164,-0.5,0.0
1412537.544622792,-0.5000000000000001,2.220446049250313e-16
1439903.320881672,-0.4999999999999999,1.110223024625157e-16
1467799.267622109,-0.5,1.110223024625157e-16
1496235.656094474,-0.5,1.110223024625157e-16
1525222.95653906,-0.5,1.110223024625157e-16
1554771.842041215,-0.5,1.110223024625157e-16
1584893.192461156,-0.5,1.110223024625157e-16
1615598.098439918,-0.4999999999999999,1.110223024625157e-16
1646897.865482913,-0.5,1.110223024625157e-16
1678804.018122606,-0.4999999999999999,1.110223024625157e-16
1711328.304161827,-0.5000000000000001,1.110223024625157e-16
1744482.698999302,-0.4999999999999999,0.0
1778279.410038971,-0.5000000000000002,1.110223024625157e-16
1812730.881184748,-0.5,5.551115123125783e-17
1847849.797422342,-0.4999999999999999,5.551115123125783e-17
1883649.089489852,-0.5000000000000001,1.110223024625157e-16
1920141.938638854,-0.5,5.551115123125783e-17
1957341.781487714,-0.5,5.551115123125783e-17
1995262.314968935,-0.5,1.110223024625157e-16
2033917.501372348,-0.5,5.551115123125783e-17
2073321.573486012,-0.4999999999999999,5.551115123125783e-17
2113489.039836705,-0.5,1.665334536937735e-16
2154434.690031943,-0.5,1.110223024625157e-16
2196173.600205497,-0.5,5.551115123125783e-17
2238721.138568402,-0.4999999999999999,5.551115123125783e-17
2282092.971067514,-0.5,1.110223024625157e-16
2326305.067153691,-0.5,5.551115123125783e-17
2371373.705661722,-0.5,1.110223024625157e-16
2417315.480804171,-0.5,0.0
2464147.30828135,-0.5,5.551115123125783e-17
2511886.43150965,-0.5,0.0
2560550.427970548,-0.5,5.551115123125783e-17
2610157.21568261,-0.5,1.110223024625157e-16
2660725.059798884,-0.5000000000000001,5.551115123125783e-17
2712272.579332104,-0.5000000000000001,0.0
2764818.754010185,-0.5000000000000001,5.551115123125783e-17
2818382.931264533,-0.5000000000000001,5.551115123125783e-17
2872984.833353746,-0.5,5.551115123125783e-17
2928644.564625319,-0.5000000000000001,1.110223024625157e-16
2985382.618918044,-0.4999999999999999,5.551115123125783e-17
3043219.887107808,-0.5000000000000001,5.551115123125783e-17
3102177.664799589,-0.5,0.0
3162277.660168469,-0.5000000000000001,1.110223024625157e-16
3223542.001952555,-0.5000000000000001,5.551115123125783e-17
3285993.247600748,-0.5,5.551115123125783e-17
3349654.391578372,-0.5,1.110223024625157e-16
3414548.873833699,-0.5,5.551115123125783e-17
3480700.58842851,-0.5,5.551115123125783e-17
3548133.892335856,-0.5,1.110223024625157e-16
3616873.614408263,-0.5,5.551115123125783e-17
3686945.064519682,-0.4999999999999999,5.551115123125783e-17
3758374.04288455,-0.4999999999999999,5.551115123125783e-17
3831186.849557398,-0.5000000000000001,1.110223024625157e-16
3905410.294116493,-0.5,1.110223024625157e-16
3981071.705535088,-0.5000000000000001,5.551115123125783e-17
4058198.942243916,-0.5,1.110223024625157e-16
4136820.402388627,-0.5000000000000001,5.551115123125783e-17
4216965.034285945,-0.5,5.551115123125783e-17
4298662.347082402,-0.5,5.551115123125783e-17
4381942.421619564,-0.5,0.0
4466835.921509761,-0.4999999999999999,5.551115123125783e-17
4553374.104426382,-0.5000000000000001,2.775557561562891e-17
4641588.833612914,-0.5,2.775557561562891e-17
4731512.589614943,-0.5,0.0
4823178.482239448,-0.5000000000000001,5.551115123125783e-17
4916620.262745787,-0.4999999999999999,2.775557561562891e-17
5011872.33627287,-0.5000000000000001,5.551115123125783e-17
5108969.774507078,-0.4999999999999999,5.551115123125783e-17
5207948.328595617,-0.5000000000000001,5.551115123125783e-17
5308844.44231004,-0.5000000000000001,2.775557561562891e-17
5411695.265464797,-0.5,5.551115123125783e-17
5516538.667595743,-0.4999999999999999,2.775557561562891e-17
5623413.251903657,-0.5,8.326672684688674e-17
5732358.369467883,-0.5,5.551115123125783e-17
5843414.133735349,-0.5,5.551115123125783e-17
5956621.435290282,-0.5,8.326672684688674e-17
6072021.956910066,-0.5,5.551115123125783e-17
6189658.18891279,-0.5,5.551115123125783e-17
6309573.444802121,-0.4999999999999999,5.551115123125783e-17
6431811.87721528,-0.5,5.551115123125783e-17
6556418.494179985,-0.5000000000000001,8.326672684688674e-17
6683439.175686347,-0.4999999999999999,5.551115123125783e-17
6812920.690579819,-0.5,8.326672684688674e-17
6944910.713781422,-0.5,5.551115123125783e-17
7079457.843841594,-0.4999999999999999,5.551115123125783e-17
7216611.620834101,-0.5,8.326672684688674e-17
7356422.544596637,-0.5,5.551115123125783e-17
7498942.093324786,-0.4999999999999999,5.551115123125783e-17
7644222.742526235,-0.4999999999999999,5.551115123125783e-17
7792317.984342178,-0.5,5.551115123125783e-17
7943282.347243057,-0.5,5.551115123125783e-17
8097171.416105866,-0.5,5.551115123125783e-17
8254041.852680436,-0.5,5.551115123125783e-17
8413951.416452209,-0.5,5.551115123125783e-17
8576958.985909205,-0.5,5.551115123125783e-17
8743124.580221005,-0.5,5.551115123125783e-17
8912509.38133773,-0.5,5.551115123125783e-17
9085175.756517148,-0.4999999999999999,5.551115123125783e-17
9261187.28128822,-0.5,8.326672684688674e-17
9440608.762859525,-0.5,8.326672684688674e-17
9623506.263981184,-0.4999999999999999,6.938893903907228e-17
9809947.127269078,-0.5,6.938893903907228e-17
10000000.00000031,-0.5,6.938893903907228e-17
10193734.85938904,-0.4999999999999999,6.938893903907228e-17
10391223.03835201,-0.5,6.938893903907228e-17
10592537.25177322,-0.5000000000000001,5.551115123125783e-17
10797751.62327743,-0.5,5.551115123125783e-17
11006941.71252244,-0.5000000000000001,5.551115123125783e-17
11220184.54301998,-0.4999999999999999,6.938893903907228e-17
11437558.63049574,-0.5,5.551115123125783e-17
11659144.01179868,-0.5,5.551115123125783e-17
11885022.27437056,-0.5,5.551115123125783e-17
12115276.58628627,-0.5,5.551115123125783e-17
12349991.72687624,-0.5,6.938893903907228e-17
12589254.11794207,-0.5,6.938893903907228e-17
12833151.85557692,-0.5,6.938893903907228e-17
13081774.74260235,-0.5,5.551115123125783e-17
13335214.32163366,-0.5,6.938893903907228e-17
13593563.90878569,-0.5000000000000001,6.938893903907228e-17
13856918.62803171,-0.5,6.938893903907228e-17
14125375.44622799,-0.5,6.938893903907228e-17
14399033.20881679,-0.5,5.551115123125783e-17
14677992.67622116,-0.5000000000000001,6.938893903907228e-17
14962356.56094481,-0.4999999999999999,6.938893903907228e-17
15252229.56539068,-0.5000000000000001,6.938893903907228e-17
15547718.42041223,-0.5,6.938893903907228e-17
15848931.92461164,-0.5000000000000001,5.551115123125783e-17
16155980.98439926,-0.5,5.551115123125783e-17
16468978.65482921,-0.5,6.938893903907228e-17
16788040.18122614,-0.5,6.938893903907228e-17
17113283.04161836,-0.5,6.245004513516506e-17
17444826.9899931,-0.5,6.245004513516506e-17
17782794.1003898,-0.5,6.245004513516506e-17
18127308.81184757,-0.5000000000000001,6.938893903907228e-17
18478497.97422351,-0.5,4.85722573273506e-17
18836490.89489862,-0.5,5.551115123125783e-17
19201419.38638864,-0.4999999999999999,4.85722573273506e-17
19573417.81487724,-0.5000000000000001,5.551115123125783e-17
19952623.14968945,-0.5,6.245004513516506e-17
20339175.01372358,-0.5,6.245004513516506e-17
20733215.73486023,-0.5000000000000001,6.938893903907228e-17
21134890.39836716,-0.4999999999999999,5.551115123125783e-17
21544346.90031954,-0.5,6.245004513516506e-17
21961736.00205508,-0.5,6.245004513516506e-17
22387211.38568413,-0.5,6.245004513516506e-17
22820929.71067526,-0.5,5.551115123125783e-17
23263050.67153703,-0.5,6.245004513516506e-17
23713737.05661734,-0.5,6.938893903907228e-17
24173154.80804184,-0.5,5.551115123125783e-17
24641473.08281364,-0.4999999999999999,6.245004513516506e-17
25118864.31509664,-0.5,5.551115123125783e-17
25605504.27970562,-0.5,6.245004513516506e-17
26101572.15682624,-0.5,6.245004513516506e-17
26607250.59798899,-0.5,6.245004513516506e-17
27122725.79332119,-0.4999999999999999,6.245004513516506e-17
27648187.540102,-0.5,6.938893903907228e-17
28183829.31264548,-0.5,6.245004513516506e-17
28729848.33353761,-0.5,6.245004513516506e-17
29286445.64625335,-0.5,6.245004513516506e-17
29853826.1891806,-0.5,6.591949208711867e-17
30432198.87107825,-0.5,5.898059818321144e-17
31021776.64799606,-0.5,5.898059818321144e-17
31622776.60168486,-0.5,6.245004513516506e-17
32235420.01952572,-0.5,6.591949208711867e-17
32859932.47600766,-0.5,6.245004513516506e-17
33496543.9157839,-0.5,5.898059818321144e-17
34145488.73833718,-0.5,6.245004513516506e-17
34807005.88428529,-0.5,6.591949208711867e-17
35481338.92335875,-0.5,5.898059818321144e-17
36168736.14408282,-0.5,6.245004513516506e-17
36869450.64519701,-0.5,6.245004513516506e-17
37583740.4288457,-0.5,6.245004513516506e-17
38311868.49557418,-0.5,6.245004513516506e-17
39054102.94116513,-0.5,6.245004513516506e-17
39810717.05535109,-0.5,5.898059818321144e-17
40581989.42243937,-0.5,5.898059818321144e-17
41368204.02388649,-0.5,6.245004513516506e-17
42169650.34285967,-0.5,6.245004513516506e-17
42986623.47082424,-0.5,6.245004513516506e-17
43819424.21619587,-0.5000000000000001,5.898059818321144e-17
44668359.21509784,-0.5000000000000001,5.898059818321144e-17
45533741.04426406,-0.5,6.245004513516506e-17
46415888.33612939,-0.5,5.898059818321144e-17
47315125.89614968,-0.5,6.245004513516506e-17
48231784.82239473,-0.5,6.245004513516506e-17
49166202.62745813,-0.5,6.245004513516506e-17
50118723.36272896,-0.5,6.071532165918825e-17
51089697.74507105,-0.5,6.071532165918825e-17
52079483.28595644,-0.5,6.071532165918825e-17
53088444.42310068,-0.4999999999999999,6.071532165918825e-17
54116952.65464825,-0.5,6.245004513516506e-17
55165386.67595772,-0.5,6.071532165918825e-17
56234132.51903687,-0.5,6.245004513516506e-17
57323583.69467914,-0.5000000000000001,6.245004513516506e-17
58434141.3373538,-0.5,6.245004513516506e-17
59566214.35290314,-0.5000000000000001,6.071532165918825e-17
60720219.56910098,-0.4999999999999999,6.245004513516506e-17
61896581.88912823,-0.5,6.071532165918825e-17
63095734.44802155,-0.5,6.071532165918825e-17
64318118.77215314,-0.5,6.071532165918825e-17
65564184.9418002,-0.5000000000000001,6.071532165918825e-17
66834391.75686382,-0.5,6.071532165918825e-17
68129206.90579854,-0.5,6.245004513516506e-17
69449107.13781458,-0.5,6.245004513516506e-17
70794578.4384163,-0.5,6.245004513516506e-17
72166116.20834139,-0.5,6.245004513516506e-17
73564225.44596675,-0.5,6.245004513516506e-17
74989420.93324825,-0.5,6.071532165918825e-17
76442227.42526275,-0.4999999999999999,6.071532165918825e-17
77923179.84342219,-0.5000000000000001,6.245004513516506e-17
79432823.47243099,-0.5,6.158268339717665e-17
80971714.1610591,-0.5,6.158268339717665e-17
82540418.5268048,-0.5,6.071532165918825e-17
84139514.16452253,-0.5,6.158268339717665e-17
85769589.85909249,-0.5,6.158268339717665e-17
87431245.80221051,-0.5000000000000001,6.071532165918825e-17
89125093.81337777,-0.5,6.158268339717665e-17
90851757.56517196,-0.5000000000000001,6.071532165918825e-17
92611872.81288269,-0.5,6.071532165918825e-17
94406087.62859575,-0.4999999999999999,6.158268339717665e-17
96235062.63981235,-0.5,6.071532165918825e-17
98099471.2726913,-0.5,6.071532165918825e-17
100000000.0000036,-0.5,6.158268339717665e-17
101937348.593891,-0.5,6.158268339717665e-17
103912230.3835207,-0.5,6.158268339717665e-17
105925372.5177327,-0.5,6.158268339717665e-17
107977516.2327749,-0.5,6.158268339717665e-17
110069417.125225,-0.5000000000000001,6.158268339717665e-17
112201845.4302004,-0.5,6.158268339717665e-17
114375586.304958,-0.5,6.071532165918825e-17
116591440.1179874,-0.4999999999999999,6.071532165918825e-17
118850222.7437062,-0.5,6.071532165918825e-17
121152765.8628633,-0.5,6.071532165918825e-17
123499917.268763,-0.5,6.158268339717665e-17
125892541.1794214,-0.5,6.158268339717665e-17
128331518.5557698,-0.5000000000000001,6.158268339717665e-17
130817747.4260242,-0.5,6.158268339717665e-17
133352143.2163373,-0.5,6.158268339717665e-17
135935639.0878576,-0.5,6.158268339717665e-17
138569186.2803179,-0.5,6.071532165918825e-17
141253754.4622807,-0.5,6.114900252818245e-17
143990332.0881687,-0.4999999999999999,6.114900252818245e-17
146779926.7622124,-0.5,6.114900252818245e-17
149623565.6094489,-0.5000000000000001,6.158268339717665e-17
152522295.6539075,-0.4999999999999999,6.114900252818245e-17
155477184.2041231,-0.4999999999999999,6.158268339717665e-17
158489319.2461172,-0.4999999999999999,6.114900252818245e-17
161559809.8439934,-0.5,6.071532165918825e-17
164689786.548293,-0.5,6.071532165918825e-17
167880401.8122623,-0.5000000000000001,6.114900252818245e-17
171132830.4161845,-0.5,6.114900252818245e-17
174448269.8999319,-0.4999999999999999,6.158268339717665e-17
177827941.0038989,-0.5,6.158268339717665e-17
181273088.1184767,-0.5,6.114900252818245e-17
184784979.742236,-0.5,6.114900252818245e-17
188364908.9489871,-0.4999999999999999,6.158268339717665e-17
192014193.8638874,-0.5,6.158268339717665e-17
195734178.1487734,-0.5,6.071532165918825e-17
199526231.4968955,-0.5,6.158268339717665e-17
203391750.1372368,-0.5,6.114900252818245e-17
207332157.3486033,-0.4999999999999999,6.071532165918825e-17
211348903.9836726,-0.5,6.114900252818245e-17
215443469.0031965,-0.5,6.158268339717665e-17
219617360.0205519,-0.5,6.114900252818245e-17
223872113.8568424,-0.5,6.114900252818245e-17
228209297.1067536,-0.5,6.114900252818245e-17
232630506.7153714,-0.5,6.158268339717665e-17
237137370.5661745,-0.5,6.136584296267955e-17
241731548.0804195,-0.5,6.114900252818245e-17
246414730.8281375,-0.5,6.136584296267955e-17
251188643.1509675,-0.5,6.093216209368535e-17
256055042.7970573,-0.5,6.093216209368535e-17
261015721.5682636,-0.5000000000000001,6.114900252818245e-17
266072505.9798911,-0.5,6.136584296267955e-17
271227257.9332131,-0.5,6.114900252818245e-17
276481875.4010212,-0.5,6.114900252818245e-17
281838293.1264561,-0.5,6.136584296267955e-17
287298483.3353774,-0.5,6.136584296267955e-17
292864456.4625348,-0.5,6.136584296267955e-17
298538261.8918073,-0.5,6.136584296267955e-17
304321988.7107838,-0.5,6.136584296267955e-17
310217766.4799619,-0.5,6.136584296267955e-17
316227766.01685,-0.5,6.136584296267955e-17
322354200.1952586,-0.5,6.114900252818245e-17
328599324.760078,-0.5,6.114900252818245e-17
334965439.1578405,-0.5,6.136584296267955e-17
341454887.3833733,-0.5000000000000001,6.136584296267955e-17
348070058.8428544,-0.5,6.136584296267955e-17
354813389.2335891,-0.5000000000000001,6.093216209368535e-17
361687361.4408299,-0.5,6.136584296267955e-17
368694506.4519718,-0.5,6.136584296267955e-17
375837404.2884587,-0.5,6.1257422745431e-17
383118684.9557436,-0.4999999999999999,6.1257422745431e-17
390541029.4116532,-0.5,6.1257422745431e-17
398107170.5535128,-0.5,6.136584296267955e-17
405819894.2243956,-0.5,6.136584296267955e-17
413682040.2388668,-0.5,6.1257422745431e-17
421696503.4285987,-0.5,6.1257422745431e-17
429866234.7082445,-0.4999999999999999,6.114900252818245e-17
438194242.1619608,-0.5,6.1257422745431e-17
446683592.1509806,-0.5,6.1257422745431e-17
455337410.4426428,-0.5,6.114900252818245e-17
464158883.3612961,-0.5,6.1257422745431e-17
473151258.9614991,-0.5000000000000001,6.1257422745431e-17
482317848.2239497,-0.5,6.114900252818245e-17
491662026.2745838,-0.5,6.1257422745431e-17
501187233.6272921,-0.5,6.1257422745431e-17
510896977.450713,-0.5,6.1257422745431e-17
520794832.859567,-0.4999999999999999,6.120321263680673e-17
530884444.2310094,-0.5,6.120321263680673e-17
541169526.5464852,-0.4999999999999999,6.120321263680673e-17
551653866.7595799,-0.4999999999999999,6.120321263680673e-17
562341325.1903714,-0.4999999999999999,6.120321263680673e-17
573235836.9467942,-0.5,6.120321263680673e-17
584341413.3735409,-0.5,6.1257422745431e-17
595662143.5290343,-0.5000000000000001,6.120321263680673e-17
607202195.6910129,-0.5000000000000001,6.120321263680673e-17
618965818.8912854,-0.5000000000000001,6.117610758249459e-17
630957344.4802186,-0.5,6.1257422745431e-17
643181187.7215347,-0.4999999999999999,6.123031769111886e-17
655641849.4180053,-0.5,6.120321263680673e-17
668343917.5686417,-0.5,6.123031769111886e-17
681292069.0579889,-0.5,6.123031769111886e-17
694491071.3781494,-0.5,6.12167651639628e-17
707945784.3841667,-0.5000000000000001,6.123031769111886e-17
721661162.0834177,-0.4999999999999999,6.12167651639628e-17
735642254.4596714,-0.5,6.12370939546969e-17
749894209.3324865,-0.5000000000000001,6.123370582290788e-17
764422274.2526315,-0.5,6.123285878996063e-17
779231798.434226,-0.5,6.123370582290788e-17
794328234.7243141,-0.5,6.123031769111886e-17
809717141.6105952,-0.5,6.123031769111886e-17
825404185.2680523,-0.5,6.123031769111886e-17
841395141.6452297,-0.5,6.123031769111886e-17
857695898.5909294,-0.5,6.12167651639628e-17
874312458.0221096,-0.4999999999999999,6.124387021827493e-17
891250938.1337823,-0.5000000000000001,6.123031769111886e-17
908517575.6517242,-0.4999999999999999,6.123031769111886e-17
926118728.1288317,-0.5,6.123031769111886e-17
944060876.2859625,-0.5,6.123031769111886e-17
962350626.3981285,-0.5,6.123031769111886e-17
980994712.7269181,-0.5000000000000001,6.120321263680673e-17
1000000000.000042,-0.5000000000000001,6.120321263680673e-17
