tag,vcm_v,device,role,drain_current_ua,vdsat_abs_v,saturation_margin_v,saturation_status,manifest_sha256
baseline,0.8,M1,"NMOS input, VINN side",18.110893299999997,0.0728080997,0.5881957663,PASS,89f886ce2a150b84945a5378f29c2d4ee3faa5ef832876aeb122deb05e01391e
baseline,0.8,M2,"NMOS input, VINP side",18.1116375,0.0728103662,0.5877962108,PASS,89f886ce2a150b84945a5378f29c2d4ee3faa5ef832876aeb122deb05e01391e
baseline,0.8,M3,"PMOS diode mirror load, two units",18.110892,0.0858275481,0.9189859679,PASS,89f886ce2a150b84945a5378f29c2d4ee3faa5ef832876aeb122deb05e01391e
baseline,0.8,M4,"PMOS mirror output load, two units",18.1116362,0.0858281515,0.9193826534999999,PASS,89f886ce2a150b84945a5378f29c2d4ee3faa5ef832876aeb122deb05e01391e
baseline,0.8,M5,NMOS tail current source,36.222530400000004,0.0985644684,0.03561814960000001,PASS,89f886ce2a150b84945a5378f29c2d4ee3faa5ef832876aeb122deb05e01391e
baseline,0.8,M6,NMOS second-stage gain device,84.6326974,0.160061256,0.639932903,PASS,89f886ce2a150b84945a5378f29c2d4ee3faa5ef832876aeb122deb05e01391e
baseline,0.8,M7,PMOS second-stage current source,92.6326388,0.164472271,0.8355335700000002,PASS,89f886ce2a150b84945a5378f29c2d4ee3faa5ef832876aeb122deb05e01391e
baseline,0.8,M8,PMOS diode IREF reference,9.99999882,0.169702732,0.997543332,PASS,89f886ce2a150b84945a5378f29c2d4ee3faa5ef832876aeb122deb05e01391e
baseline,0.8,M9,PMOS VBN-bias current source,9.99144222,0.169694826,0.9723179730000002,PASS,89f886ce2a150b84945a5378f29c2d4ee3faa5ef832876aeb122deb05e01391e
baseline,0.8,M10,NMOS diode VBN reference,9.9914427,0.0923723431,0.5656148579,PASS,89f886ce2a150b84945a5378f29c2d4ee3faa5ef832876aeb122deb05e01391e
baseline,0.9,M1,"NMOS input, VINN side",19.020062099999997,0.0745743848,0.5028524022,PASS,89f886ce2a150b84945a5378f29c2d4ee3faa5ef832876aeb122deb05e01391e
baseline,0.9,M2,"NMOS input, VINP side",19.020164700000002,0.0745747043,0.5028006166999999,PASS,89f886ce2a150b84945a5378f29c2d4ee3faa5ef832876aeb122deb05e01391e
baseline,0.9,M3,"PMOS diode mirror load, two units",19.0200607,0.0872281236,0.9206469014000002,PASS,89f886ce2a150b84945a5378f29c2d4ee3faa5ef832876aeb122deb05e01391e
baseline,0.9,M4,"PMOS mirror output load, two units",19.020161400000003,0.0872282034,0.9206982876,PASS,89f886ce2a150b84945a5378f29c2d4ee3faa5ef832876aeb122deb05e01391e
baseline,0.9,M5,NMOS tail current source,38.040224099999996,0.0985645235,0.11613366450000001,PASS,89f886ce2a150b84945a5378f29c2d4ee3faa5ef832876aeb122deb05e01391e
baseline,0.9,M6,NMOS second-stage gain device,83.2666517,0.158432391,0.741566816,PASS,89f886ce2a150b84945a5378f29c2d4ee3faa5ef832876aeb122deb05e01391e
baseline,0.9,M7,PMOS second-stage current source,92.26664380000001,0.164441277,0.735559516,PASS,89f886ce2a150b84945a5378f29c2d4ee3faa5ef832876aeb122deb05e01391e
baseline,0.9,M8,PMOS diode IREF reference,9.99999882,0.169702732,0.997543332,PASS,89f886ce2a150b84945a5378f29c2d4ee3faa5ef832876aeb122deb05e01391e
baseline,0.9,M9,PMOS VBN-bias current source,9.99144222,0.169694826,0.9723179730000002,PASS,89f886ce2a150b84945a5378f29c2d4ee3faa5ef832876aeb122deb05e01391e
baseline,0.9,M10,NMOS diode VBN reference,9.9914427,0.0923723431,0.5656148579,PASS,89f886ce2a150b84945a5378f29c2d4ee3faa5ef832876aeb122deb05e01391e
baseline,1.3,M1,"NMOS input, VINN side",20.156128600000002,0.0790072754,0.16336607360000008,PASS,89f886ce2a150b84945a5378f29c2d4ee3faa5ef832876aeb122deb05e01391e
baseline,1.3,M2,"NMOS input, VINP side",20.1709587,0.0790902632,0.15608119379999996,PASS,89f886ce2a150b84945a5378f29c2d4ee3faa5ef832876aeb122deb05e01391e
baseline,1.3,M3,"PMOS diode mirror load, two units",20.1561273,0.0889369928,0.9225891972000001,PASS,89f886ce2a150b84945a5378f29c2d4ee3faa5ef832876aeb122deb05e01391e
baseline,1.3,M4,"PMOS mirror output load, two units",20.1709573,0.0889484411,0.9297796409,PASS,89f886ce2a150b84945a5378f29c2d4ee3faa5ef832876aeb122deb05e01391e
baseline,1.3,M5,NMOS tail current source,40.3270856,0.0985647501,0.4475357109,PASS,89f886ce2a150b84945a5378f29c2d4ee3faa5ef832876aeb122deb05e01391e
baseline,1.3,M6,NMOS second-stage gain device,77.3627466,0.151938156,1.147878714,PASS,89f886ce2a150b84945a5378f29c2d4ee3faa5ef832876aeb122deb05e01391e
baseline,1.3,M7,PMOS second-stage current source,90.3611112,0.16431738,0.33586575000000013,PASS,89f886ce2a150b84945a5378f29c2d4ee3faa5ef832876aeb122deb05e01391e
baseline,1.3,M8,PMOS diode IREF reference,9.99999882,0.169702732,0.997543332,PASS,89f886ce2a150b84945a5378f29c2d4ee3faa5ef832876aeb122deb05e01391e
baseline,1.3,M9,PMOS VBN-bias current source,9.99144222,0.169694826,0.9723179730000002,PASS,89f886ce2a150b84945a5378f29c2d4ee3faa5ef832876aeb122deb05e01391e
baseline,1.3,M10,NMOS diode VBN reference,9.9914427,0.0923723431,0.5656148579,PASS,89f886ce2a150b84945a5378f29c2d4ee3faa5ef832876aeb122deb05e01391e
first_stage_l2,0.8,M1,"NMOS input, VINN side",18.5384207,0.0761399971,0.5177511269,PASS,89f886ce2a150b84945a5378f29c2d4ee3faa5ef832876aeb122deb05e01391e
first_stage_l2,0.8,M2,"NMOS input, VINP side",18.514252399999997,0.0760049464,0.5590420826,PASS,89f886ce2a150b84945a5378f29c2d4ee3faa5ef832876aeb122deb05e01391e
first_stage_l2,0.8,M3,"PMOS diode mirror load, two units",18.5384194,0.0843355489,0.9620389951000001,PASS,89f886ce2a150b84945a5378f29c2d4ee3faa5ef832876aeb122deb05e01391e
first_stage_l2,0.8,M4,"PMOS mirror output load, two units",18.5142512,0.0843336025,0.9208850365000002,PASS,89f886ce2a150b84945a5378f29c2d4ee3faa5ef832876aeb122deb05e01391e
first_stage_l2,0.8,M5,NMOS tail current source,37.0526726,0.0985644859,0.06116984610000001,PASS,89f886ce2a150b84945a5378f29c2d4ee3faa5ef832876aeb122deb05e01391e
first_stage_l2,0.8,M6,NMOS second-stage gain device,84.6288432,0.160056557,0.640222657,PASS,89f886ce2a150b84945a5378f29c2d4ee3faa5ef832876aeb122deb05e01391e
first_stage_l2,0.8,M7,PMOS second-stage current source,92.6316351,0.164472183,0.835248603,PASS,89f886ce2a150b84945a5378f29c2d4ee3faa5ef832876aeb122deb05e01391e
first_stage_l2,0.8,M8,PMOS diode IREF reference,9.99999882,0.169702732,0.997543332,PASS,89f886ce2a150b84945a5378f29c2d4ee3faa5ef832876aeb122deb05e01391e
first_stage_l2,0.8,M9,PMOS VBN-bias current source,9.99144222,0.169694826,0.9723179730000002,PASS,89f886ce2a150b84945a5378f29c2d4ee3faa5ef832876aeb122deb05e01391e
first_stage_l2,0.8,M10,NMOS diode VBN reference,9.9914427,0.0923723431,0.5656148579,PASS,89f886ce2a150b84945a5378f29c2d4ee3faa5ef832876aeb122deb05e01391e
first_stage_l2,0.9,M1,"NMOS input, VINN side",19.184983900000002,0.0777082171,0.43342571090000004,PASS,89f886ce2a150b84945a5378f29c2d4ee3faa5ef832876aeb122deb05e01391e
first_stage_l2,0.9,M2,"NMOS input, VINP side",19.160424799999998,0.0775633483,0.4741600357,PASS,89f886ce2a150b84945a5378f29c2d4ee3faa5ef832876aeb122deb05e01391e
first_stage_l2,0.9,M3,"PMOS diode mirror load, two units",19.1849828,0.0853081109,0.9632157110999999,PASS,89f886ce2a150b84945a5378f29c2d4ee3faa5ef832876aeb122deb05e01391e
first_stage_l2,0.9,M4,"PMOS mirror output load, two units",19.1604182,0.0853061627,0.9226282033000002,PASS,89f886ce2a150b84945a5378f29c2d4ee3faa5ef832876aeb122deb05e01391e
first_stage_l2,0.9,M5,NMOS tail current source,38.3454022,0.098564541,0.141777709,PASS,89f886ce2a150b84945a5378f29c2d4ee3faa5ef832876aeb122deb05e01391e
first_stage_l2,0.9,M6,NMOS second-stage gain device,83.26260860000001,0.158427668,0.741864311,PASS,89f886ce2a150b84945a5378f29c2d4ee3faa5ef832876aeb122deb05e01391e
first_stage_l2,0.9,M7,PMOS second-stage current source,92.2655284,0.164441186,0.735266835,PASS,89f886ce2a150b84945a5378f29c2d4ee3faa5ef832876aeb122deb05e01391e
first_stage_l2,0.9,M8,PMOS diode IREF reference,9.99999882,0.169702732,0.997543332,PASS,89f886ce2a150b84945a5378f29c2d4ee3faa5ef832876aeb122deb05e01391e
first_stage_l2,0.9,M9,PMOS VBN-bias current source,9.99144222,0.169694826,0.9723179730000002,PASS,89f886ce2a150b84945a5378f29c2d4ee3faa5ef832876aeb122deb05e01391e
first_stage_l2,0.9,M10,NMOS diode VBN reference,9.9914427,0.0923723431,0.5656148579,PASS,89f886ce2a150b84945a5378f29c2d4ee3faa5ef832876aeb122deb05e01391e
first_stage_l2,1.3,M1,"NMOS input, VINN side",20.2298832,0.0823823405,0.09521244150000001,PASS,89f886ce2a150b84945a5378f29c2d4ee3faa5ef832876aeb122deb05e01391e
first_stage_l2,1.3,M2,"NMOS input, VINP side",20.208926100000003,0.0820628751,0.12864941390000006,PASS,89f886ce2a150b84945a5378f29c2d4ee3faa5ef832876aeb122deb05e01391e
first_stage_l2,1.3,M3,"PMOS diode mirror load, two units",20.229881799999998,0.0868497877,0.9650179213000002,PASS,89f886ce2a150b84945a5378f29c2d4ee3faa5ef832876aeb122deb05e01391e
first_stage_l2,1.3,M4,"PMOS mirror output load, two units",20.208924800000002,0.0868481619,0.9319020401000001,PASS,89f886ce2a150b84945a5378f29c2d4ee3faa5ef832876aeb122deb05e01391e
first_stage_l2,1.3,M5,NMOS tail current source,40.4388076,0.0985647668,0.4719727422,PASS,89f886ce2a150b84945a5378f29c2d4ee3faa5ef832876aeb122deb05e01391e
first_stage_l2,1.3,M6,NMOS second-stage gain device,77.3499877,0.151924802,1.148676448,PASS,89f886ce2a150b84945a5378f29c2d4ee3faa5ef832876aeb122deb05e01391e
first_stage_l2,1.3,M7,PMOS second-stage current source,90.3561984,0.164317137,0.3350816130000001,PASS,89f886ce2a150b84945a5378f29c2d4ee3faa5ef832876aeb122deb05e01391e
first_stage_l2,1.3,M8,PMOS diode IREF reference,9.99999882,0.169702732,0.997543332,PASS,89f886ce2a150b84945a5378f29c2d4ee3faa5ef832876aeb122deb05e01391e
first_stage_l2,1.3,M9,PMOS VBN-bias current source,9.99144222,0.169694826,0.9723179730000002,PASS,89f886ce2a150b84945a5378f29c2d4ee3faa5ef832876aeb122deb05e01391e
first_stage_l2,1.3,M10,NMOS diode VBN reference,9.9914427,0.0923723431,0.5656148579,PASS,89f886ce2a150b84945a5378f29c2d4ee3faa5ef832876aeb122deb05e01391e
first_stage_l3,0.8,M1,"NMOS input, VINN side",18.6270984,0.0768091946,0.49526039739999994,PASS,89f886ce2a150b84945a5378f29c2d4ee3faa5ef832876aeb122deb05e01391e
first_stage_l3,0.8,M2,"NMOS input, VINP side",18.6070761,0.076655197,0.550816993,PASS,89f886ce2a150b84945a5378f29c2d4ee3faa5ef832876aeb122deb05e01391e
first_stage_l3,0.8,M3,"PMOS diode mirror load, two units",18.627072599999998,0.083173172,0.9774489070000001,PASS,89f886ce2a150b84945a5378f29c2d4ee3faa5ef832876aeb122deb05e01391e
first_stage_l3,0.8,M4,"PMOS mirror output load, two units",18.607066,0.0831731575,0.9220463235000002,PASS,89f886ce2a150b84945a5378f29c2d4ee3faa5ef832876aeb122deb05e01391e
first_stage_l3,0.8,M5,NMOS tail current source,37.234173999999996,0.0985644911,0.06874383790000001,PASS,89f886ce2a150b84945a5378f29c2d4ee3faa5ef832876aeb122deb05e01391e
first_stage_l3,0.8,M6,NMOS second-stage gain device,84.6284287,0.160056052,0.6402538149999999,PASS,89f886ce2a150b84945a5378f29c2d4ee3faa5ef832876aeb122deb05e01391e
first_stage_l3,0.8,M7,PMOS second-stage current source,92.63152720000001,0.164472174,0.8352179590000001,PASS,89f886ce2a150b84945a5378f29c2d4ee3faa5ef832876aeb122deb05e01391e
first_stage_l3,0.8,M8,PMOS diode IREF reference,9.99999882,0.169702732,0.997543332,PASS,89f886ce2a150b84945a5378f29c2d4ee3faa5ef832876aeb122deb05e01391e
first_stage_l3,0.8,M9,PMOS VBN-bias current source,9.99144222,0.169694826,0.9723179730000002,PASS,89f886ce2a150b84945a5378f29c2d4ee3faa5ef832876aeb122deb05e01391e
first_stage_l3,0.8,M10,NMOS diode VBN reference,9.9914427,0.0923723431,0.5656148579,PASS,89f886ce2a150b84945a5378f29c2d4ee3faa5ef832876aeb122deb05e01391e
first_stage_l3,0.9,M1,"NMOS input, VINN side",19.2228219,0.078310135,0.411195577,PASS,89f886ce2a150b84945a5378f29c2d4ee3faa5ef832876aeb122deb05e01391e
first_stage_l3,0.9,M2,"NMOS input, VINP side",19.2025346,0.078145666,0.46601188599999993,PASS,89f886ce2a150b84945a5378f29c2d4ee3faa5ef832876aeb122deb05e01391e
first_stage_l3,0.9,M3,"PMOS diode mirror load, two units",19.222794800000003,0.0840606337,0.9785264093000001,PASS,89f886ce2a150b84945a5378f29c2d4ee3faa5ef832876aeb122deb05e01391e
first_stage_l3,0.9,M4,"PMOS mirror output load, two units",19.2025238,0.0840606192,0.9238745838000002,PASS,89f886ce2a150b84945a5378f29c2d4ee3faa5ef832876aeb122deb05e01391e
first_stage_l3,0.9,M5,NMOS tail current source,38.4253557,0.0985645462,0.1493426988,PASS,89f886ce2a150b84945a5378f29c2d4ee3faa5ef832876aeb122deb05e01391e
first_stage_l3,0.9,M6,NMOS second-stage gain device,83.2621789,0.158427166,0.741895931,PASS,89f886ce2a150b84945a5378f29c2d4ee3faa5ef832876aeb122deb05e01391e
first_stage_l3,0.9,M7,PMOS second-stage current source,92.2654099,0.164441176,0.7352357270000001,PASS,89f886ce2a150b84945a5378f29c2d4ee3faa5ef832876aeb122deb05e01391e
first_stage_l3,0.9,M8,PMOS diode IREF reference,9.99999882,0.169702732,0.997543332,PASS,89f886ce2a150b84945a5378f29c2d4ee3faa5ef832876aeb122deb05e01391e
first_stage_l3,0.9,M9,PMOS VBN-bias current source,9.99144222,0.169694826,0.9723179730000002,PASS,89f886ce2a150b84945a5378f29c2d4ee3faa5ef832876aeb122deb05e01391e
first_stage_l3,0.9,M10,NMOS diode VBN reference,9.9914427,0.0923723431,0.5656148579,PASS,89f886ce2a150b84945a5378f29c2d4ee3faa5ef832876aeb122deb05e01391e
first_stage_l3,1.3,M1,"NMOS input, VINN side",20.2447142,0.0829051995,0.07350604850000006,PASS,89f886ce2a150b84945a5378f29c2d4ee3faa5ef832876aeb122deb05e01391e
first_stage_l3,1.3,M2,"NMOS input, VINP side",20.2264847,0.0824541335,0.1210387465000001,PASS,89f886ce2a150b84945a5378f29c2d4ee3faa5ef832876aeb122deb05e01391e
first_stage_l3,1.3,M3,"PMOS diode mirror load, two units",20.244684999999997,0.0855551123,0.9802831637,PASS,89f886ce2a150b84945a5378f29c2d4ee3faa5ef832876aeb122deb05e01391e
first_stage_l3,1.3,M4,"PMOS mirror output load, two units",20.2264714,0.0855550995,0.9332015445,PASS,89f886ce2a150b84945a5378f29c2d4ee3faa5ef832876aeb122deb05e01391e
first_stage_l3,1.3,M5,NMOS tail current source,40.4711972,0.0985647717,0.47918570429999996,PASS,89f886ce2a150b84945a5378f29c2d4ee3faa5ef832876aeb122deb05e01391e
first_stage_l3,1.3,M6,NMOS second-stage gain device,77.3462711,0.151920913,1.1489087370000002,PASS,89f886ce2a150b84945a5378f29c2d4ee3faa5ef832876aeb122deb05e01391e
first_stage_l3,1.3,M7,PMOS second-stage current source,90.3547664,0.164317066,0.334853284,PASS,89f886ce2a150b84945a5378f29c2d4ee3faa5ef832876aeb122deb05e01391e
first_stage_l3,1.3,M8,PMOS diode IREF reference,9.99999882,0.169702732,0.997543332,PASS,89f886ce2a150b84945a5378f29c2d4ee3faa5ef832876aeb122deb05e01391e
first_stage_l3,1.3,M9,PMOS VBN-bias current source,9.99144222,0.169694826,0.9723179730000002,PASS,89f886ce2a150b84945a5378f29c2d4ee3faa5ef832876aeb122deb05e01391e
first_stage_l3,1.3,M10,NMOS diode VBN reference,9.9914427,0.0923723431,0.5656148579,PASS,89f886ce2a150b84945a5378f29c2d4ee3faa5ef832876aeb122deb05e01391e
m7_l2,0.8,M1,"NMOS input, VINN side",18.0100092,0.0726785902,0.5895442538,PASS,89f886ce2a150b84945a5378f29c2d4ee3faa5ef832876aeb122deb05e01391e
m7_l2,0.8,M2,"NMOS input, VINP side",18.175880600000003,0.0732027076,0.4989798944,PASS,89f886ce2a150b84945a5378f29c2d4ee3faa5ef832876aeb122deb05e01391e
m7_l2,0.8,M3,"PMOS diode mirror load, two units",18.010007899999998,0.0856702342,0.9187953168,PASS,89f886ce2a150b84945a5378f29c2d4ee3faa5ef832876aeb122deb05e01391e
m7_l2,0.8,M4,"PMOS mirror output load, two units",18.1758788,0.0858067887,1.0086990043000001,PASS,89f886ce2a150b84945a5378f29c2d4ee3faa5ef832876aeb122deb05e01391e
m7_l2,0.8,M5,NMOS tail current source,36.1858894,0.0985644678,0.0347471372,PASS,89f886ce2a150b84945a5378f29c2d4ee3faa5ef832876aeb122deb05e01391e
m7_l2,0.8,M6,NMOS second-stage gain device,27.8740613,0.104166984,0.694488263,PASS,89f886ce2a150b84945a5378f29c2d4ee3faa5ef832876aeb122deb05e01391e
m7_l2,0.8,M7,PMOS second-stage current source,35.860586999999995,0.144717089,0.8566276640000001,PASS,89f886ce2a150b84945a5378f29c2d4ee3faa5ef832876aeb122deb05e01391e
m7_l2,0.8,M8,PMOS diode IREF reference,9.99999882,0.169702732,0.997543332,PASS,89f886ce2a150b84945a5378f29c2d4ee3faa5ef832876aeb122deb05e01391e
m7_l2,0.8,M9,PMOS VBN-bias current source,9.99144222,0.169694826,0.9723179730000002,PASS,89f886ce2a150b84945a5378f29c2d4ee3faa5ef832876aeb122deb05e01391e
m7_l2,0.8,M10,NMOS diode VBN reference,9.9914427,0.0923723431,0.5656148579,PASS,89f886ce2a150b84945a5378f29c2d4ee3faa5ef832876aeb122deb05e01391e
m7_l2,0.9,M1,"NMOS input, VINN side",18.926768,0.0744548575,0.5042464175,PASS,89f886ce2a150b84945a5378f29c2d4ee3faa5ef832876aeb122deb05e01391e
m7_l2,0.9,M2,"NMOS input, VINP side",19.1007017,0.0750280508,0.4133519092,PASS,89f886ce2a150b84945a5378f29c2d4ee3faa5ef832876aeb122deb05e01391e
m7_l2,0.9,M3,"PMOS diode mirror load, two units",18.9267667,0.0870857939,0.9204810371000001,PASS,89f886ce2a150b84945a5378f29c2d4ee3faa5ef832876aeb122deb05e01391e
m7_l2,0.9,M4,"PMOS mirror output load, two units",19.100699799999997,0.0872257401,1.0106624059,PASS,89f886ce2a150b84945a5378f29c2d4ee3faa5ef832876aeb122deb05e01391e
m7_l2,0.9,M5,NMOS tail current source,38.027469,0.0985645228,0.11516737120000001,PASS,89f886ce2a150b84945a5378f29c2d4ee3faa5ef832876aeb122deb05e01391e
m7_l2,0.9,M6,NMOS second-stage gain device,26.813286,0.102276767,0.796307261,PASS,89f886ce2a150b84945a5378f29c2d4ee3faa5ef832876aeb122deb05e01391e
m7_l2,0.9,M7,PMOS second-stage current source,35.7991235,0.144717075,0.756698897,PASS,89f886ce2a150b84945a5378f29c2d4ee3faa5ef832876aeb122deb05e01391e
m7_l2,0.9,M8,PMOS diode IREF reference,9.99999882,0.169702732,0.997543332,PASS,89f886ce2a150b84945a5378f29c2d4ee3faa5ef832876aeb122deb05e01391e
m7_l2,0.9,M9,PMOS VBN-bias current source,9.99144222,0.169694826,0.9723179730000002,PASS,89f886ce2a150b84945a5378f29c2d4ee3faa5ef832876aeb122deb05e01391e
m7_l2,0.9,M10,NMOS diode VBN reference,9.9914427,0.0923723431,0.5656148579,PASS,89f886ce2a150b84945a5378f29c2d4ee3faa5ef832876aeb122deb05e01391e
m7_l2,1.3,M1,"NMOS input, VINN side",20.0557546,0.0788537831,0.1663177159,PASS,89f886ce2a150b84945a5378f29c2d4ee3faa5ef832876aeb122deb05e01391e
m7_l2,1.3,M2,"NMOS input, VINP side",20.2598005,0.0804337457,0.06397666130000007,PASS,89f886ce2a150b84945a5378f29c2d4ee3faa5ef832876aeb122deb05e01391e
m7_l2,1.3,M3,"PMOS diode mirror load, two units",20.0557532,0.0887877744,0.9224231156000001,PASS,89f886ce2a150b84945a5378f29c2d4ee3faa5ef832876aeb122deb05e01391e
m7_l2,1.3,M4,"PMOS mirror output load, two units",20.2597986,0.0889477784,1.0230242036000001,PASS,89f886ce2a150b84945a5378f29c2d4ee3faa5ef832876aeb122deb05e01391e
m7_l2,1.3,M5,NMOS tail current source,40.3155535,0.0985647484,0.44505286259999993,PASS,89f886ce2a150b84945a5378f29c2d4ee3faa5ef832876aeb122deb05e01391e
m7_l2,1.3,M6,NMOS second-stage gain device,22.499209,0.0946058464,1.2019945936,PASS,89f886ce2a150b84945a5378f29c2d4ee3faa5ef832876aeb122deb05e01391e
m7_l2,1.3,M7,PMOS second-stage current source,35.4653322,0.144717022,0.35868253800000005,PASS,89f886ce2a150b84945a5378f29c2d4ee3faa5ef832876aeb122deb05e01391e
m7_l2,1.3,M8,PMOS diode IREF reference,9.99999882,0.169702732,0.997543332,PASS,89f886ce2a150b84945a5378f29c2d4ee3faa5ef832876aeb122deb05e01391e
m7_l2,1.3,M9,PMOS VBN-bias current source,9.99144222,0.169694826,0.9723179730000002,PASS,89f886ce2a150b84945a5378f29c2d4ee3faa5ef832876aeb122deb05e01391e
m7_l2,1.3,M10,NMOS diode VBN reference,9.9914427,0.0923723431,0.5656148579,PASS,89f886ce2a150b84945a5378f29c2d4ee3faa5ef832876aeb122deb05e01391e
