scale,command_V,drive_V,vout_V,vinn_V,vx_V,m6_id_A,m6_vdsat_V,m7_id_A,m7_vdsat_V,direction,mapping_error_V,tracking_error_mV,m6_saturation_margin_V,m7_saturation_margin_V,not_clipped,valid,point_status,reverse_vout_V,forward_reverse_delta_uV,reverse_valid,counterpart_point_status,manifest_sha256
1.8,0,1.8,0.0237401312,0.911870066,1.56608662,9.46942357e-05,0.503216294,9.48414268e-05,0.164712935,COMMAND_ASCENDING,0,23.7401312,-0.4794761628,1.611546934,True,False,TRACKING_FAIL;SATURATION,0.0237401312,0,False,TRACKING_FAIL;SATURATION,6b90c7326a881914a362e3b2e6e96e4716b20c8b8196590f22c2ce5e1ab460ab
1.79,0.01,1.79,0.0279935923,0.908996796,1.39823258,9.46407854e-05,0.443592226,9.48312775e-05,0.164711615,COMMAND_ASCENDING,-8.67361738e-18,17.9935923,-0.4155986337,1.607294793,True,False,TRACKING_FAIL;SATURATION,0.0279935923,0,False,TRACKING_FAIL;SATURATION,6b90c7326a881914a362e3b2e6e96e4716b20c8b8196590f22c2ce5e1ab460ab
1.78,0.02,1.78,0.03369594,0.90684797,1.25704464,9.45693007e-05,0.389964001,9.48176474e-05,0.164709847,COMMAND_ASCENDING,-1.734723476e-17,13.69594,-0.356268061,1.601594213,True,False,TRACKING_FAIL;SATURATION,0.03369594,0,False,TRACKING_FAIL;SATURATION,6b90c7326a881914a362e3b2e6e96e4716b20c8b8196590f22c2ce5e1ab460ab
1.77,0.03,1.77,0.0405341247,0.905267062,1.14942549,9.44835757e-05,0.345577694,9.48012665e-05,0.164707726,COMMAND_ASCENDING,-2.775557562e-17,10.5341247,-0.3050435693,1.594758149,True,False,TRACKING_FAIL;SATURATION,0.0405341247,0,False,TRACKING_FAIL;SATURATION,6b90c7326a881914a362e3b2e6e96e4716b20c8b8196590f22c2ce5e1ab460ab
1.76,0.04,1.76,0.0482212423,0.904110621,1.06990696,9.43873038e-05,0.310046352,9.47828049e-05,0.164705342,COMMAND_ASCENDING,-3.469446952e-17,8.2212423,-0.2618251097,1.587073416,True,False,SATURATION,0.0482212423,0,False,SATURATION,6b90c7326a881914a362e3b2e6e96e4716b20c8b8196590f22c2ce5e1ab460ab
1.75,0.05,1.75,0.0565185234,0.903259262,1.01136334,9.42833068e-05,0.281994281,9.47628215e-05,0.164702768,COMMAND_ASCENDING,-4.163336342e-17,6.5185234,-0.2254757576,1.578778709,True,False,SATURATION,0.0565185234,0,False,SATURATION,6b90c7326a881914a362e3b2e6e96e4716b20c8b8196590f22c2ce5e1ab460ab
1.74,0.06,1.74,0.0652485487,0.902624274,0.96786637,9.41738928e-05,0.259911784,9.47417321e-05,0.164700061,COMMAND_ASCENDING,-5.551115123e-17,5.2485487,-0.1946632353,1.57005139,True,False,SATURATION,0.0652485487,0,False,SATURATION,6b90c7326a881914a362e3b2e6e96e4716b20c8b8196590f22c2ce5e1ab460ab
1.73,0.07,1.73,0.0742866021,0.902143301,0.935088331,9.4060609e-05,0.242480333,9.47198289e-05,0.164697258,COMMAND_ASCENDING,-5.551115123e-17,4.2866021,-0.1681937309,1.56101614,True,False,SATURATION,0.0742866021,0,False,SATURATION,6b90c7326a881914a362e3b2e6e96e4716b20c8b8196590f22c2ce5e1ab460ab
1.72,0.08,1.72,0.0835469579,0.901773479,0.910015652,9.39445462e-05,0.228649976,9.46973128e-05,0.164694386,COMMAND_ASCENDING,-6.938893904e-17,3.5469579,-0.1451030181,1.551758656,True,False,SATURATION,0.0835469579,0,False,SATURATION,6b90c7326a881914a362e3b2e6e96e4716b20c8b8196590f22c2ce5e1ab460ab
1.71,0.09,1.71,0.0929706104,0.901485305,0.890574742,9.38261364e-05,0.217616918,9.46743216e-05,0.164691463,COMMAND_ASCENDING,-8.326672685e-17,2.9706104,-0.1246463076,1.542337927,True,False,SATURATION,0.0929706104,0,False,SATURATION,6b90c7326a881914a362e3b2e6e96e4716b20c8b8196590f22c2ce5e1ab460ab
1.7,0.1,1.7,0.102516764,0.901258382,0.875332006,9.37062494e-05,0.208774872,9.46509506e-05,0.164688503,COMMAND_ASCENDING,-8.326672685e-17,2.516764,-0.106258108,1.532794733,True,False,SATURATION,0.102516764,0,False,SATURATION,6b90c7326a881914a362e3b2e6e96e4716b20c8b8196590f22c2ce5e1ab460ab
1.69,0.11,1.69,0.112156544,0.901078272,0.863279252,9.35851089e-05,0.201665143,9.46272665e-05,0.164685513,COMMAND_ASCENDING,-9.714451465e-17,2.156544,-0.089508599,1.523157943,True,False,SATURATION,0.112156544,0,False,SATURATION,6b90c7326a881914a362e3b2e6e96e4716b20c8b8196590f22c2ce5e1ab460ab
1.68,0.12,1.68,0.121869122,0.900934561,0.853693056,9.34630185e-05,0.19593786,9.46033176e-05,0.164682501,COMMAND_ASCENDING,-1.110223025e-16,1.869122,-0.074068738,1.513448377,True,False,SATURATION,0.121869122,0,False,SATURATION,6b90c7326a881914a362e3b2e6e96e4716b20c8b8196590f22c2ce5e1ab460ab
1.67,0.13,1.67,0.131639055,0.900819527,0.846040661,9.33401007e-05,0.191321677,9.45791391e-05,0.164679472,COMMAND_ASCENDING,-1.110223025e-16,1.639055,-0.059682622,1.503681473,True,False,SATURATION,0.131639055,0,False,SATURATION,6b90c7326a881914a362e3b2e6e96e4716b20c8b8196590f22c2ce5e1ab460ab
1.66,0.14,1.66,0.141454602,0.900727301,0.839918881,9.32165272e-05,0.187602085,9.45547576e-05,0.164676428,COMMAND_ASCENDING,-1.110223025e-16,1.454602,-0.046147483,1.49386897,True,False,SATURATION,0.141454602,0,False,SATURATION,6b90c7326a881914a362e3b2e6e96e4716b20c8b8196590f22c2ce5e1ab460ab
1.65,0.15,1.65,0.151306514,0.900653257,0.835013616,9.30924103e-05,0.184605749,9.45301939e-05,0.164673373,COMMAND_ASCENDING,-1.387778781e-16,1.306514,-0.033299235,1.484020113,True,False,SATURATION,0.151306514,0,False,SATURATION,6b90c7326a881914a362e3b2e6e96e4716b20c8b8196590f22c2ce5e1ab460ab
1.64,0.16,1.64,0.161187391,0.900593696,0.83107387,9.29678388e-05,0.182189958,9.45054645e-05,0.164670309,COMMAND_ASCENDING,-1.387778781e-16,1.187391,-0.021002567,1.4741423,True,False,SATURATION,0.161187391,0,False,SATURATION,6b90c7326a881914a362e3b2e6e96e4716b20c8b8196590f22c2ce5e1ab460ab
1.63,0.17,1.63,0.171091175,0.900545587,0.82789577,9.28428893e-05,0.180236033,9.44805826e-05,0.164667238,COMMAND_ASCENDING,-1.387778781e-16,1.091175,-0.009144858,1.464241587,True,False,SATURATION,0.171091175,0,False,SATURATION,6b90c7326a881914a362e3b2e6e96e4716b20c8b8196590f22c2ce5e1ab460ab
1.62,0.18,1.62,0.181012904,0.900506452,0.825313161,9.27176213e-05,0.178645518,9.4455559e-05,0.164664161,COMMAND_ASCENDING,5.551115123e-17,1.012904,0.002367386,1.454322935,True,True,VALID,0.181012904,0,True,VALID,6b90c7326a881914a362e3b2e6e96e4716b20c8b8196590f22c2ce5e1ab460ab
1.61,0.19,1.61,0.190948563,0.900474281,0.823191993,9.25920829e-05,0.177337942,9.44304021e-05,0.16466108,COMMAND_ASCENDING,5.551115123e-17,0.948563,0.013610621,1.444390357,True,True,VALID,0.190948563,0,True,VALID,6b90c7326a881914a362e3b2e6e96e4716b20c8b8196590f22c2ce5e1ab460ab
1.6,0.2,1.6,0.20089496,0.90044748,0.821426146,9.24663133e-05,0.176249011,9.44051184e-05,0.164657996,COMMAND_ASCENDING,5.551115123e-17,0.89496,0.024645949,1.434447044,True,True,VALID,0.20089496,0,True,VALID,6b90c7326a881914a362e3b2e6e96e4716b20c8b8196590f22c2ce5e1ab460ab
1.59,0.21,1.59,0.210849619,0.900424809,0.819933366,9.23403406e-05,0.175328558,9.43797127e-05,0.16465491,COMMAND_ASCENDING,2.775557562e-17,0.849619,0.035521061,1.424495471,True,True,VALID,0.210849619,0,True,VALID,6b90c7326a881914a362e3b2e6e96e4716b20c8b8196590f22c2ce5e1ab460ab
1.58,0.22,1.58,0.220810649,0.900405325,0.818651039,9.22141879e-05,0.174538215,9.43541884e-05,0.164651821,COMMAND_ASCENDING,2.775557562e-17,0.810649,0.046272434,1.41453753,True,True,VALID,0.220810649,0,True,VALID,6b90c7326a881914a362e3b2e6e96e4716b20c8b8196590f22c2ce5e1ab460ab
1.57,0.23,1.57,0.230776627,0.900388314,0.817532045,9.20878712e-05,0.17384901,9.43285476e-05,0.164648731,COMMAND_ASCENDING,2.775557562e-17,0.776627,0.056927617,1.404574642,True,True,VALID,0.230776627,0,True,VALID,6b90c7326a881914a362e3b2e6e96e4716b20c8b8196590f22c2ce5e1ab460ab
1.56,0.24,1.56,0.240746487,0.900373243,0.816541099,9.19614024e-05,0.17323919,9.43027917e-05,0.164645639,COMMAND_ASCENDING,0,0.746487,0.067507297,1.394607874,True,True,VALID,0.240746487,0,True,VALID,6b90c7326a881914a362e3b2e6e96e4716b20c8b8196590f22c2ce5e1ab460ab
1.55,0.25,1.55,0.250719426,0.900359713,0.815651742,9.18347898e-05,0.172692412,9.42769211e-05,0.164642547,COMMAND_ASCENDING,0,0.719426,0.078027014,1.384638027,True,True,VALID,0.250719426,0,True,VALID,6b90c7326a881914a362e3b2e6e96e4716b20c8b8196590f22c2ce5e1ab460ab
1.54,0.26,1.54,0.260694841,0.90034742,0.81484402,9.17080394e-05,0.172196331,9.42509362e-05,0.164639454,COMMAND_ASCENDING,0,0.694841,0.08849851,1.374665705,True,True,VALID,0.260694841,0,True,VALID,6b90c7326a881914a362e3b2e6e96e4716b20c8b8196590f22c2ce5e1ab460ab
1.53,0.27,1.53,0.270672271,0.900336136,0.814102748,9.15811555e-05,0.171741542,9.42248365e-05,0.164636361,COMMAND_ASCENDING,0,0.672271,0.098930729,1.364691368,True,True,VALID,0.270672271,0,True,VALID,6b90c7326a881914a362e3b2e6e96e4716b20c8b8196590f22c2ce5e1ab460ab
1.52,0.28,1.52,0.280651364,0.900325682,0.813416247,9.1454141e-05,0.171320806,9.41986215e-05,0.164633267,COMMAND_ASCENDING,0,0.651364,0.109330558,1.354715369,True,True,VALID,0.280651364,0,True,VALID,6b90c7326a881914a362e3b2e6e96e4716b20c8b8196590f22c2ce5e1ab460ab
1.51,0.29,1.51,0.290631843,0.900315921,0.812775429,9.13269976e-05,0.170928481,9.41722905e-05,0.164630172,COMMAND_ASCENDING,-5.551115123e-17,0.631843,0.119703362,1.344737985,True,True,VALID,0.290631843,0,True,VALID,6b90c7326a881914a362e3b2e6e96e4716b20c8b8196590f22c2ce5e1ab460ab
1.5,0.3,1.5,0.30061349,0.900306745,0.812173136,9.11997265e-05,0.170560125,9.41458425e-05,0.164627077,COMMAND_ASCENDING,-5.551115123e-17,0.61349,0.130053365,1.334759433,True,True,VALID,0.30061349,0,True,VALID,6b90c7326a881914a362e3b2e6e96e4716b20c8b8196590f22c2ce5e1ab460ab
1.49,0.31,1.49,0.310596134,0.900298067,0.811603663,9.10723282e-05,0.170212193,9.41192764e-05,0.164623982,COMMAND_ASCENDING,-5.551115123e-17,0.596134,0.140383941,1.324779884,True,True,VALID,0.310596136,0.001999999999,True,VALID,6b90c7326a881914a362e3b2e6e96e4716b20c8b8196590f22c2ce5e1ab460ab
1.48,0.32,1.48,0.320579615,0.900289808,0.811062415,9.09448027e-05,0.169881828,9.40925911e-05,0.164620887,COMMAND_ASCENDING,-5.551115123e-17,0.579615,0.150697787,1.314799498,True,True,VALID,0.320579615,0,True,VALID,6b90c7326a881914a362e3b2e6e96e4716b20c8b8196590f22c2ce5e1ab460ab
1.47,0.33,1.47,0.330563877,0.900281939,0.810545644,9.08171502e-05,0.1695667,9.40657851e-05,0.164617791,COMMAND_ASCENDING,-5.551115123e-17,0.563877,0.160997177,1.304818332,True,True,VALID,0.330563877,0,True,VALID,6b90c7326a881914a362e3b2e6e96e4716b20c8b8196590f22c2ce5e1ab460ab
1.46,0.34,1.46,0.34054877,0.900274385,0.810050268,9.06893697e-05,0.169264891,9.40388571e-05,0.164614696,COMMAND_ASCENDING,-5.551115123e-17,0.54877,0.171283879,1.294836534,True,True,VALID,0.34054877,0,True,VALID,6b90c7326a881914a362e3b2e6e96e4716b20c8b8196590f22c2ce5e1ab460ab
1.45,0.35,1.45,0.350534234,0.900267117,0.809573724,9.05614605e-05,0.168974806,9.40118058e-05,0.1646116,COMMAND_ASCENDING,-1.110223025e-16,0.534234,0.181559428,1.284854166,True,True,VALID,0.350534234,0,True,VALID,6b90c7326a881914a362e3b2e6e96e4716b20c8b8196590f22c2ce5e1ab460ab
1.44,0.36,1.44,0.360520204,0.900260102,0.809113863,9.04334219e-05,0.168695109,9.39846295e-05,0.164608504,COMMAND_ASCENDING,-1.110223025e-16,0.520204,0.191825095,1.274871292,True,True,VALID,0.360520204,0,True,VALID,6b90c7326a881914a362e3b2e6e96e4716b20c8b8196590f22c2ce5e1ab460ab
1.43,0.37,1.43,0.370506625,0.900253313,0.808668869,9.03052527e-05,0.168424667,9.39573267e-05,0.164605408,COMMAND_ASCENDING,-1.110223025e-16,0.506625,0.202081958,1.264887967,True,True,VALID,0.370506625,0,True,VALID,6b90c7326a881914a362e3b2e6e96e4716b20c8b8196590f22c2ce5e1ab460ab
1.42,0.38,1.42,0.38049345,0.900246725,0.808237194,9.01769517e-05,0.168162518,9.39298958e-05,0.164602311,COMMAND_ASCENDING,-1.110223025e-16,0.49345,0.212330932,1.254904239,True,True,VALID,0.38049345,0,True,VALID,6b90c7326a881914a362e3b2e6e96e4716b20c8b8196590f22c2ce5e1ab460ab
1.41,0.39,1.41,0.390480639,0.90024032,0.807817509,9.00485175e-05,0.167907833,9.3902335e-05,0.164599215,COMMAND_ASCENDING,-1.110223025e-16,0.480639,0.222572806,1.244920146,True,True,VALID,0.390480639,0,True,VALID,6b90c7326a881914a362e3b2e6e96e4716b20c8b8196590f22c2ce5e1ab460ab
1.4,0.4,1.4,0.400468157,0.900234079,0.807408669,8.99199488e-05,0.167659899,9.38746428e-05,0.164596119,COMMAND_ASCENDING,-1.110223025e-16,0.468157,0.232808258,1.234935724,True,True,VALID,0.400468157,0,True,VALID,6b90c7326a881914a362e3b2e6e96e4716b20c8b8196590f22c2ce5e1ab460ab
1.39,0.41,1.39,0.410455974,0.900227987,0.807009675,8.97912441e-05,0.167418093,9.38468171e-05,0.164593022,COMMAND_ASCENDING,-1.665334537e-16,0.455974,0.243037881,1.224951004,True,True,VALID,0.410455974,0,True,VALID,6b90c7326a881914a362e3b2e6e96e4716b20c8b8196590f22c2ce5e1ab460ab
1.38,0.42,1.38,0.420444063,0.900222031,0.806619656,8.96624016e-05,0.167181872,9.38188563e-05,0.164589926,COMMAND_ASCENDING,-1.665334537e-16,0.444063,0.253262191,1.214966011,True,True,VALID,0.420444063,0,True,VALID,6b90c7326a881914a362e3b2e6e96e4716b20c8b8196590f22c2ce5e1ab460ab
1.37,0.43,1.37,0.4304324,0.9002162,0.806237846,8.95334198e-05,0.16695076,9.37907585e-05,0.164586829,COMMAND_ASCENDING,5.551115123e-17,0.4324,0.26348164,1.204980771,True,True,VALID,0.4304324,0,True,VALID,6b90c7326a881914a362e3b2e6e96e4716b20c8b8196590f22c2ce5e1ab460ab
1.36,0.44,1.36,0.440420966,0.900210483,0.805863568,8.94042969e-05,0.166724333,9.37625217e-05,0.164583732,COMMAND_ASCENDING,5.551115123e-17,0.420966,0.273696633,1.194995302,True,True,VALID,0.440420966,0,True,VALID,6b90c7326a881914a362e3b2e6e96e4716b20c8b8196590f22c2ce5e1ab460ab
1.35,0.45,1.35,0.450409742,0.900204871,0.805496222,8.9275031e-05,0.166502218,9.37341439e-05,0.164580636,COMMAND_ASCENDING,5.551115123e-17,0.409742,0.283907524,1.185009622,True,True,VALID,0.450409742,0,True,VALID,6b90c7326a881914a362e3b2e6e96e4716b20c8b8196590f22c2ce5e1ab460ab
1.34,0.46,1.34,0.460398712,0.900199356,0.805135272,8.91456204e-05,0.166284081,9.37056231e-05,0.164577539,COMMAND_ASCENDING,5.551115123e-17,0.398712,0.294114631,1.175023749,True,True,VALID,0.460398712,0,True,VALID,6b90c7326a881914a362e3b2e6e96e4716b20c8b8196590f22c2ce5e1ab460ab
1.33,0.47,1.33,0.470387861,0.90019393,0.804780239,8.90160629e-05,0.166069622,9.36769572e-05,0.164574442,COMMAND_ASCENDING,0,0.387861,0.304318239,1.165037697,True,True,VALID,0.470387861,0,True,VALID,6b90c7326a881914a362e3b2e6e96e4716b20c8b8196590f22c2ce5e1ab460ab
1.32,0.48,1.32,0.480377176,0.900188588,0.804430694,8.88863567e-05,0.165858575,9.36481441e-05,0.164571345,COMMAND_ASCENDING,0,0.377176,0.314518601,1.155051479,True,True,VALID,0.480377176,0,True,VALID,6b90c7326a881914a362e3b2e6e96e4716b20c8b8196590f22c2ce5e1ab460ab
1.31,0.49,1.31,0.490366645,0.900183323,0.804086247,8.87564996e-05,0.165650696,9.36191816e-05,0.164568249,COMMAND_ASCENDING,0,0.366645,0.324715949,1.145065106,True,True,VALID,0.490366645,0,True,VALID,6b90c7326a881914a362e3b2e6e96e4716b20c8b8196590f22c2ce5e1ab460ab
1.3,0.5,1.3,0.500356258,0.900178129,0.803746548,8.86264895e-05,0.165445766,9.35900675e-05,0.164565152,COMMAND_ASCENDING,0,0.356258,0.334910492,1.13507859,True,True,VALID,0.500356258,0,True,VALID,6b90c7326a881914a362e3b2e6e96e4716b20c8b8196590f22c2ce5e1ab460ab
1.29,0.51,1.29,0.510346005,0.900173003,0.803411278,8.84963242e-05,0.165243587,9.35607994e-05,0.164562055,COMMAND_ASCENDING,0,0.346005,0.345102418,1.12509194,True,True,VALID,0.510346005,0,True,VALID,6b90c7326a881914a362e3b2e6e96e4716b20c8b8196590f22c2ce5e1ab460ab
1.28,0.52,1.28,0.520335878,0.900167939,0.803080147,8.83660014e-05,0.165043977,9.35313751e-05,0.164558958,COMMAND_ASCENDING,0,0.335878,0.355291901,1.115105164,True,True,VALID,0.520335878,0,True,VALID,6b90c7326a881914a362e3b2e6e96e4716b20c8b8196590f22c2ce5e1ab460ab
1.27,0.53,1.27,0.530325867,0.900162934,0.802752889,8.82355187e-05,0.164846771,9.35017921e-05,0.164555861,COMMAND_ASCENDING,0,0.325867,0.365479096,1.105118272,True,True,VALID,0.530325867,0,True,VALID,6b90c7326a881914a362e3b2e6e96e4716b20c8b8196590f22c2ce5e1ab460ab
1.26,0.54,1.26,0.540315966,0.900157983,0.802429261,8.81048738e-05,0.164651817,9.34720479e-05,0.164552764,COMMAND_ASCENDING,0,0.315966,0.375664149,1.09513127,True,True,VALID,0.540315966,0,True,VALID,6b90c7326a881914a362e3b2e6e96e4716b20c8b8196590f22c2ce5e1ab460ab
1.25,0.55,1.25,0.550306168,0.900153084,0.802109042,8.79740643e-05,0.164458977,9.344214e-05,0.164549667,COMMAND_ASCENDING,0,0.306168,0.385847191,1.085144165,True,True,VALID,0.550306168,0,True,VALID,6b90c7326a881914a362e3b2e6e96e4716b20c8b8196590f22c2ce5e1ab460ab
1.24,0.56,1.24,0.560296467,0.900148233,0.801792024,8.78430875e-05,0.164268122,9.34120658e-05,0.16454657,COMMAND_ASCENDING,0,0.296467,0.396028345,1.075156963,True,True,VALID,0.560296467,0,True,VALID,6b90c7326a881914a362e3b2e6e96e4716b20c8b8196590f22c2ce5e1ab460ab
1.23,0.57,1.23,0.570286801,0.9001434,0.801478022,8.77119414e-05,0.164079135,9.33818229e-05,0.164543473,COMMAND_ASCENDING,-1.110223025e-16,0.286801,0.406207666,1.065169726,True,True,VALID,0.570286801,0,True,VALID,6b90c7326a881914a362e3b2e6e96e4716b20c8b8196590f22c2ce5e1ab460ab
1.22,0.58,1.22,0.580277332,0.900138666,0.801166854,8.75806217e-05,0.163891904,9.3351408e-05,0.164540376,COMMAND_ASCENDING,-1.110223025e-16,0.277332,0.416385428,1.055182292,True,True,VALID,0.580277332,0,True,VALID,6b90c7326a881914a362e3b2e6e96e4716b20c8b8196590f22c2ce5e1ab460ab
1.21,0.59,1.21,0.590267887,0.900133944,0.800858363,8.74491273e-05,0.163706329,9.33208188e-05,0.164537279,COMMAND_ASCENDING,-1.110223025e-16,0.267887,0.426561558,1.045194834,True,True,VALID,0.590267887,0,True,VALID,6b90c7326a881914a362e3b2e6e96e4716b20c8b8196590f22c2ce5e1ab460ab
1.2,0.6,1.2,0.600258519,0.90012926,0.800552397,8.73174549e-05,0.163522317,9.32900522e-05,0.164534182,COMMAND_ASCENDING,-1.110223025e-16,0.258519,0.436736202,1.035207299,True,True,VALID,0.600258519,0,True,VALID,6b90c7326a881914a362e3b2e6e96e4716b20c8b8196590f22c2ce5e1ab460ab
1.19,0.61,1.19,0.610249223,0.900124612,0.800248815,8.71856015e-05,0.16333978,9.32591054e-05,0.164531085,COMMAND_ASCENDING,-1.110223025e-16,0.249223,0.446909443,1.025219692,True,True,VALID,0.610249223,0,True,VALID,6b90c7326a881914a362e3b2e6e96e4716b20c8b8196590f22c2ce5e1ab460ab
1.18,0.62,1.18,0.62023969,0.900119845,0.799947494,8.70535675e-05,0.16315864,9.32279763e-05,0.164527989,COMMAND_ASCENDING,-1.110223025e-16,0.23969,0.45708105,1.015232321,True,True,VALID,0.62023969,0,True,VALID,6b90c7326a881914a362e3b2e6e96e4716b20c8b8196590f22c2ce5e1ab460ab
1.17,0.63,1.17,0.630230468,0.900115234,0.799648298,8.69213438e-05,0.162978812,9.31966601e-05,0.164524892,COMMAND_ASCENDING,-1.110223025e-16,0.230468,0.467251656,1.00524464,True,True,VALID,0.630230468,0,True,VALID,6b90c7326a881914a362e3b2e6e96e4716b20c8b8196590f22c2ce5e1ab460ab
1.16,0.64,1.16,0.640221727,0.900110863,0.799351107,8.67889253e-05,0.162800223,9.31651531e-05,0.164521795,COMMAND_ASCENDING,-1.110223025e-16,0.221727,0.477421504,0.995256478,True,True,VALID,0.640221727,0,True,VALID,6b90c7326a881914a362e3b2e6e96e4716b20c8b8196590f22c2ce5e1ab460ab
1.15,0.65,1.15,0.65021268,0.90010634,0.799055835,8.66563175e-05,0.162622816,9.31334543e-05,0.164518698,COMMAND_ASCENDING,-1.110223025e-16,0.21268,0.487589864,0.985268622,True,True,VALID,0.65021268,0,True,VALID,6b90c7326a881914a362e3b2e6e96e4716b20c8b8196590f22c2ce5e1ab460ab
1.14,0.66,1.14,0.660203688,0.900101844,0.79876237,8.65235129e-05,0.162446525,9.31015595e-05,0.164515601,COMMAND_ASCENDING,-1.110223025e-16,0.203688,0.497757163,0.975280711,True,True,VALID,0.660203688,0,True,VALID,6b90c7326a881914a362e3b2e6e96e4716b20c8b8196590f22c2ce5e1ab460ab
1.13,0.67,1.13,0.670194747,0.900097374,0.798470618,8.63905084e-05,0.162271288,9.30694651e-05,0.164512504,COMMAND_ASCENDING,-1.110223025e-16,0.194747,0.507923459,0.965292749,True,True,VALID,0.670194747,0,True,VALID,6b90c7326a881914a362e3b2e6e96e4716b20c8b8196590f22c2ce5e1ab460ab
1.12,0.68,1.12,0.680185855,0.900092928,0.798180489,8.62573002e-05,0.162097051,9.30371676e-05,0.164509407,COMMAND_ASCENDING,1.110223025e-16,0.185855,0.518088804,0.955304738,True,True,VALID,0.680185855,0,True,VALID,6b90c7326a881914a362e3b2e6e96e4716b20c8b8196590f22c2ce5e1ab460ab
1.11,0.69,1.11,0.690177009,0.900088505,0.797891899,8.61238849e-05,0.16192376,9.30046634e-05,0.16450631,COMMAND_ASCENDING,0,0.177009,0.528253249,0.945316681,True,True,VALID,0.690177009,0,True,VALID,6b90c7326a881914a362e3b2e6e96e4716b20c8b8196590f22c2ce5e1ab460ab
1.1,0.7,1.1,0.700168207,0.900084103,0.797604768,8.59902587e-05,0.161751366,9.29719488e-05,0.164503213,COMMAND_ASCENDING,0,0.168207,0.538416841,0.93532858,True,True,VALID,0.700168207,0,True,VALID,6b90c7326a881914a362e3b2e6e96e4716b20c8b8196590f22c2ce5e1ab460ab
1.09,0.71,1.09,0.710159446,0.900079723,0.797319019,8.58564178e-05,0.16157982,9.29390199e-05,0.164500116,COMMAND_ASCENDING,0,0.159446,0.548579626,0.925340438,True,True,VALID,0.710159446,0,True,VALID,6b90c7326a881914a362e3b2e6e96e4716b20c8b8196590f22c2ce5e1ab460ab
1.08,0.72,1.08,0.720150724,0.900075362,0.797034581,8.57223583e-05,0.161409079,9.29058728e-05,0.164497019,COMMAND_ASCENDING,0,0.150724,0.558741645,0.915352257,True,True,VALID,0.720150724,0,True,VALID,6b90c7326a881914a362e3b2e6e96e4716b20c8b8196590f22c2ce5e1ab460ab
1.07,0.73,1.07,0.730142039,0.900071019,0.796751385,8.55880763e-05,0.161239099,9.28725034e-05,0.164493922,COMMAND_ASCENDING,0,0.142039,0.56890294,0.905364039,True,True,VALID,0.730142039,0,True,VALID,6b90c7326a881914a362e3b2e6e96e4716b20c8b8196590f22c2ce5e1ab460ab
1.06,0.74,1.06,0.740133389,0.900066694,0.796469366,8.54535674e-05,0.161069839,9.28389076e-05,0.164490825,COMMAND_ASCENDING,0,0.133389,0.57906355,0.895375786,True,True,VALID,0.740133389,0,True,VALID,6b90c7326a881914a362e3b2e6e96e4716b20c8b8196590f22c2ce5e1ab460ab
1.05,0.75,1.05,0.750124772,0.900062386,0.796188462,8.53188275e-05,0.160901261,9.28050812e-05,0.164487728,COMMAND_ASCENDING,0,0.124772,0.589223511,0.8853875,True,True,VALID,0.750124772,0,True,VALID,6b90c7326a881914a362e3b2e6e96e4716b20c8b8196590f22c2ce5e1ab460ab
1.04,0.76,1.04,0.760116186,0.900058093,0.795908614,8.51838522e-05,0.160733328,9.27710196e-05,0.164484632,COMMAND_ASCENDING,0,0.116186,0.599382858,0.875399182,True,True,VALID,0.760116186,0,True,VALID,6b90c7326a881914a362e3b2e6e96e4716b20c8b8196590f22c2ce5e1ab460ab
1.03,0.77,1.03,0.770107631,0.900053815,0.795629766,8.50486369e-05,0.160566004,9.27367183e-05,0.164481535,COMMAND_ASCENDING,0,0.107631,0.609541627,0.865410834,True,True,VALID,0.770107631,0,True,VALID,6b90c7326a881914a362e3b2e6e96e4716b20c8b8196590f22c2ce5e1ab460ab
1.02,0.78,1.02,0.780099103,0.900049551,0.795351862,8.4913177e-05,0.160399255,9.27021727e-05,0.164478438,COMMAND_ASCENDING,0,0.099103,0.619699848,0.855422459,True,True,VALID,0.780099103,0,True,VALID,6b90c7326a881914a362e3b2e6e96e4716b20c8b8196590f22c2ce5e1ab460ab
1.01,0.79,1.01,0.790090601,0.900045301,0.79507485,8.47774677e-05,0.160233049,9.2667378e-05,0.164475341,COMMAND_ASCENDING,0,0.090601,0.629857552,0.845434058,True,True,VALID,0.790090601,0,True,VALID,6b90c7326a881914a362e3b2e6e96e4716b20c8b8196590f22c2ce5e1ab460ab
1,0.8,1,0.800082125,0.900041062,0.794798682,8.46415039e-05,0.160067355,9.26323291e-05,0.164472244,COMMAND_ASCENDING,0,0.082125,0.64001477,0.835445631,True,True,VALID,0.800082125,0,True,VALID,6b90c7326a881914a362e3b2e6e96e4716b20c8b8196590f22c2ce5e1ab460ab
0.99,0.81,0.99,0.810073671,0.900036836,0.794523308,8.45052807e-05,0.159902142,9.25970209e-05,0.164469147,COMMAND_ASCENDING,0,0.073671,0.650171529,0.825457182,True,True,VALID,0.810073671,0,True,VALID,6b90c7326a881914a362e3b2e6e96e4716b20c8b8196590f22c2ce5e1ab460ab
0.98,0.82,0.98,0.82006524,0.90003262,0.794248682,8.43687926e-05,0.159737382,9.25614481e-05,0.164466051,COMMAND_ASCENDING,-1.110223025e-16,0.06524,0.660327858,0.815468709,True,True,VALID,0.82006524,0,True,VALID,6b90c7326a881914a362e3b2e6e96e4716b20c8b8196590f22c2ce5e1ab460ab
0.97,0.83,0.97,0.830056829,0.900028415,0.79397476,8.42320343e-05,0.159573046,9.25256053e-05,0.164462954,COMMAND_ASCENDING,-1.110223025e-16,0.056829,0.670483783,0.805480217,True,True,VALID,0.830056829,0,True,VALID,6b90c7326a881914a362e3b2e6e96e4716b20c8b8196590f22c2ce5e1ab460ab
0.96,0.84,0.96,0.840048438,0.900024219,0.793701498,8.40950002e-05,0.159409107,9.24894869e-05,0.164459857,COMMAND_ASCENDING,-1.110223025e-16,0.048438,0.680639331,0.795491705,True,True,VALID,0.840048438,0,True,VALID,6b90c7326a881914a362e3b2e6e96e4716b20c8b8196590f22c2ce5e1ab460ab
0.95,0.85,0.95,0.850040064,0.900020032,0.793428855,8.39576844e-05,0.15924554,9.24530869e-05,0.16445676,COMMAND_ASCENDING,-1.110223025e-16,0.040064,0.690794524,0.785503176,True,True,VALID,0.850040064,0,True,VALID,6b90c7326a881914a362e3b2e6e96e4716b20c8b8196590f22c2ce5e1ab460ab
0.94,0.86,0.94,0.860031708,0.900015854,0.793156789,8.38200809e-05,0.159082318,9.24163994e-05,0.164453664,COMMAND_ASCENDING,-1.110223025e-16,0.031708,0.70094939,0.775514628,True,True,VALID,0.860031708,0,True,VALID,6b90c7326a881914a362e3b2e6e96e4716b20c8b8196590f22c2ce5e1ab460ab
0.93,0.87,0.93,0.870023366,0.900011683,0.792885262,8.36821835e-05,0.158919417,9.23794182e-05,0.164450567,COMMAND_ASCENDING,0,0.023366,0.711103949,0.765526067,True,True,VALID,0.870023366,0,True,VALID,6b90c7326a881914a362e3b2e6e96e4716b20c8b8196590f22c2ce5e1ab460ab
0.92,0.88,0.92,0.88001504,0.90000752,0.792614234,8.35439858e-05,0.158756813,9.23421369e-05,0.16444747,COMMAND_ASCENDING,0,0.01504,0.721258227,0.75553749,True,True,VALID,0.88001504,0,True,VALID,6b90c7326a881914a362e3b2e6e96e4716b20c8b8196590f22c2ce5e1ab460ab
0.91,0.89,0.91,0.890006726,0.900003363,0.792343669,8.34054811e-05,0.158594483,9.23045487e-05,0.164444373,COMMAND_ASCENDING,0,0.006726,0.731412243,0.745548901,True,True,VALID,0.890006726,0,True,VALID,6b90c7326a881914a362e3b2e6e96e4716b20c8b8196590f22c2ce5e1ab460ab
0.9,0.9,0.9,0.899998424,0.899999212,0.79207353,8.32666626e-05,0.158432404,9.22666468e-05,0.164441277,COMMAND_ASCENDING,0,0.001576,0.74156602,0.735560299,True,True,VALID,0.899998424,0,True,VALID,6b90c7326a881914a362e3b2e6e96e4716b20c8b8196590f22c2ce5e1ab460ab
0.89,0.91,0.89,0.909990134,0.899995067,0.791803781,8.31275232e-05,0.158270552,9.22284241e-05,0.16443818,COMMAND_ASCENDING,0,0.009866,0.751719582,0.725571686,True,True,VALID,0.909990134,0,True,VALID,6b90c7326a881914a362e3b2e6e96e4716b20c8b8196590f22c2ce5e1ab460ab
0.88,0.92,0.88,0.919981853,0.899990927,0.791534387,8.29880554e-05,0.158108908,9.21898731e-05,0.164435083,COMMAND_ASCENDING,0,0.018147,0.761872945,0.715583064,True,True,VALID,0.919981853,0,True,VALID,6b90c7326a881914a362e3b2e6e96e4716b20c8b8196590f22c2ce5e1ab460ab
0.87,0.93,0.87,0.929973582,0.899986791,0.791265315,8.28482516e-05,0.157947448,9.21509862e-05,0.164431987,COMMAND_ASCENDING,0,0.026418,0.772026134,0.705594431,True,True,VALID,0.929973582,0,True,VALID,6b90c7326a881914a362e3b2e6e96e4716b20c8b8196590f22c2ce5e1ab460ab
0.86,0.94,0.86,0.939965318,0.899982659,0.79099653,8.27081039e-05,0.157786152,9.21117555e-05,0.16442889,COMMAND_ASCENDING,-1.110223025e-16,0.034682,0.782179166,0.695605792,True,True,VALID,0.939965318,0,True,VALID,6b90c7326a881914a362e3b2e6e96e4716b20c8b8196590f22c2ce5e1ab460ab
0.85,0.95,0.85,0.949957061,0.89997853,0.790727998,8.2567604e-05,0.157624999,9.20721727e-05,0.164425794,COMMAND_ASCENDING,-1.110223025e-16,0.042939,0.792332062,0.685617145,True,True,VALID,0.949957061,0,True,VALID,6b90c7326a881914a362e3b2e6e96e4716b20c8b8196590f22c2ce5e1ab460ab
0.84,0.96,0.84,0.95994881,0.899974405,0.790459688,8.24267434e-05,0.157463968,9.20322292e-05,0.164422697,COMMAND_ASCENDING,-1.110223025e-16,0.05119,0.802484842,0.675628493,True,True,VALID,0.95994881,0,True,VALID,6b90c7326a881914a362e3b2e6e96e4716b20c8b8196590f22c2ce5e1ab460ab
0.83,0.97,0.83,0.969940558,0.899970279,0.790191568,8.22855132e-05,0.157303039,9.19919162e-05,0.164419601,COMMAND_ASCENDING,-1.110223025e-16,0.059442,0.812637519,0.665639841,True,True,VALID,0.969940558,0,True,VALID,6b90c7326a881914a362e3b2e6e96e4716b20c8b8196590f22c2ce5e1ab460ab
0.82,0.98,0.82,0.979932321,0.89996616,0.789923603,8.2143904e-05,0.157142192,9.19512243e-05,0.164416504,COMMAND_ASCENDING,-1.110223025e-16,0.067679,0.822790129,0.655651175,True,True,VALID,0.979932321,0,True,VALID,6b90c7326a881914a362e3b2e6e96e4716b20c8b8196590f22c2ce5e1ab460ab
0.81,0.99,0.81,0.989924081,0.89996204,0.789655764,8.20019064e-05,0.156981407,9.1910144e-05,0.164413408,COMMAND_ASCENDING,0,0.075919,0.832942674,0.645662511,True,True,VALID,0.989924081,0,True,VALID,6b90c7326a881914a362e3b2e6e96e4716b20c8b8196590f22c2ce5e1ab460ab
0.8,1,0.8,0.999915843,0.899957922,0.789388017,8.18595103e-05,0.156820663,9.18686653e-05,0.164410311,COMMAND_ASCENDING,0,0.084157,0.84309518,0.635673846,True,True,VALID,0.999915843,0,True,VALID,6b90c7326a881914a362e3b2e6e96e4716b20c8b8196590f22c2ce5e1ab460ab
0.79,1.01,0.79,1.00990761,0.899953803,0.789120333,8.17167052e-05,0.156659942,9.18267776e-05,0.164407215,COMMAND_ASCENDING,0,0.09239,0.853247668,0.625685175,True,True,VALID,1.00990761,0,True,VALID,6b90c7326a881914a362e3b2e6e96e4716b20c8b8196590f22c2ce5e1ab460ab
0.78,1.02,0.78,1.01989937,0.899949685,0.788852678,8.15734802e-05,0.156499223,9.17844701e-05,0.164404118,COMMAND_ASCENDING,0,0.10063,0.863400147,0.615696512,True,True,VALID,1.01989937,0,True,VALID,6b90c7326a881914a362e3b2e6e96e4716b20c8b8196590f22c2ce5e1ab460ab
0.77,1.03,0.77,1.02989113,0.899945566,0.788585022,8.14298241e-05,0.156338486,9.17417315e-05,0.164401022,COMMAND_ASCENDING,0,0.10887,0.873552644,0.605707848,True,True,VALID,1.02989113,0,True,VALID,6b90c7326a881914a362e3b2e6e96e4716b20c8b8196590f22c2ce5e1ab460ab
0.76,1.04,0.76,1.03988289,0.899941446,0.788317333,8.12857249e-05,0.156177712,9.16985499e-05,0.164397925,COMMAND_ASCENDING,0,0.11711,0.883705178,0.595719185,True,True,VALID,1.03988289,0,True,VALID,6b90c7326a881914a362e3b2e6e96e4716b20c8b8196590f22c2ce5e1ab460ab
0.75,1.05,0.75,1.04987465,0.899937324,0.788049579,8.11411703e-05,0.15601688,9.16549128e-05,0.164394829,COMMAND_ASCENDING,0,0.12535,0.89385777,0.585730521,True,True,VALID,1.04987465,0,True,VALID,6b90c7326a881914a362e3b2e6e96e4716b20c8b8196590f22c2ce5e1ab460ab
0.74,1.06,0.74,1.05986634,0.899933171,0.787781729,8.0996148e-05,0.155855971,9.16108077e-05,0.164391733,COMMAND_ASCENDING,0,0.13366,0.904010369,0.575741927,True,True,VALID,1.05986634,0,True,VALID,6b90c7326a881914a362e3b2e6e96e4716b20c8b8196590f22c2ce5e1ab460ab
0.73,1.07,0.73,1.06985815,0.899929074,0.787513747,8.08506421e-05,0.155694962,9.156622e-05,0.164388636,COMMAND_ASCENDING,0,0.14185,0.914163188,0.565753214,True,True,VALID,1.06985815,0,True,VALID,6b90c7326a881914a362e3b2e6e96e4716b20c8b8196590f22c2ce5e1ab460ab
0.72,1.08,0.72,1.07984989,0.899924945,0.787245604,8.07046407e-05,0.155533836,9.15211365e-05,0.16438554,COMMAND_ASCENDING,0,0.15011,0.924316054,0.55576457,True,True,VALID,1.07984989,0,True,VALID,6b90c7326a881914a362e3b2e6e96e4716b20c8b8196590f22c2ce5e1ab460ab
0.71,1.09,0.71,1.0898416,0.899920802,0.786977266,8.05581284e-05,0.155372569,9.14755419e-05,0.164382444,COMMAND_ASCENDING,0,0.1584,0.934469031,0.545775956,True,True,VALID,1.0898416,0,True,VALID,6b90c7326a881914a362e3b2e6e96e4716b20c8b8196590f22c2ce5e1ab460ab
0.7,1.1,0.7,1.09983335,0.899916677,0.786708698,8.04110886e-05,0.155211141,9.14294204e-05,0.164379347,COMMAND_ASCENDING,0,0.16665,0.944622209,0.535787303,True,True,VALID,1.09983335,0,True,VALID,6b90c7326a881914a362e3b2e6e96e4716b20c8b8196590f22c2ce5e1ab460ab
0.69,1.11,0.69,1.10982507,0.899912535,0.786439867,8.02635057e-05,0.155049531,9.13827557e-05,0.164376251,COMMAND_ASCENDING,0,0.17493,0.954775539,0.525798679,True,True,VALID,1.10982507,0,True,VALID,6b90c7326a881914a362e3b2e6e96e4716b20c8b8196590f22c2ce5e1ab460ab
0.68,1.12,0.68,1.11981678,0.899908389,0.786170737,8.0115362e-05,0.154887715,9.13355304e-05,0.164373155,COMMAND_ASCENDING,0,0.18322,0.964929065,0.515810065,True,True,VALID,1.11981678,0,True,VALID,6b90c7326a881914a362e3b2e6e96e4716b20c8b8196590f22c2ce5e1ab460ab
0.67,1.13,0.67,1.12980847,0.899904237,0.785901273,7.99666392e-05,0.154725672,9.12877262e-05,0.164370059,COMMAND_ASCENDING,0,0.19153,0.975082798,0.505821471,True,True,VALID,1.12980847,0,True,VALID,6b90c7326a881914a362e3b2e6e96e4716b20c8b8196590f22c2ce5e1ab460ab
0.66,1.14,0.66,1.13980016,0.899900079,0.785631436,7.9817318e-05,0.154563377,9.12393238e-05,0.164366962,COMMAND_ASCENDING,-2.220446049e-16,0.19984,0.985236783,0.495832878,True,True,VALID,1.13980016,0,True,VALID,6b90c7326a881914a362e3b2e6e96e4716b20c8b8196590f22c2ce5e1ab460ab
0.65,1.15,0.65,1.14979183,0.899895914,0.78536119,7.9667378e-05,0.154400807,9.11903029e-05,0.164363866,COMMAND_ASCENDING,0,0.20817,0.995391023,0.485844304,True,True,VALID,1.14979183,0,True,VALID,6b90c7326a881914a362e3b2e6e96e4716b20c8b8196590f22c2ce5e1ab460ab
0.64,1.16,0.64,1.15978348,0.899891742,0.785090495,7.95167974e-05,0.154237937,9.11406419e-05,0.16436077,COMMAND_ASCENDING,-2.220446049e-16,0.21652,1.005545543,0.47585575,True,True,VALID,1.15978348,0,True,VALID,6b90c7326a881914a362e3b2e6e96e4716b20c8b8196590f22c2ce5e1ab460ab
0.63,1.17,0.63,1.16977512,0.899887561,0.784819309,7.93655534e-05,0.154074741,9.10903179e-05,0.164357674,COMMAND_ASCENDING,0,0.22488,1.015700379,0.465867206,True,True,VALID,1.16977512,0,True,VALID,6b90c7326a881914a362e3b2e6e96e4716b20c8b8196590f22c2ce5e1ab460ab
0.62,1.18,0.62,1.17976674,0.899883372,0.784547591,7.92136216e-05,0.153911192,9.10393067e-05,0.164354578,COMMAND_ASCENDING,-2.220446049e-16,0.23326,1.025855548,0.455878682,True,True,VALID,1.17976674,0,True,VALID,6b90c7326a881914a362e3b2e6e96e4716b20c8b8196590f22c2ce5e1ab460ab
0.61,1.19,0.61,1.18975835,0.899879174,0.784275297,7.90609761e-05,0.153747263,9.09875824e-05,0.164351482,COMMAND_ASCENDING,0,0.24165,1.036011087,0.445890168,True,True,VALID,1.18975835,0,True,VALID,6b90c7326a881914a362e3b2e6e96e4716b20c8b8196590f22c2ce5e1ab460ab
0.6,1.2,0.6,1.19974993,0.899874965,0.784002381,7.89075894e-05,0.153582924,9.09351176e-05,0.164348386,COMMAND_ASCENDING,-2.220446049e-16,0.25007,1.046167006,0.435901684,True,True,VALID,1.19974993,0,True,VALID,6b90c7326a881914a362e3b2e6e96e4716b20c8b8196590f22c2ce5e1ab460ab
0.59,1.21,0.59,1.20974149,0.899870745,0.783728795,7.87534319e-05,0.153418145,9.08818829e-05,0.16434529,COMMAND_ASCENDING,0,0.25851,1.056323345,0.42591322,True,True,VALID,1.20974149,0,True,VALID,6b90c7326a881914a362e3b2e6e96e4716b20c8b8196590f22c2ce5e1ab460ab
0.58,1.22,0.58,1.21973303,0.899866514,0.783454487,7.85984722e-05,0.153252893,9.08278468e-05,0.164342194,COMMAND_ASCENDING,-2.220446049e-16,0.26697,1.066480137,0.415924776,True,True,VALID,1.21973303,0,True,VALID,6b90c7326a881914a362e3b2e6e96e4716b20c8b8196590f22c2ce5e1ab460ab
0.57,1.23,0.57,1.22972454,0.89986227,0.783179406,7.84426764e-05,0.153087135,9.07729759e-05,0.164339098,COMMAND_ASCENDING,0,0.27546,1.076637405,0.405936362,True,True,VALID,1.22972454,0,True,VALID,6b90c7326a881914a362e3b2e6e96e4716b20c8b8196590f22c2ce5e1ab460ab
0.56,1.24,0.56,1.23971603,0.899858013,0.782903494,7.82860082e-05,0.152920836,9.07172338e-05,0.164336002,COMMAND_ASCENDING,0,0.28397,1.086795194,0.395947968,True,True,VALID,1.23971603,0,True,VALID,6b90c7326a881914a362e3b2e6e96e4716b20c8b8196590f22c2ce5e1ab460ab
0.55,1.25,0.55,1.24970748,0.899853742,0.782626692,7.81284284e-05,0.152753957,9.06605817e-05,0.164332906,COMMAND_ASCENDING,0,0.29252,1.096953523,0.385959614,True,True,VALID,1.24970748,0,True,VALID,6b90c7326a881914a362e3b2e6e96e4716b20c8b8196590f22c2ce5e1ab460ab
0.54,1.26,0.54,1.25969821,0.899849105,0.782348957,7.79699066e-05,0.15258647,9.06029816e-05,0.164329811,COMMAND_ASCENDING,0,0.30179,1.10711174,0.375971979,True,True,VALID,1.25969821,0,True,VALID,6b90c7326a881914a362e3b2e6e96e4716b20c8b8196590f22c2ce5e1ab460ab
0.53,1.27,0.53,1.2696903,0.899845152,0.782070159,7.78103618e-05,0.152418295,9.05443756e-05,0.164326715,COMMAND_ASCENDING,0,0.3097,1.117272005,0.365982985,True,True,VALID,1.2696903,0,True,VALID,6b90c7326a881914a362e3b2e6e96e4716b20c8b8196590f22c2ce5e1ab460ab
0.52,1.28,0.52,1.27968166,0.899840832,0.781790287,7.76497794e-05,0.152249423,9.04847265e-05,0.164323619,COMMAND_ASCENDING,0,0.31834,1.127432237,0.355994721,True,True,VALID,1.27968166,0,True,VALID,6b90c7326a881914a362e3b2e6e96e4716b20c8b8196590f22c2ce5e1ab460ab
0.51,1.29,0.51,1.28967299,0.899836493,0.781509243,7.74880934e-05,0.152079792,9.04239763e-05,0.164320523,COMMAND_ASCENDING,0,0.32701,1.137593198,0.346006487,True,True,VALID,1.28967299,0,True,VALID,6b90c7326a881914a362e3b2e6e96e4716b20c8b8196590f22c2ce5e1ab460ab
0.5,1.3,0.5,1.29966427,0.899832134,0.78122694,7.73252447e-05,0.151909347,9.03620661e-05,0.164317427,COMMAND_ASCENDING,0,0.33573,1.147754923,0.336018303,True,True,VALID,1.29966427,0,True,VALID,6b90c7326a881914a362e3b2e6e96e4716b20c8b8196590f22c2ce5e1ab460ab
0.49,1.31,0.49,1.30965551,0.899827753,0.780943287,7.7161168e-05,0.15173803,9.0298931e-05,0.164314332,COMMAND_ASCENDING,0,0.34449,1.15791748,0.326030158,True,True,VALID,1.30965551,0,True,VALID,6b90c7326a881914a362e3b2e6e96e4716b20c8b8196590f22c2ce5e1ab460ab
0.48,1.32,0.48,1.3196467,0.89982335,0.780658184,7.69957918e-05,0.151565777,9.02344997e-05,0.164311236,COMMAND_ASCENDING,0,0.3533,1.168080923,0.316042064,True,True,VALID,1.3196467,0,True,VALID,6b90c7326a881914a362e3b2e6e96e4716b20c8b8196590f22c2ce5e1ab460ab
0.47,1.33,0.47,1.32963784,0.899818922,0.78037152,7.68290367e-05,0.151392518,9.01686934e-05,0.16430814,COMMAND_ASCENDING,0,0.36216,1.178245322,0.30605402,True,True,VALID,1.32963784,0,True,VALID,6b90c7326a881914a362e3b2e6e96e4716b20c8b8196590f22c2ce5e1ab460ab
0.46,1.34,0.46,1.33962893,0.899814467,0.780083173,7.66608145e-05,0.151218175,9.01014242e-05,0.164305045,COMMAND_ASCENDING,0,0.37107,1.188410755,0.296066025,True,True,VALID,1.33962893,0,True,VALID,6b90c7326a881914a362e3b2e6e96e4716b20c8b8196590f22c2ce5e1ab460ab
0.45,1.35,0.45,1.34961997,0.899809983,0.779793009,7.6491027e-05,0.151042663,9.00325943e-05,0.164301949,COMMAND_ASCENDING,0,0.38003,1.198577307,0.286078081,True,True,VALID,1.34961997,0,True,VALID,6b90c7326a881914a362e3b2e6e96e4716b20c8b8196590f22c2ce5e1ab460ab
0.44,1.36,0.44,1.35961094,0.899805469,0.779500878,7.63195636e-05,0.150865886,8.99620937e-05,0.164298854,COMMAND_ASCENDING,0,0.38906,1.208745054,0.276090206,True,True,VALID,1.35961094,0,True,VALID,6b90c7326a881914a362e3b2e6e96e4716b20c8b8196590f22c2ce5e1ab460ab
0.43,1.37,0.43,1.36960184,0.899800921,0.779206612,7.61462998e-05,0.150687736,8.98897984e-05,0.164295758,COMMAND_ASCENDING,0,0.39816,1.218914104,0.266102402,True,True,VALID,1.36960184,0,True,VALID,6b90c7326a881914a362e3b2e6e96e4716b20c8b8196590f22c2ce5e1ab460ab
0.42,1.38,0.42,1.37959267,0.899796333,0.77891002,7.59710944e-05,0.150508094,8.98155677e-05,0.164292663,COMMAND_ASCENDING,-2.220446049e-16,0.40733,1.229084576,0.256114667,True,True,VALID,1.37959267,0,True,VALID,6b90c7326a881914a362e3b2e6e96e4716b20c8b8196590f22c2ce5e1ab460ab
0.41,1.39,0.41,1.38958342,0.899791712,0.77861089,7.57937869e-05,0.150326823,8.97392408e-05,0.164289567,COMMAND_ASCENDING,-2.220446049e-16,0.41658,1.239256597,0.246127013,True,True,VALID,1.38958342,0,True,VALID,6b90c7326a881914a362e3b2e6e96e4716b20c8b8196590f22c2ce5e1ab460ab
0.4,1.4,0.4,1.39957409,0.899787043,0.77830897,7.56141891e-05,0.150143762,8.96606331e-05,0.164286472,COMMAND_ASCENDING,0,0.42591,1.249430328,0.236139438,True,True,VALID,1.39957409,0,True,VALID,6b90c7326a881914a362e3b2e6e96e4716b20c8b8196590f22c2ce5e1ab460ab
0.39,1.41,0.39,1.40956465,0.899782327,0.778003982,7.54320897e-05,0.149958735,8.95795309e-05,0.164283377,COMMAND_ASCENDING,-2.220446049e-16,0.43535,1.259605915,0.226151973,True,True,VALID,1.40956465,0,True,VALID,6b90c7326a881914a362e3b2e6e96e4716b20c8b8196590f22c2ce5e1ab460ab
0.38,1.42,0.38,1.41955511,0.899777557,0.777695595,7.52472378e-05,0.14977153,8.94956852e-05,0.164280282,COMMAND_ASCENDING,0,0.44489,1.26978358,0.216164608,True,True,VALID,1.41955511,0,True,VALID,6b90c7326a881914a362e3b2e6e96e4716b20c8b8196590f22c2ce5e1ab460ab
0.37,1.43,0.37,1.42954546,0.899772728,0.777383422,7.50593404e-05,0.149581901,8.94088034e-05,0.164277186,COMMAND_ASCENDING,-2.220446049e-16,0.45454,1.279963559,0.206177354,True,True,VALID,1.42954546,0,True,VALID,6b90c7326a881914a362e3b2e6e96e4716b20c8b8196590f22c2ce5e1ab460ab
0.36,1.44,0.36,1.43953469,0.899767344,0.777067047,7.48680728e-05,0.149389582,8.93185484e-05,0.164274092,COMMAND_ASCENDING,0,0.46531,1.290145108,0.196191218,True,True,VALID,1.43953469,0,True,VALID,6b90c7326a881914a362e3b2e6e96e4716b20c8b8196590f22c2ce5e1ab460ab
0.35,1.45,0.35,1.4495253,0.89976265,0.776745836,7.46729632e-05,0.149194169,8.92244835e-05,0.164270996,COMMAND_ASCENDING,-2.220446049e-16,0.4747,1.300331131,0.186203704,True,True,VALID,1.4495253,0,True,VALID,6b90c7326a881914a362e3b2e6e96e4716b20c8b8196590f22c2ce5e1ab460ab
0.34,1.46,0.34,1.45951546,0.899757728,0.776419202,7.44735531e-05,0.148995288,8.91261268e-05,0.164267901,COMMAND_ASCENDING,0,0.48454,1.310520172,0.176216639,True,True,VALID,1.45951546,0,True,VALID,6b90c7326a881914a362e3b2e6e96e4716b20c8b8196590f22c2ce5e1ab460ab
0.33,1.47,0.33,1.46950523,0.899752616,0.776086353,7.42692339e-05,0.148792433,8.90228711e-05,0.164264806,COMMAND_ASCENDING,0,0.49477,1.320712797,0.166229964,True,True,VALID,1.46950523,0,True,VALID,6b90c7326a881914a362e3b2e6e96e4716b20c8b8196590f22c2ce5e1ab460ab
0.32,1.48,0.32,1.47949473,0.899747364,0.775746314,7.40592567e-05,0.148584983,8.89139706e-05,0.164261712,COMMAND_ASCENDING,0,0.50527,1.330909747,0.156243558,True,True,VALID,1.47949473,0,True,VALID,6b90c7326a881914a362e3b2e6e96e4716b20c8b8196590f22c2ce5e1ab460ab
0.31,1.49,0.31,1.48948395,0.899741975,0.775397881,7.38426954e-05,0.148372168,8.87985004e-05,0.164258617,COMMAND_ASCENDING,0,0.51605,1.341111782,0.146257433,True,True,VALID,1.48948395,0,True,VALID,6b90c7326a881914a362e3b2e6e96e4716b20c8b8196590f22c2ce5e1ab460ab
0.3,1.5,0.3,1.49947286,0.89973643,0.775039547,7.36183892e-05,0.148153028,8.86753008e-05,0.164255522,COMMAND_ASCENDING,0,0.52714,1.351319832,0.136271618,True,True,VALID,1.49947286,0,True,VALID,6b90c7326a881914a362e3b2e6e96e4716b20c8b8196590f22c2ce5e1ab460ab
0.29,1.51,0.29,1.5094614,0.899730699,0.774669401,7.3384867e-05,0.147926342,8.85429013e-05,0.164252428,COMMAND_ASCENDING,0,0.5386,1.361535058,0.126286172,True,True,VALID,1.5094614,0,True,VALID,6b90c7326a881914a362e3b2e6e96e4716b20c8b8196590f22c2ce5e1ab460ab
0.28,1.52,0.28,1.51944949,0.899724746,0.774284991,7.31402426e-05,0.147690547,8.83994164e-05,0.164249334,COMMAND_ASCENDING,0,0.55051,1.371758943,0.116301176,True,True,VALID,1.51944949,0,True,VALID,6b90c7326a881914a362e3b2e6e96e4716b20c8b8196590f22c2ce5e1ab460ab
0.27,1.53,0.27,1.52943704,0.89971852,0.773883138,7.28820713e-05,0.147443614,8.8242402e-05,0.164246239,COMMAND_ASCENDING,0,0.56296,1.381993426,0.106316721,True,True,VALID,1.52943704,0,True,VALID,6b90c7326a881914a362e3b2e6e96e4716b20c8b8196590f22c2ce5e1ab460ab
0.26,1.54,0.26,1.53942392,0.899711958,0.773459671,7.26071495e-05,0.147182881,8.80686545e-05,0.164243146,COMMAND_ASCENDING,0,0.57608,1.392241039,0.096332934,True,True,VALID,1.53942392,0,True,VALID,6b90c7326a881914a362e3b2e6e96e4716b20c8b8196590f22c2ce5e1ab460ab
0.25,1.55,0.25,1.54940994,0.899704972,0.773009056,7.23112364e-05,0.146904816,8.78739327e-05,0.164240052,COMMAND_ASCENDING,0,0.59006,1.402505124,0.086350008,True,True,VALID,1.54940994,0,True,VALID,6b90c7326a881914a362e3b2e6e96e4716b20c8b8196590f22c2ce5e1ab460ab
0.24,1.56,0.24,1.5593949,0.899697449,0.772523881,7.19886662e-05,0.14660469,8.76525701e-05,0.164236959,COMMAND_ASCENDING,0,0.6051,1.41279021,0.076368141,True,True,VALID,1.5593949,0,True,VALID,6b90c7326a881914a362e3b2e6e96e4716b20c8b8196590f22c2ce5e1ab460ab
0.23,1.57,0.23,1.56937846,0.899689232,0.771994141,7.16318152e-05,0.146276117,8.73969411e-05,0.164233866,COMMAND_ASCENDING,0,0.62154,1.423102343,0.066387674,True,True,VALID,1.56937846,0,True,VALID,6b90c7326a881914a362e3b2e6e96e4716b20c8b8196590f22c2ce5e1ab460ab
0.22,1.58,0.22,1.57936022,0.899680111,0.771406252,7.12303794e-05,0.145910429,8.70967383e-05,0.164230774,COMMAND_ASCENDING,0,0.63978,1.433449791,0.056409006,True,True,VALID,1.57936022,0,True,VALID,6b90c7326a881914a362e3b2e6e96e4716b20c8b8196590f22c2ce5e1ab460ab
0.21,1.59,0.21,1.58933959,0.899669797,0.770741744,7.0770431e-05,0.14549584,8.67380293e-05,0.164227682,COMMAND_ASCENDING,0,0.66041,1.44384375,0.046432728,True,True,VALID,1.58933959,0,True,VALID,6b90c7326a881914a362e3b2e6e96e4716b20c8b8196590f22c2ce5e1ab460ab
0.2,1.6,0.2,1.5993158,0.899657902,0.769975601,7.02332549e-05,0.145016391,8.6302091e-05,0.164224592,COMMAND_ASCENDING,0,0.6842,1.454299409,0.036459608,True,True,VALID,1.5993158,0,True,VALID,6b90c7326a881914a362e3b2e6e96e4716b20c8b8196590f22c2ce5e1ab460ab
0.19,1.61,0.19,1.60928781,0.899643903,0.769074315,6.9594051e-05,0.144450706,8.57641126e-05,0.164221503,COMMAND_ASCENDING,0,0.71219,1.464837104,0.026490687,True,True,VALID,1.60928781,0,True,VALID,6b90c7326a881914a362e3b2e6e96e4716b20c8b8196590f22c2ce5e1ab460ab
0.18,1.62,0.18,1.61925427,0.899627137,0.767993871,6.88207297e-05,0.143770719,8.50920004e-05,0.164218415,COMMAND_ASCENDING,0,0.74573,1.475483551,0.016527315,True,True,VALID,1.61925427,0,True,VALID,6b90c7326a881914a362e3b2e6e96e4716b20c8b8196590f22c2ce5e1ab460ab
0.17,1.63,0.17,1.62921337,0.899606683,0.766678236,6.78733173e-05,0.142940721,8.42457411e-05,0.16421533,COMMAND_ASCENDING,-2.220446049e-16,0.78663,1.486272649,0.0065713,True,True,VALID,1.62921337,0,True,VALID,6b90c7326a881914a362e3b2e6e96e4716b20c8b8196590f22c2ce5e1ab460ab
0.16,1.64,0.16,1.63916298,0.899581488,0.765058706,6.67043375e-05,0.141916982,8.31778392e-05,0.164212248,COMMAND_ASCENDING,-2.220446049e-16,0.83702,1.497245998,-0.003375228,True,False,SATURATION,1.63916298,0,False,SATURATION,6b90c7326a881914a362e3b2e6e96e4716b20c8b8196590f22c2ce5e1ab460ab
0.15,1.65,0.15,1.64910025,0.899550127,0.76305518,6.52610626e-05,0.14064863,8.18353712e-05,0.16420917,COMMAND_ASCENDING,-2.220446049e-16,0.89975,1.50845162,-0.01330942,True,False,SATURATION,1.64910025,0,False,SATURATION,6b90c7326a881914a362e3b2e6e96e4716b20c8b8196590f22c2ce5e1ab460ab
0.14,1.66,0.14,1.6590233,0.89951165,0.760576923,6.34878969e-05,0.139078275,8.01632016e-05,0.164206096,COMMAND_ASCENDING,-2.220446049e-16,0.9767,1.519945025,-0.023229396,True,False,SATURATION,1.6590233,0,False,SATURATION,6b90c7326a881914a362e3b2e6e96e4716b20c8b8196590f22c2ce5e1ab460ab
0.13,1.67,0.13,1.66892809,0.899464046,0.757527924,6.13326802e-05,0.137145673,7.8108618e-05,0.164203028,COMMAND_ASCENDING,0,1.07191,1.531782417,-0.033131118,True,False,SATURATION,1.66892809,0,False,SATURATION,6b90c7326a881914a362e3b2e6e96e4716b20c8b8196590f22c2ce5e1ab460ab
0.12,1.68,0.12,1.67881163,0.899405816,0.75380499,5.87482593e-05,0.134786977,7.56245876e-05,0.164199966,COMMAND_ASCENDING,-2.220446049e-16,1.18837,1.544024653,-0.043011596,True,False,SATURATION,1.67881163,0,False,SATURATION,6b90c7326a881914a362e3b2e6e96e4716b20c8b8196590f22c2ce5e1ab460ab
0.11,1.69,0.11,1.68867031,0.899335157,0.74929725,5.56960022e-05,0.131935219,7.26724176e-05,0.164196912,COMMAND_ASCENDING,0,1.32969,1.556735091,-0.052867222,True,False,SATURATION,1.68867031,0,False,SATURATION,6b90c7326a881914a362e3b2e6e96e4716b20c8b8196590f22c2ce5e1ab460ab
0.1,1.7,0.1,1.6985,0.89925,0.743879725,5.21465154e-05,0.128517659,6.92226393e-05,0.164193868,COMMAND_ASCENDING,0,1.5,1.569982341,-0.062693868,True,False,SATURATION,1.6985,0,False,SATURATION,6b90c7326a881914a362e3b2e6e96e4716b20c8b8196590f22c2ce5e1ab460ab
0.09,1.71,0.09,1.70829566,0.899147831,0.73740171,4.80794822e-05,0.124450996,6.52548457e-05,0.164190833,COMMAND_ASCENDING,0,1.70434,1.583844664,-0.072486493,True,False,SATURATION,1.70829566,0,False,SATURATION,6b90c7326a881914a362e3b2e6e96e4716b20c8b8196590f22c2ce5e1ab460ab
0.08,1.72,0.08,1.71805067,0.899025333,0.729667166,4.34831399e-05,0.119633841,6.07571581e-05,0.164187812,COMMAND_ASCENDING,0,1.94933,1.598416829,-0.082238482,True,False,SATURATION,1.71805067,0,False,SATURATION,6b90c7326a881914a362e3b2e6e96e4716b20c8b8196590f22c2ce5e1ab460ab
0.07,1.73,0.07,1.72775562,0.89887781,0.720400744,3.83540774e-05,0.113934998,5.57260067e-05,0.164184805,COMMAND_ASCENDING,0,2.24438,1.613820622,-0.091940425,True,False,SATURATION,1.72775562,0,False,SATURATION,6b90c7326a881914a362e3b2e6e96e4716b20c8b8196590f22c2ce5e1ab460ab
0.06,1.74,0.06,1.73739612,0.898698059,0.709184008,3.26982041e-05,0.107174284,5.01670744e-05,0.164181819,COMMAND_ASCENDING,0,2.60388,1.630221836,-0.101577939,True,False,SATURATION,1.73739612,0,False,SATURATION,6b90c7326a881914a362e3b2e6e96e4716b20c8b8196590f22c2ce5e1ab460ab
0.05,1.75,0.05,1.746948,0.898473998,0.695321075,2.65344288e-05,0.0990884454,4.40989214e-05,0.164178861,COMMAND_ASCENDING,0,3.052,1.647859555,-0.111126861,True,False,SATURATION,1.746948,0,False,SATURATION,6b90c7326a881914a362e3b2e6e96e4716b20c8b8196590f22c2ce5e1ab460ab
0.04,1.76,0.04,1.75636548,0.898182738,0.677508691,1.99054183e-05,0.0892646706,3.75636184e-05,0.164175944,COMMAND_ASCENDING,0,3.63452,1.667100809,-0.120541424,True,False,SATURATION,1.75636548,0,False,SATURATION,6b90c7326a881914a362e3b2e6e96e4716b20c8b8196590f22c2ce5e1ab460ab
0.03,1.77,0.03,1.76554424,0.897772122,0.65282571,1.29124219e-05,0.077000802,3.06611965e-05,0.1641731,COMMAND_ASCENDING,0,4.45576,1.688543438,-0.12971734,True,False,SATURATION,1.76554424,0,False,SATURATION,6b90c7326a881914a362e3b2e6e96e4716b20c8b8196590f22c2ce5e1ab460ab
0.02,1.78,0.02,1.7741532,0.897076599,0.612283887,5.87316244e-06,0.0610800311,2.37058993e-05,0.164170434,COMMAND_ASCENDING,0,5.8468,1.713073169,-0.138323634,True,False,SATURATION,1.7741532,0,False,SATURATION,6b90c7326a881914a362e3b2e6e96e4716b20c8b8196590f22c2ce5e1ab460ab
0.01,1.79,0.01,1.78025883,0.895129416,0.509210816,5.97664925e-07,0.0432924293,1.84891854e-05,0.164168543,COMMAND_ASCENDING,0,9.74117,1.736966401,-0.144427373,True,False,SATURATION,1.78025883,0,False,SATURATION,6b90c7326a881914a362e3b2e6e96e4716b20c8b8196590f22c2ce5e1ab460ab
-1.4190038e-15,1.8,-1.4190038e-15,1.78092116,0.890460581,0.349696753,1.08113182e-08,0.0405157367,1.79090784e-05,0.164168338,COMMAND_ASCENDING,-1.33226763e-15,19.07884,1.740405423,-0.145089498,True,False,TRACKING_FAIL;SATURATION,1.78092116,0,False,TRACKING_FAIL;SATURATION,6b90c7326a881914a362e3b2e6e96e4716b20c8b8196590f22c2ce5e1ab460ab
1.8,-1.33226763e-15,1.8,0.0237401312,0.911870066,1.56608662,9.46942357e-05,0.503216294,9.48414268e-05,0.164712935,COMMAND_DESCENDING,-1.33226763e-15,23.7401312,-0.4794761628,1.611546934,True,False,TRACKING_FAIL;SATURATION,0.0237401312,0,False,TRACKING_FAIL;SATURATION,6b90c7326a881914a362e3b2e6e96e4716b20c8b8196590f22c2ce5e1ab460ab
1.79,0.01,1.79,0.0279935923,0.908996796,1.39823258,9.46407854e-05,0.443592226,9.48312775e-05,0.164711615,COMMAND_DESCENDING,-8.67361738e-18,17.9935923,-0.4155986337,1.607294793,True,False,TRACKING_FAIL;SATURATION,0.0279935923,0,False,TRACKING_FAIL;SATURATION,6b90c7326a881914a362e3b2e6e96e4716b20c8b8196590f22c2ce5e1ab460ab
1.78,0.02,1.78,0.03369594,0.90684797,1.25704464,9.45693007e-05,0.389964001,9.48176474e-05,0.164709847,COMMAND_DESCENDING,-1.734723476e-17,13.69594,-0.356268061,1.601594213,True,False,TRACKING_FAIL;SATURATION,0.03369594,0,False,TRACKING_FAIL;SATURATION,6b90c7326a881914a362e3b2e6e96e4716b20c8b8196590f22c2ce5e1ab460ab
1.77,0.03,1.77,0.0405341247,0.905267062,1.14942549,9.44835757e-05,0.345577694,9.48012665e-05,0.164707726,COMMAND_DESCENDING,-2.775557562e-17,10.5341247,-0.3050435693,1.594758149,True,False,TRACKING_FAIL;SATURATION,0.0405341247,0,False,TRACKING_FAIL;SATURATION,6b90c7326a881914a362e3b2e6e96e4716b20c8b8196590f22c2ce5e1ab460ab
1.76,0.04,1.76,0.0482212423,0.904110621,1.06990696,9.43873038e-05,0.310046352,9.47828049e-05,0.164705342,COMMAND_DESCENDING,-3.469446952e-17,8.2212423,-0.2618251097,1.587073416,True,False,SATURATION,0.0482212423,0,False,SATURATION,6b90c7326a881914a362e3b2e6e96e4716b20c8b8196590f22c2ce5e1ab460ab
1.75,0.05,1.75,0.0565185234,0.903259262,1.01136334,9.42833068e-05,0.281994281,9.47628215e-05,0.164702768,COMMAND_DESCENDING,-4.163336342e-17,6.5185234,-0.2254757576,1.578778709,True,False,SATURATION,0.0565185234,0,False,SATURATION,6b90c7326a881914a362e3b2e6e96e4716b20c8b8196590f22c2ce5e1ab460ab
1.74,0.06,1.74,0.0652485487,0.902624274,0.96786637,9.41738928e-05,0.259911784,9.47417321e-05,0.164700061,COMMAND_DESCENDING,-5.551115123e-17,5.2485487,-0.1946632353,1.57005139,True,False,SATURATION,0.0652485487,0,False,SATURATION,6b90c7326a881914a362e3b2e6e96e4716b20c8b8196590f22c2ce5e1ab460ab
1.73,0.07,1.73,0.0742866021,0.902143301,0.935088331,9.4060609e-05,0.242480333,9.47198289e-05,0.164697258,COMMAND_DESCENDING,-5.551115123e-17,4.2866021,-0.1681937309,1.56101614,True,False,SATURATION,0.0742866021,0,False,SATURATION,6b90c7326a881914a362e3b2e6e96e4716b20c8b8196590f22c2ce5e1ab460ab
1.72,0.08,1.72,0.0835469579,0.901773479,0.910015652,9.39445462e-05,0.228649976,9.46973128e-05,0.164694386,COMMAND_DESCENDING,-6.938893904e-17,3.5469579,-0.1451030181,1.551758656,True,False,SATURATION,0.0835469579,0,False,SATURATION,6b90c7326a881914a362e3b2e6e96e4716b20c8b8196590f22c2ce5e1ab460ab
1.71,0.09,1.71,0.0929706104,0.901485305,0.890574742,9.38261364e-05,0.217616918,9.46743216e-05,0.164691463,COMMAND_DESCENDING,-8.326672685e-17,2.9706104,-0.1246463076,1.542337927,True,False,SATURATION,0.0929706104,0,False,SATURATION,6b90c7326a881914a362e3b2e6e96e4716b20c8b8196590f22c2ce5e1ab460ab
1.7,0.1,1.7,0.102516764,0.901258382,0.875332006,9.37062494e-05,0.208774872,9.46509506e-05,0.164688503,COMMAND_DESCENDING,-8.326672685e-17,2.516764,-0.106258108,1.532794733,True,False,SATURATION,0.102516764,0,False,SATURATION,6b90c7326a881914a362e3b2e6e96e4716b20c8b8196590f22c2ce5e1ab460ab
1.69,0.11,1.69,0.112156544,0.901078272,0.863279252,9.35851089e-05,0.201665143,9.46272665e-05,0.164685513,COMMAND_DESCENDING,-9.714451465e-17,2.156544,-0.089508599,1.523157943,True,False,SATURATION,0.112156544,0,False,SATURATION,6b90c7326a881914a362e3b2e6e96e4716b20c8b8196590f22c2ce5e1ab460ab
1.68,0.12,1.68,0.121869122,0.900934561,0.853693056,9.34630185e-05,0.19593786,9.46033176e-05,0.164682501,COMMAND_DESCENDING,-1.110223025e-16,1.869122,-0.074068738,1.513448377,True,False,SATURATION,0.121869122,0,False,SATURATION,6b90c7326a881914a362e3b2e6e96e4716b20c8b8196590f22c2ce5e1ab460ab
1.67,0.13,1.67,0.131639055,0.900819527,0.846040661,9.33401007e-05,0.191321677,9.45791391e-05,0.164679472,COMMAND_DESCENDING,-1.110223025e-16,1.639055,-0.059682622,1.503681473,True,False,SATURATION,0.131639055,0,False,SATURATION,6b90c7326a881914a362e3b2e6e96e4716b20c8b8196590f22c2ce5e1ab460ab
1.66,0.14,1.66,0.141454602,0.900727301,0.839918881,9.32165272e-05,0.187602085,9.45547576e-05,0.164676428,COMMAND_DESCENDING,-1.110223025e-16,1.454602,-0.046147483,1.49386897,True,False,SATURATION,0.141454602,0,False,SATURATION,6b90c7326a881914a362e3b2e6e96e4716b20c8b8196590f22c2ce5e1ab460ab
1.65,0.15,1.65,0.151306514,0.900653257,0.835013616,9.30924103e-05,0.184605749,9.45301939e-05,0.164673373,COMMAND_DESCENDING,-1.387778781e-16,1.306514,-0.033299235,1.484020113,True,False,SATURATION,0.151306514,0,False,SATURATION,6b90c7326a881914a362e3b2e6e96e4716b20c8b8196590f22c2ce5e1ab460ab
1.64,0.16,1.64,0.161187391,0.900593696,0.83107387,9.29678388e-05,0.182189958,9.45054645e-05,0.164670309,COMMAND_DESCENDING,-1.387778781e-16,1.187391,-0.021002567,1.4741423,True,False,SATURATION,0.161187391,0,False,SATURATION,6b90c7326a881914a362e3b2e6e96e4716b20c8b8196590f22c2ce5e1ab460ab
1.63,0.17,1.63,0.171091175,0.900545587,0.82789577,9.28428893e-05,0.180236033,9.44805826e-05,0.164667238,COMMAND_DESCENDING,-1.387778781e-16,1.091175,-0.009144858,1.464241587,True,False,SATURATION,0.171091175,0,False,SATURATION,6b90c7326a881914a362e3b2e6e96e4716b20c8b8196590f22c2ce5e1ab460ab
1.62,0.18,1.62,0.181012904,0.900506452,0.825313161,9.27176213e-05,0.178645518,9.4455559e-05,0.164664161,COMMAND_DESCENDING,5.551115123e-17,1.012904,0.002367386,1.454322935,True,True,VALID,0.181012904,0,True,VALID,6b90c7326a881914a362e3b2e6e96e4716b20c8b8196590f22c2ce5e1ab460ab
1.61,0.19,1.61,0.190948563,0.900474281,0.823191993,9.25920829e-05,0.177337942,9.44304021e-05,0.16466108,COMMAND_DESCENDING,5.551115123e-17,0.948563,0.013610621,1.444390357,True,True,VALID,0.190948563,0,True,VALID,6b90c7326a881914a362e3b2e6e96e4716b20c8b8196590f22c2ce5e1ab460ab
1.6,0.2,1.6,0.20089496,0.90044748,0.821426146,9.24663133e-05,0.176249011,9.44051184e-05,0.164657996,COMMAND_DESCENDING,5.551115123e-17,0.89496,0.024645949,1.434447044,True,True,VALID,0.20089496,0,True,VALID,6b90c7326a881914a362e3b2e6e96e4716b20c8b8196590f22c2ce5e1ab460ab
1.59,0.21,1.59,0.210849619,0.900424809,0.819933366,9.23403406e-05,0.175328558,9.43797127e-05,0.16465491,COMMAND_DESCENDING,2.775557562e-17,0.849619,0.035521061,1.424495471,True,True,VALID,0.210849619,0,True,VALID,6b90c7326a881914a362e3b2e6e96e4716b20c8b8196590f22c2ce5e1ab460ab
1.58,0.22,1.58,0.220810649,0.900405325,0.818651039,9.22141879e-05,0.174538215,9.43541884e-05,0.164651821,COMMAND_DESCENDING,2.775557562e-17,0.810649,0.046272434,1.41453753,True,True,VALID,0.220810649,0,True,VALID,6b90c7326a881914a362e3b2e6e96e4716b20c8b8196590f22c2ce5e1ab460ab
1.57,0.23,1.57,0.230776627,0.900388314,0.817532045,9.20878712e-05,0.17384901,9.43285476e-05,0.164648731,COMMAND_DESCENDING,2.775557562e-17,0.776627,0.056927617,1.404574642,True,True,VALID,0.230776627,0,True,VALID,6b90c7326a881914a362e3b2e6e96e4716b20c8b8196590f22c2ce5e1ab460ab
1.56,0.24,1.56,0.240746487,0.900373243,0.816541099,9.19614024e-05,0.17323919,9.43027917e-05,0.164645639,COMMAND_DESCENDING,0,0.746487,0.067507297,1.394607874,True,True,VALID,0.240746487,0,True,VALID,6b90c7326a881914a362e3b2e6e96e4716b20c8b8196590f22c2ce5e1ab460ab
1.55,0.25,1.55,0.250719426,0.900359713,0.815651742,9.18347898e-05,0.172692412,9.42769211e-05,0.164642547,COMMAND_DESCENDING,0,0.719426,0.078027014,1.384638027,True,True,VALID,0.250719426,0,True,VALID,6b90c7326a881914a362e3b2e6e96e4716b20c8b8196590f22c2ce5e1ab460ab
1.54,0.26,1.54,0.260694841,0.90034742,0.81484402,9.17080394e-05,0.172196331,9.42509362e-05,0.164639454,COMMAND_DESCENDING,0,0.694841,0.08849851,1.374665705,True,True,VALID,0.260694841,0,True,VALID,6b90c7326a881914a362e3b2e6e96e4716b20c8b8196590f22c2ce5e1ab460ab
1.53,0.27,1.53,0.270672271,0.900336136,0.814102748,9.15811555e-05,0.171741542,9.42248365e-05,0.164636361,COMMAND_DESCENDING,0,0.672271,0.098930729,1.364691368,True,True,VALID,0.270672271,0,True,VALID,6b90c7326a881914a362e3b2e6e96e4716b20c8b8196590f22c2ce5e1ab460ab
1.52,0.28,1.52,0.280651364,0.900325682,0.813416247,9.1454141e-05,0.171320806,9.41986215e-05,0.164633267,COMMAND_DESCENDING,0,0.651364,0.109330558,1.354715369,True,True,VALID,0.280651364,0,True,VALID,6b90c7326a881914a362e3b2e6e96e4716b20c8b8196590f22c2ce5e1ab460ab
1.51,0.29,1.51,0.290631843,0.900315921,0.812775429,9.13269976e-05,0.170928481,9.41722905e-05,0.164630172,COMMAND_DESCENDING,-5.551115123e-17,0.631843,0.119703362,1.344737985,True,True,VALID,0.290631843,0,True,VALID,6b90c7326a881914a362e3b2e6e96e4716b20c8b8196590f22c2ce5e1ab460ab
1.5,0.3,1.5,0.30061349,0.900306745,0.812173136,9.11997265e-05,0.170560125,9.41458425e-05,0.164627077,COMMAND_DESCENDING,-5.551115123e-17,0.61349,0.130053365,1.334759433,True,True,VALID,0.30061349,0,True,VALID,6b90c7326a881914a362e3b2e6e96e4716b20c8b8196590f22c2ce5e1ab460ab
1.49,0.31,1.49,0.310596136,0.900298068,0.811603663,9.10723282e-05,0.170212193,9.41192764e-05,0.164623982,COMMAND_DESCENDING,-5.551115123e-17,0.596136,0.140383943,1.324779882,True,True,VALID,0.310596134,0.001999999999,True,VALID,6b90c7326a881914a362e3b2e6e96e4716b20c8b8196590f22c2ce5e1ab460ab
1.48,0.32,1.48,0.320579615,0.900289808,0.811062415,9.09448027e-05,0.169881828,9.40925911e-05,0.164620887,COMMAND_DESCENDING,-5.551115123e-17,0.579615,0.150697787,1.314799498,True,True,VALID,0.320579615,0,True,VALID,6b90c7326a881914a362e3b2e6e96e4716b20c8b8196590f22c2ce5e1ab460ab
1.47,0.33,1.47,0.330563877,0.900281939,0.810545644,9.08171502e-05,0.1695667,9.40657851e-05,0.164617791,COMMAND_DESCENDING,-5.551115123e-17,0.563877,0.160997177,1.304818332,True,True,VALID,0.330563877,0,True,VALID,6b90c7326a881914a362e3b2e6e96e4716b20c8b8196590f22c2ce5e1ab460ab
1.46,0.34,1.46,0.34054877,0.900274385,0.810050268,9.06893697e-05,0.169264891,9.40388571e-05,0.164614696,COMMAND_DESCENDING,-5.551115123e-17,0.54877,0.171283879,1.294836534,True,True,VALID,0.34054877,0,True,VALID,6b90c7326a881914a362e3b2e6e96e4716b20c8b8196590f22c2ce5e1ab460ab
1.45,0.35,1.45,0.350534234,0.900267117,0.809573724,9.05614605e-05,0.168974806,9.40118058e-05,0.1646116,COMMAND_DESCENDING,-1.110223025e-16,0.534234,0.181559428,1.284854166,True,True,VALID,0.350534234,0,True,VALID,6b90c7326a881914a362e3b2e6e96e4716b20c8b8196590f22c2ce5e1ab460ab
1.44,0.36,1.44,0.360520204,0.900260102,0.809113863,9.04334219e-05,0.168695109,9.39846295e-05,0.164608504,COMMAND_DESCENDING,-1.110223025e-16,0.520204,0.191825095,1.274871292,True,True,VALID,0.360520204,0,True,VALID,6b90c7326a881914a362e3b2e6e96e4716b20c8b8196590f22c2ce5e1ab460ab
1.43,0.37,1.43,0.370506625,0.900253313,0.808668869,9.03052527e-05,0.168424667,9.39573267e-05,0.164605408,COMMAND_DESCENDING,-1.110223025e-16,0.506625,0.202081958,1.264887967,True,True,VALID,0.370506625,0,True,VALID,6b90c7326a881914a362e3b2e6e96e4716b20c8b8196590f22c2ce5e1ab460ab
1.42,0.38,1.42,0.38049345,0.900246725,0.808237194,9.01769517e-05,0.168162518,9.39298958e-05,0.164602311,COMMAND_DESCENDING,-1.110223025e-16,0.49345,0.212330932,1.254904239,True,True,VALID,0.38049345,0,True,VALID,6b90c7326a881914a362e3b2e6e96e4716b20c8b8196590f22c2ce5e1ab460ab
1.41,0.39,1.41,0.390480639,0.90024032,0.807817509,9.00485175e-05,0.167907833,9.3902335e-05,0.164599215,COMMAND_DESCENDING,-1.110223025e-16,0.480639,0.222572806,1.244920146,True,True,VALID,0.390480639,0,True,VALID,6b90c7326a881914a362e3b2e6e96e4716b20c8b8196590f22c2ce5e1ab460ab
1.4,0.4,1.4,0.400468157,0.900234079,0.807408669,8.99199488e-05,0.167659899,9.38746428e-05,0.164596119,COMMAND_DESCENDING,-1.110223025e-16,0.468157,0.232808258,1.234935724,True,True,VALID,0.400468157,0,True,VALID,6b90c7326a881914a362e3b2e6e96e4716b20c8b8196590f22c2ce5e1ab460ab
1.39,0.41,1.39,0.410455974,0.900227987,0.807009675,8.97912441e-05,0.167418093,9.38468171e-05,0.164593022,COMMAND_DESCENDING,-1.665334537e-16,0.455974,0.243037881,1.224951004,True,True,VALID,0.410455974,0,True,VALID,6b90c7326a881914a362e3b2e6e96e4716b20c8b8196590f22c2ce5e1ab460ab
1.38,0.42,1.38,0.420444063,0.900222031,0.806619656,8.96624016e-05,0.167181872,9.38188563e-05,0.164589926,COMMAND_DESCENDING,-1.665334537e-16,0.444063,0.253262191,1.214966011,True,True,VALID,0.420444063,0,True,VALID,6b90c7326a881914a362e3b2e6e96e4716b20c8b8196590f22c2ce5e1ab460ab
1.37,0.43,1.37,0.4304324,0.9002162,0.806237846,8.95334198e-05,0.16695076,9.37907585e-05,0.164586829,COMMAND_DESCENDING,5.551115123e-17,0.4324,0.26348164,1.204980771,True,True,VALID,0.4304324,0,True,VALID,6b90c7326a881914a362e3b2e6e96e4716b20c8b8196590f22c2ce5e1ab460ab
1.36,0.44,1.36,0.440420966,0.900210483,0.805863568,8.94042969e-05,0.166724333,9.37625217e-05,0.164583732,COMMAND_DESCENDING,5.551115123e-17,0.420966,0.273696633,1.194995302,True,True,VALID,0.440420966,0,True,VALID,6b90c7326a881914a362e3b2e6e96e4716b20c8b8196590f22c2ce5e1ab460ab
1.35,0.45,1.35,0.450409742,0.900204871,0.805496222,8.9275031e-05,0.166502218,9.37341439e-05,0.164580636,COMMAND_DESCENDING,5.551115123e-17,0.409742,0.283907524,1.185009622,True,True,VALID,0.450409742,0,True,VALID,6b90c7326a881914a362e3b2e6e96e4716b20c8b8196590f22c2ce5e1ab460ab
1.34,0.46,1.34,0.460398712,0.900199356,0.805135272,8.91456204e-05,0.166284081,9.37056231e-05,0.164577539,COMMAND_DESCENDING,5.551115123e-17,0.398712,0.294114631,1.175023749,True,True,VALID,0.460398712,0,True,VALID,6b90c7326a881914a362e3b2e6e96e4716b20c8b8196590f22c2ce5e1ab460ab
1.33,0.47,1.33,0.470387861,0.90019393,0.804780239,8.90160629e-05,0.166069622,9.36769572e-05,0.164574442,COMMAND_DESCENDING,0,0.387861,0.304318239,1.165037697,True,True,VALID,0.470387861,0,True,VALID,6b90c7326a881914a362e3b2e6e96e4716b20c8b8196590f22c2ce5e1ab460ab
1.32,0.48,1.32,0.480377176,0.900188588,0.804430694,8.88863567e-05,0.165858575,9.36481441e-05,0.164571345,COMMAND_DESCENDING,0,0.377176,0.314518601,1.155051479,True,True,VALID,0.480377176,0,True,VALID,6b90c7326a881914a362e3b2e6e96e4716b20c8b8196590f22c2ce5e1ab460ab
1.31,0.49,1.31,0.490366645,0.900183323,0.804086247,8.87564996e-05,0.165650696,9.36191816e-05,0.164568249,COMMAND_DESCENDING,0,0.366645,0.324715949,1.145065106,True,True,VALID,0.490366645,0,True,VALID,6b90c7326a881914a362e3b2e6e96e4716b20c8b8196590f22c2ce5e1ab460ab
1.3,0.5,1.3,0.500356258,0.900178129,0.803746548,8.86264895e-05,0.165445766,9.35900675e-05,0.164565152,COMMAND_DESCENDING,0,0.356258,0.334910492,1.13507859,True,True,VALID,0.500356258,0,True,VALID,6b90c7326a881914a362e3b2e6e96e4716b20c8b8196590f22c2ce5e1ab460ab
1.29,0.51,1.29,0.510346005,0.900173003,0.803411278,8.84963242e-05,0.165243587,9.35607994e-05,0.164562055,COMMAND_DESCENDING,0,0.346005,0.345102418,1.12509194,True,True,VALID,0.510346005,0,True,VALID,6b90c7326a881914a362e3b2e6e96e4716b20c8b8196590f22c2ce5e1ab460ab
1.28,0.52,1.28,0.520335878,0.900167939,0.803080147,8.83660014e-05,0.165043977,9.35313751e-05,0.164558958,COMMAND_DESCENDING,0,0.335878,0.355291901,1.115105164,True,True,VALID,0.520335878,0,True,VALID,6b90c7326a881914a362e3b2e6e96e4716b20c8b8196590f22c2ce5e1ab460ab
1.27,0.53,1.27,0.530325867,0.900162934,0.802752889,8.82355187e-05,0.164846771,9.35017921e-05,0.164555861,COMMAND_DESCENDING,0,0.325867,0.365479096,1.105118272,True,True,VALID,0.530325867,0,True,VALID,6b90c7326a881914a362e3b2e6e96e4716b20c8b8196590f22c2ce5e1ab460ab
1.26,0.54,1.26,0.540315966,0.900157983,0.802429261,8.81048738e-05,0.164651817,9.34720479e-05,0.164552764,COMMAND_DESCENDING,0,0.315966,0.375664149,1.09513127,True,True,VALID,0.540315966,0,True,VALID,6b90c7326a881914a362e3b2e6e96e4716b20c8b8196590f22c2ce5e1ab460ab
1.25,0.55,1.25,0.550306168,0.900153084,0.802109042,8.79740643e-05,0.164458977,9.344214e-05,0.164549667,COMMAND_DESCENDING,0,0.306168,0.385847191,1.085144165,True,True,VALID,0.550306168,0,True,VALID,6b90c7326a881914a362e3b2e6e96e4716b20c8b8196590f22c2ce5e1ab460ab
1.24,0.56,1.24,0.560296467,0.900148233,0.801792024,8.78430875e-05,0.164268122,9.34120658e-05,0.16454657,COMMAND_DESCENDING,0,0.296467,0.396028345,1.075156963,True,True,VALID,0.560296467,0,True,VALID,6b90c7326a881914a362e3b2e6e96e4716b20c8b8196590f22c2ce5e1ab460ab
1.23,0.57,1.23,0.570286801,0.9001434,0.801478022,8.77119414e-05,0.164079135,9.33818229e-05,0.164543473,COMMAND_DESCENDING,-1.110223025e-16,0.286801,0.406207666,1.065169726,True,True,VALID,0.570286801,0,True,VALID,6b90c7326a881914a362e3b2e6e96e4716b20c8b8196590f22c2ce5e1ab460ab
1.22,0.58,1.22,0.580277332,0.900138666,0.801166854,8.75806217e-05,0.163891904,9.3351408e-05,0.164540376,COMMAND_DESCENDING,-1.110223025e-16,0.277332,0.416385428,1.055182292,True,True,VALID,0.580277332,0,True,VALID,6b90c7326a881914a362e3b2e6e96e4716b20c8b8196590f22c2ce5e1ab460ab
1.21,0.59,1.21,0.590267887,0.900133944,0.800858363,8.74491273e-05,0.163706329,9.33208188e-05,0.164537279,COMMAND_DESCENDING,-1.110223025e-16,0.267887,0.426561558,1.045194834,True,True,VALID,0.590267887,0,True,VALID,6b90c7326a881914a362e3b2e6e96e4716b20c8b8196590f22c2ce5e1ab460ab
1.2,0.6,1.2,0.600258519,0.90012926,0.800552397,8.73174549e-05,0.163522317,9.32900522e-05,0.164534182,COMMAND_DESCENDING,-1.110223025e-16,0.258519,0.436736202,1.035207299,True,True,VALID,0.600258519,0,True,VALID,6b90c7326a881914a362e3b2e6e96e4716b20c8b8196590f22c2ce5e1ab460ab
1.19,0.61,1.19,0.610249223,0.900124612,0.800248815,8.71856015e-05,0.16333978,9.32591054e-05,0.164531085,COMMAND_DESCENDING,-1.110223025e-16,0.249223,0.446909443,1.025219692,True,True,VALID,0.610249223,0,True,VALID,6b90c7326a881914a362e3b2e6e96e4716b20c8b8196590f22c2ce5e1ab460ab
1.18,0.62,1.18,0.62023969,0.900119845,0.799947494,8.70535675e-05,0.16315864,9.32279763e-05,0.164527989,COMMAND_DESCENDING,-1.110223025e-16,0.23969,0.45708105,1.015232321,True,True,VALID,0.62023969,0,True,VALID,6b90c7326a881914a362e3b2e6e96e4716b20c8b8196590f22c2ce5e1ab460ab
1.17,0.63,1.17,0.630230468,0.900115234,0.799648298,8.69213438e-05,0.162978812,9.31966601e-05,0.164524892,COMMAND_DESCENDING,-1.110223025e-16,0.230468,0.467251656,1.00524464,True,True,VALID,0.630230468,0,True,VALID,6b90c7326a881914a362e3b2e6e96e4716b20c8b8196590f22c2ce5e1ab460ab
1.16,0.64,1.16,0.640221727,0.900110863,0.799351107,8.67889253e-05,0.162800223,9.31651531e-05,0.164521795,COMMAND_DESCENDING,-1.110223025e-16,0.221727,0.477421504,0.995256478,True,True,VALID,0.640221727,0,True,VALID,6b90c7326a881914a362e3b2e6e96e4716b20c8b8196590f22c2ce5e1ab460ab
1.15,0.65,1.15,0.65021268,0.90010634,0.799055835,8.66563175e-05,0.162622816,9.31334543e-05,0.164518698,COMMAND_DESCENDING,-1.110223025e-16,0.21268,0.487589864,0.985268622,True,True,VALID,0.65021268,0,True,VALID,6b90c7326a881914a362e3b2e6e96e4716b20c8b8196590f22c2ce5e1ab460ab
1.14,0.66,1.14,0.660203688,0.900101844,0.79876237,8.65235129e-05,0.162446525,9.31015595e-05,0.164515601,COMMAND_DESCENDING,-1.110223025e-16,0.203688,0.497757163,0.975280711,True,True,VALID,0.660203688,0,True,VALID,6b90c7326a881914a362e3b2e6e96e4716b20c8b8196590f22c2ce5e1ab460ab
1.13,0.67,1.13,0.670194747,0.900097374,0.798470618,8.63905084e-05,0.162271288,9.30694651e-05,0.164512504,COMMAND_DESCENDING,-1.110223025e-16,0.194747,0.507923459,0.965292749,True,True,VALID,0.670194747,0,True,VALID,6b90c7326a881914a362e3b2e6e96e4716b20c8b8196590f22c2ce5e1ab460ab
1.12,0.68,1.12,0.680185855,0.900092928,0.798180489,8.62573002e-05,0.162097051,9.30371676e-05,0.164509407,COMMAND_DESCENDING,1.110223025e-16,0.185855,0.518088804,0.955304738,True,True,VALID,0.680185855,0,True,VALID,6b90c7326a881914a362e3b2e6e96e4716b20c8b8196590f22c2ce5e1ab460ab
1.11,0.69,1.11,0.690177009,0.900088505,0.797891899,8.61238849e-05,0.16192376,9.30046634e-05,0.16450631,COMMAND_DESCENDING,0,0.177009,0.528253249,0.945316681,True,True,VALID,0.690177009,0,True,VALID,6b90c7326a881914a362e3b2e6e96e4716b20c8b8196590f22c2ce5e1ab460ab
1.1,0.7,1.1,0.700168207,0.900084103,0.797604768,8.59902587e-05,0.161751366,9.29719488e-05,0.164503213,COMMAND_DESCENDING,0,0.168207,0.538416841,0.93532858,True,True,VALID,0.700168207,0,True,VALID,6b90c7326a881914a362e3b2e6e96e4716b20c8b8196590f22c2ce5e1ab460ab
1.09,0.71,1.09,0.710159446,0.900079723,0.797319019,8.58564178e-05,0.16157982,9.29390199e-05,0.164500116,COMMAND_DESCENDING,0,0.159446,0.548579626,0.925340438,True,True,VALID,0.710159446,0,True,VALID,6b90c7326a881914a362e3b2e6e96e4716b20c8b8196590f22c2ce5e1ab460ab
1.08,0.72,1.08,0.720150724,0.900075362,0.797034581,8.57223583e-05,0.161409079,9.29058728e-05,0.164497019,COMMAND_DESCENDING,0,0.150724,0.558741645,0.915352257,True,True,VALID,0.720150724,0,True,VALID,6b90c7326a881914a362e3b2e6e96e4716b20c8b8196590f22c2ce5e1ab460ab
1.07,0.73,1.07,0.730142039,0.900071019,0.796751385,8.55880763e-05,0.161239099,9.28725034e-05,0.164493922,COMMAND_DESCENDING,0,0.142039,0.56890294,0.905364039,True,True,VALID,0.730142039,0,True,VALID,6b90c7326a881914a362e3b2e6e96e4716b20c8b8196590f22c2ce5e1ab460ab
1.06,0.74,1.06,0.740133389,0.900066694,0.796469366,8.54535674e-05,0.161069839,9.28389076e-05,0.164490825,COMMAND_DESCENDING,0,0.133389,0.57906355,0.895375786,True,True,VALID,0.740133389,0,True,VALID,6b90c7326a881914a362e3b2e6e96e4716b20c8b8196590f22c2ce5e1ab460ab
1.05,0.75,1.05,0.750124772,0.900062386,0.796188462,8.53188275e-05,0.160901261,9.28050812e-05,0.164487728,COMMAND_DESCENDING,0,0.124772,0.589223511,0.8853875,True,True,VALID,0.750124772,0,True,VALID,6b90c7326a881914a362e3b2e6e96e4716b20c8b8196590f22c2ce5e1ab460ab
1.04,0.76,1.04,0.760116186,0.900058093,0.795908614,8.51838522e-05,0.160733328,9.27710196e-05,0.164484632,COMMAND_DESCENDING,0,0.116186,0.599382858,0.875399182,True,True,VALID,0.760116186,0,True,VALID,6b90c7326a881914a362e3b2e6e96e4716b20c8b8196590f22c2ce5e1ab460ab
1.03,0.77,1.03,0.770107631,0.900053815,0.795629766,8.50486369e-05,0.160566004,9.27367183e-05,0.164481535,COMMAND_DESCENDING,0,0.107631,0.609541627,0.865410834,True,True,VALID,0.770107631,0,True,VALID,6b90c7326a881914a362e3b2e6e96e4716b20c8b8196590f22c2ce5e1ab460ab
1.02,0.78,1.02,0.780099103,0.900049551,0.795351862,8.4913177e-05,0.160399255,9.27021727e-05,0.164478438,COMMAND_DESCENDING,0,0.099103,0.619699848,0.855422459,True,True,VALID,0.780099103,0,True,VALID,6b90c7326a881914a362e3b2e6e96e4716b20c8b8196590f22c2ce5e1ab460ab
1.01,0.79,1.01,0.790090601,0.900045301,0.79507485,8.47774677e-05,0.160233049,9.2667378e-05,0.164475341,COMMAND_DESCENDING,0,0.090601,0.629857552,0.845434058,True,True,VALID,0.790090601,0,True,VALID,6b90c7326a881914a362e3b2e6e96e4716b20c8b8196590f22c2ce5e1ab460ab
1,0.8,1,0.800082125,0.900041062,0.794798682,8.46415039e-05,0.160067355,9.26323291e-05,0.164472244,COMMAND_DESCENDING,0,0.082125,0.64001477,0.835445631,True,True,VALID,0.800082125,0,True,VALID,6b90c7326a881914a362e3b2e6e96e4716b20c8b8196590f22c2ce5e1ab460ab
0.99,0.81,0.99,0.810073671,0.900036836,0.794523308,8.45052807e-05,0.159902142,9.25970209e-05,0.164469147,COMMAND_DESCENDING,0,0.073671,0.650171529,0.825457182,True,True,VALID,0.810073671,0,True,VALID,6b90c7326a881914a362e3b2e6e96e4716b20c8b8196590f22c2ce5e1ab460ab
0.98,0.82,0.98,0.82006524,0.90003262,0.794248682,8.43687926e-05,0.159737382,9.25614481e-05,0.164466051,COMMAND_DESCENDING,-1.110223025e-16,0.06524,0.660327858,0.815468709,True,True,VALID,0.82006524,0,True,VALID,6b90c7326a881914a362e3b2e6e96e4716b20c8b8196590f22c2ce5e1ab460ab
0.97,0.83,0.97,0.830056829,0.900028415,0.79397476,8.42320343e-05,0.159573046,9.25256053e-05,0.164462954,COMMAND_DESCENDING,-1.110223025e-16,0.056829,0.670483783,0.805480217,True,True,VALID,0.830056829,0,True,VALID,6b90c7326a881914a362e3b2e6e96e4716b20c8b8196590f22c2ce5e1ab460ab
0.96,0.84,0.96,0.840048438,0.900024219,0.793701498,8.40950002e-05,0.159409107,9.24894869e-05,0.164459857,COMMAND_DESCENDING,-1.110223025e-16,0.048438,0.680639331,0.795491705,True,True,VALID,0.840048438,0,True,VALID,6b90c7326a881914a362e3b2e6e96e4716b20c8b8196590f22c2ce5e1ab460ab
0.95,0.85,0.95,0.850040064,0.900020032,0.793428855,8.39576844e-05,0.15924554,9.24530869e-05,0.16445676,COMMAND_DESCENDING,-1.110223025e-16,0.040064,0.690794524,0.785503176,True,True,VALID,0.850040064,0,True,VALID,6b90c7326a881914a362e3b2e6e96e4716b20c8b8196590f22c2ce5e1ab460ab
0.94,0.86,0.94,0.860031708,0.900015854,0.793156789,8.38200809e-05,0.159082318,9.24163994e-05,0.164453664,COMMAND_DESCENDING,-1.110223025e-16,0.031708,0.70094939,0.775514628,True,True,VALID,0.860031708,0,True,VALID,6b90c7326a881914a362e3b2e6e96e4716b20c8b8196590f22c2ce5e1ab460ab
0.93,0.87,0.93,0.870023366,0.900011683,0.792885262,8.36821835e-05,0.158919417,9.23794182e-05,0.164450567,COMMAND_DESCENDING,0,0.023366,0.711103949,0.765526067,True,True,VALID,0.870023366,0,True,VALID,6b90c7326a881914a362e3b2e6e96e4716b20c8b8196590f22c2ce5e1ab460ab
0.92,0.88,0.92,0.88001504,0.90000752,0.792614234,8.35439858e-05,0.158756813,9.23421369e-05,0.16444747,COMMAND_DESCENDING,0,0.01504,0.721258227,0.75553749,True,True,VALID,0.88001504,0,True,VALID,6b90c7326a881914a362e3b2e6e96e4716b20c8b8196590f22c2ce5e1ab460ab
0.91,0.89,0.91,0.890006726,0.900003363,0.792343669,8.34054811e-05,0.158594483,9.23045487e-05,0.164444373,COMMAND_DESCENDING,0,0.006726,0.731412243,0.745548901,True,True,VALID,0.890006726,0,True,VALID,6b90c7326a881914a362e3b2e6e96e4716b20c8b8196590f22c2ce5e1ab460ab
0.9,0.9,0.9,0.899998424,0.899999212,0.79207353,8.32666626e-05,0.158432404,9.22666468e-05,0.164441277,COMMAND_DESCENDING,0,0.001576,0.74156602,0.735560299,True,True,VALID,0.899998424,0,True,VALID,6b90c7326a881914a362e3b2e6e96e4716b20c8b8196590f22c2ce5e1ab460ab
0.89,0.91,0.89,0.909990134,0.899995067,0.791803781,8.31275232e-05,0.158270552,9.22284241e-05,0.16443818,COMMAND_DESCENDING,0,0.009866,0.751719582,0.725571686,True,True,VALID,0.909990134,0,True,VALID,6b90c7326a881914a362e3b2e6e96e4716b20c8b8196590f22c2ce5e1ab460ab
0.88,0.92,0.88,0.919981853,0.899990927,0.791534387,8.29880554e-05,0.158108908,9.21898731e-05,0.164435083,COMMAND_DESCENDING,0,0.018147,0.761872945,0.715583064,True,True,VALID,0.919981853,0,True,VALID,6b90c7326a881914a362e3b2e6e96e4716b20c8b8196590f22c2ce5e1ab460ab
0.87,0.93,0.87,0.929973582,0.899986791,0.791265315,8.28482516e-05,0.157947448,9.21509862e-05,0.164431987,COMMAND_DESCENDING,0,0.026418,0.772026134,0.705594431,True,True,VALID,0.929973582,0,True,VALID,6b90c7326a881914a362e3b2e6e96e4716b20c8b8196590f22c2ce5e1ab460ab
0.86,0.94,0.86,0.939965318,0.899982659,0.79099653,8.27081039e-05,0.157786152,9.21117555e-05,0.16442889,COMMAND_DESCENDING,-1.110223025e-16,0.034682,0.782179166,0.695605792,True,True,VALID,0.939965318,0,True,VALID,6b90c7326a881914a362e3b2e6e96e4716b20c8b8196590f22c2ce5e1ab460ab
0.85,0.95,0.85,0.949957061,0.89997853,0.790727998,8.2567604e-05,0.157624999,9.20721727e-05,0.164425794,COMMAND_DESCENDING,-1.110223025e-16,0.042939,0.792332062,0.685617145,True,True,VALID,0.949957061,0,True,VALID,6b90c7326a881914a362e3b2e6e96e4716b20c8b8196590f22c2ce5e1ab460ab
0.84,0.96,0.84,0.95994881,0.899974405,0.790459688,8.24267434e-05,0.157463968,9.20322292e-05,0.164422697,COMMAND_DESCENDING,-1.110223025e-16,0.05119,0.802484842,0.675628493,True,True,VALID,0.95994881,0,True,VALID,6b90c7326a881914a362e3b2e6e96e4716b20c8b8196590f22c2ce5e1ab460ab
0.83,0.97,0.83,0.969940558,0.899970279,0.790191568,8.22855132e-05,0.157303039,9.19919162e-05,0.164419601,COMMAND_DESCENDING,-1.110223025e-16,0.059442,0.812637519,0.665639841,True,True,VALID,0.969940558,0,True,VALID,6b90c7326a881914a362e3b2e6e96e4716b20c8b8196590f22c2ce5e1ab460ab
0.82,0.98,0.82,0.979932321,0.89996616,0.789923603,8.2143904e-05,0.157142192,9.19512243e-05,0.164416504,COMMAND_DESCENDING,-1.110223025e-16,0.067679,0.822790129,0.655651175,True,True,VALID,0.979932321,0,True,VALID,6b90c7326a881914a362e3b2e6e96e4716b20c8b8196590f22c2ce5e1ab460ab
0.81,0.99,0.81,0.989924081,0.89996204,0.789655764,8.20019064e-05,0.156981407,9.1910144e-05,0.164413408,COMMAND_DESCENDING,0,0.075919,0.832942674,0.645662511,True,True,VALID,0.989924081,0,True,VALID,6b90c7326a881914a362e3b2e6e96e4716b20c8b8196590f22c2ce5e1ab460ab
0.8,1,0.8,0.999915843,0.899957922,0.789388017,8.18595103e-05,0.156820663,9.18686653e-05,0.164410311,COMMAND_DESCENDING,0,0.084157,0.84309518,0.635673846,True,True,VALID,0.999915843,0,True,VALID,6b90c7326a881914a362e3b2e6e96e4716b20c8b8196590f22c2ce5e1ab460ab
0.79,1.01,0.79,1.00990761,0.899953803,0.789120333,8.17167052e-05,0.156659942,9.18267776e-05,0.164407215,COMMAND_DESCENDING,0,0.09239,0.853247668,0.625685175,True,True,VALID,1.00990761,0,True,VALID,6b90c7326a881914a362e3b2e6e96e4716b20c8b8196590f22c2ce5e1ab460ab
0.78,1.02,0.78,1.01989937,0.899949685,0.788852678,8.15734802e-05,0.156499223,9.17844701e-05,0.164404118,COMMAND_DESCENDING,0,0.10063,0.863400147,0.615696512,True,True,VALID,1.01989937,0,True,VALID,6b90c7326a881914a362e3b2e6e96e4716b20c8b8196590f22c2ce5e1ab460ab
0.77,1.03,0.77,1.02989113,0.899945566,0.788585022,8.14298241e-05,0.156338486,9.17417315e-05,0.164401022,COMMAND_DESCENDING,0,0.10887,0.873552644,0.605707848,True,True,VALID,1.02989113,0,True,VALID,6b90c7326a881914a362e3b2e6e96e4716b20c8b8196590f22c2ce5e1ab460ab
0.76,1.04,0.76,1.03988289,0.899941446,0.788317333,8.12857249e-05,0.156177712,9.16985499e-05,0.164397925,COMMAND_DESCENDING,0,0.11711,0.883705178,0.595719185,True,True,VALID,1.03988289,0,True,VALID,6b90c7326a881914a362e3b2e6e96e4716b20c8b8196590f22c2ce5e1ab460ab
0.75,1.05,0.75,1.04987465,0.899937324,0.788049579,8.11411703e-05,0.15601688,9.16549128e-05,0.164394829,COMMAND_DESCENDING,0,0.12535,0.89385777,0.585730521,True,True,VALID,1.04987465,0,True,VALID,6b90c7326a881914a362e3b2e6e96e4716b20c8b8196590f22c2ce5e1ab460ab
0.74,1.06,0.74,1.05986634,0.899933171,0.787781729,8.0996148e-05,0.155855971,9.16108077e-05,0.164391733,COMMAND_DESCENDING,0,0.13366,0.904010369,0.575741927,True,True,VALID,1.05986634,0,True,VALID,6b90c7326a881914a362e3b2e6e96e4716b20c8b8196590f22c2ce5e1ab460ab
0.73,1.07,0.73,1.06985815,0.899929074,0.787513747,8.08506421e-05,0.155694962,9.156622e-05,0.164388636,COMMAND_DESCENDING,0,0.14185,0.914163188,0.565753214,True,True,VALID,1.06985815,0,True,VALID,6b90c7326a881914a362e3b2e6e96e4716b20c8b8196590f22c2ce5e1ab460ab
0.72,1.08,0.72,1.07984989,0.899924945,0.787245604,8.07046407e-05,0.155533836,9.15211365e-05,0.16438554,COMMAND_DESCENDING,0,0.15011,0.924316054,0.55576457,True,True,VALID,1.07984989,0,True,VALID,6b90c7326a881914a362e3b2e6e96e4716b20c8b8196590f22c2ce5e1ab460ab
0.71,1.09,0.71,1.0898416,0.899920802,0.786977266,8.05581284e-05,0.155372569,9.14755419e-05,0.164382444,COMMAND_DESCENDING,0,0.1584,0.934469031,0.545775956,True,True,VALID,1.0898416,0,True,VALID,6b90c7326a881914a362e3b2e6e96e4716b20c8b8196590f22c2ce5e1ab460ab
0.7,1.1,0.7,1.09983335,0.899916677,0.786708698,8.04110886e-05,0.155211141,9.14294204e-05,0.164379347,COMMAND_DESCENDING,0,0.16665,0.944622209,0.535787303,True,True,VALID,1.09983335,0,True,VALID,6b90c7326a881914a362e3b2e6e96e4716b20c8b8196590f22c2ce5e1ab460ab
0.69,1.11,0.69,1.10982507,0.899912535,0.786439867,8.02635057e-05,0.155049531,9.13827557e-05,0.164376251,COMMAND_DESCENDING,0,0.17493,0.954775539,0.525798679,True,True,VALID,1.10982507,0,True,VALID,6b90c7326a881914a362e3b2e6e96e4716b20c8b8196590f22c2ce5e1ab460ab
0.68,1.12,0.68,1.11981678,0.899908389,0.786170737,8.0115362e-05,0.154887715,9.13355304e-05,0.164373155,COMMAND_DESCENDING,0,0.18322,0.964929065,0.515810065,True,True,VALID,1.11981678,0,True,VALID,6b90c7326a881914a362e3b2e6e96e4716b20c8b8196590f22c2ce5e1ab460ab
0.67,1.13,0.67,1.12980847,0.899904237,0.785901273,7.99666392e-05,0.154725672,9.12877262e-05,0.164370059,COMMAND_DESCENDING,0,0.19153,0.975082798,0.505821471,True,True,VALID,1.12980847,0,True,VALID,6b90c7326a881914a362e3b2e6e96e4716b20c8b8196590f22c2ce5e1ab460ab
0.66,1.14,0.66,1.13980016,0.899900079,0.785631436,7.9817318e-05,0.154563377,9.12393238e-05,0.164366962,COMMAND_DESCENDING,-2.220446049e-16,0.19984,0.985236783,0.495832878,True,True,VALID,1.13980016,0,True,VALID,6b90c7326a881914a362e3b2e6e96e4716b20c8b8196590f22c2ce5e1ab460ab
0.65,1.15,0.65,1.14979183,0.899895914,0.78536119,7.9667378e-05,0.154400807,9.11903029e-05,0.164363866,COMMAND_DESCENDING,0,0.20817,0.995391023,0.485844304,True,True,VALID,1.14979183,0,True,VALID,6b90c7326a881914a362e3b2e6e96e4716b20c8b8196590f22c2ce5e1ab460ab
0.64,1.16,0.64,1.15978348,0.899891742,0.785090495,7.95167974e-05,0.154237937,9.11406419e-05,0.16436077,COMMAND_DESCENDING,-2.220446049e-16,0.21652,1.005545543,0.47585575,True,True,VALID,1.15978348,0,True,VALID,6b90c7326a881914a362e3b2e6e96e4716b20c8b8196590f22c2ce5e1ab460ab
0.63,1.17,0.63,1.16977512,0.899887561,0.784819309,7.93655534e-05,0.154074741,9.10903179e-05,0.164357674,COMMAND_DESCENDING,0,0.22488,1.015700379,0.465867206,True,True,VALID,1.16977512,0,True,VALID,6b90c7326a881914a362e3b2e6e96e4716b20c8b8196590f22c2ce5e1ab460ab
0.62,1.18,0.62,1.17976674,0.899883372,0.784547591,7.92136216e-05,0.153911192,9.10393067e-05,0.164354578,COMMAND_DESCENDING,-2.220446049e-16,0.23326,1.025855548,0.455878682,True,True,VALID,1.17976674,0,True,VALID,6b90c7326a881914a362e3b2e6e96e4716b20c8b8196590f22c2ce5e1ab460ab
0.61,1.19,0.61,1.18975835,0.899879174,0.784275297,7.90609761e-05,0.153747263,9.09875824e-05,0.164351482,COMMAND_DESCENDING,0,0.24165,1.036011087,0.445890168,True,True,VALID,1.18975835,0,True,VALID,6b90c7326a881914a362e3b2e6e96e4716b20c8b8196590f22c2ce5e1ab460ab
0.6,1.2,0.6,1.19974993,0.899874965,0.784002381,7.89075894e-05,0.153582924,9.09351176e-05,0.164348386,COMMAND_DESCENDING,-2.220446049e-16,0.25007,1.046167006,0.435901684,True,True,VALID,1.19974993,0,True,VALID,6b90c7326a881914a362e3b2e6e96e4716b20c8b8196590f22c2ce5e1ab460ab
0.59,1.21,0.59,1.20974149,0.899870745,0.783728795,7.87534319e-05,0.153418145,9.08818829e-05,0.16434529,COMMAND_DESCENDING,0,0.25851,1.056323345,0.42591322,True,True,VALID,1.20974149,0,True,VALID,6b90c7326a881914a362e3b2e6e96e4716b20c8b8196590f22c2ce5e1ab460ab
0.58,1.22,0.58,1.21973303,0.899866514,0.783454487,7.85984722e-05,0.153252893,9.08278468e-05,0.164342194,COMMAND_DESCENDING,-2.220446049e-16,0.26697,1.066480137,0.415924776,True,True,VALID,1.21973303,0,True,VALID,6b90c7326a881914a362e3b2e6e96e4716b20c8b8196590f22c2ce5e1ab460ab
0.57,1.23,0.57,1.22972454,0.89986227,0.783179406,7.84426764e-05,0.153087135,9.07729759e-05,0.164339098,COMMAND_DESCENDING,0,0.27546,1.076637405,0.405936362,True,True,VALID,1.22972454,0,True,VALID,6b90c7326a881914a362e3b2e6e96e4716b20c8b8196590f22c2ce5e1ab460ab
0.56,1.24,0.56,1.23971603,0.899858013,0.782903494,7.82860082e-05,0.152920836,9.07172338e-05,0.164336002,COMMAND_DESCENDING,0,0.28397,1.086795194,0.395947968,True,True,VALID,1.23971603,0,True,VALID,6b90c7326a881914a362e3b2e6e96e4716b20c8b8196590f22c2ce5e1ab460ab
0.55,1.25,0.55,1.24970748,0.899853742,0.782626692,7.81284284e-05,0.152753957,9.06605817e-05,0.164332906,COMMAND_DESCENDING,0,0.29252,1.096953523,0.385959614,True,True,VALID,1.24970748,0,True,VALID,6b90c7326a881914a362e3b2e6e96e4716b20c8b8196590f22c2ce5e1ab460ab
0.54,1.26,0.54,1.25969821,0.899849105,0.782348957,7.79699066e-05,0.15258647,9.06029816e-05,0.164329811,COMMAND_DESCENDING,0,0.30179,1.10711174,0.375971979,True,True,VALID,1.25969821,0,True,VALID,6b90c7326a881914a362e3b2e6e96e4716b20c8b8196590f22c2ce5e1ab460ab
0.53,1.27,0.53,1.2696903,0.899845152,0.782070159,7.78103618e-05,0.152418295,9.05443756e-05,0.164326715,COMMAND_DESCENDING,0,0.3097,1.117272005,0.365982985,True,True,VALID,1.2696903,0,True,VALID,6b90c7326a881914a362e3b2e6e96e4716b20c8b8196590f22c2ce5e1ab460ab
0.52,1.28,0.52,1.27968166,0.899840832,0.781790287,7.76497794e-05,0.152249423,9.04847265e-05,0.164323619,COMMAND_DESCENDING,0,0.31834,1.127432237,0.355994721,True,True,VALID,1.27968166,0,True,VALID,6b90c7326a881914a362e3b2e6e96e4716b20c8b8196590f22c2ce5e1ab460ab
0.51,1.29,0.51,1.28967299,0.899836493,0.781509243,7.74880934e-05,0.152079792,9.04239763e-05,0.164320523,COMMAND_DESCENDING,0,0.32701,1.137593198,0.346006487,True,True,VALID,1.28967299,0,True,VALID,6b90c7326a881914a362e3b2e6e96e4716b20c8b8196590f22c2ce5e1ab460ab
0.5,1.3,0.5,1.29966427,0.899832134,0.78122694,7.73252447e-05,0.151909347,9.03620661e-05,0.164317427,COMMAND_DESCENDING,0,0.33573,1.147754923,0.336018303,True,True,VALID,1.29966427,0,True,VALID,6b90c7326a881914a362e3b2e6e96e4716b20c8b8196590f22c2ce5e1ab460ab
0.49,1.31,0.49,1.30965551,0.899827753,0.780943287,7.7161168e-05,0.15173803,9.0298931e-05,0.164314332,COMMAND_DESCENDING,0,0.34449,1.15791748,0.326030158,True,True,VALID,1.30965551,0,True,VALID,6b90c7326a881914a362e3b2e6e96e4716b20c8b8196590f22c2ce5e1ab460ab
0.48,1.32,0.48,1.3196467,0.89982335,0.780658184,7.69957918e-05,0.151565777,9.02344997e-05,0.164311236,COMMAND_DESCENDING,0,0.3533,1.168080923,0.316042064,True,True,VALID,1.3196467,0,True,VALID,6b90c7326a881914a362e3b2e6e96e4716b20c8b8196590f22c2ce5e1ab460ab
0.47,1.33,0.47,1.32963784,0.899818922,0.78037152,7.68290367e-05,0.151392518,9.01686934e-05,0.16430814,COMMAND_DESCENDING,0,0.36216,1.178245322,0.30605402,True,True,VALID,1.32963784,0,True,VALID,6b90c7326a881914a362e3b2e6e96e4716b20c8b8196590f22c2ce5e1ab460ab
0.46,1.34,0.46,1.33962893,0.899814467,0.780083173,7.66608145e-05,0.151218175,9.01014242e-05,0.164305045,COMMAND_DESCENDING,0,0.37107,1.188410755,0.296066025,True,True,VALID,1.33962893,0,True,VALID,6b90c7326a881914a362e3b2e6e96e4716b20c8b8196590f22c2ce5e1ab460ab
0.45,1.35,0.45,1.34961997,0.899809983,0.779793009,7.6491027e-05,0.151042663,9.00325943e-05,0.164301949,COMMAND_DESCENDING,0,0.38003,1.198577307,0.286078081,True,True,VALID,1.34961997,0,True,VALID,6b90c7326a881914a362e3b2e6e96e4716b20c8b8196590f22c2ce5e1ab460ab
0.44,1.36,0.44,1.35961094,0.899805469,0.779500878,7.63195636e-05,0.150865886,8.99620937e-05,0.164298854,COMMAND_DESCENDING,0,0.38906,1.208745054,0.276090206,True,True,VALID,1.35961094,0,True,VALID,6b90c7326a881914a362e3b2e6e96e4716b20c8b8196590f22c2ce5e1ab460ab
0.43,1.37,0.43,1.36960184,0.899800921,0.779206612,7.61462998e-05,0.150687736,8.98897984e-05,0.164295758,COMMAND_DESCENDING,0,0.39816,1.218914104,0.266102402,True,True,VALID,1.36960184,0,True,VALID,6b90c7326a881914a362e3b2e6e96e4716b20c8b8196590f22c2ce5e1ab460ab
0.42,1.38,0.42,1.37959267,0.899796333,0.77891002,7.59710944e-05,0.150508094,8.98155677e-05,0.164292663,COMMAND_DESCENDING,-2.220446049e-16,0.40733,1.229084576,0.256114667,True,True,VALID,1.37959267,0,True,VALID,6b90c7326a881914a362e3b2e6e96e4716b20c8b8196590f22c2ce5e1ab460ab
0.41,1.39,0.41,1.38958342,0.899791712,0.77861089,7.57937869e-05,0.150326823,8.97392408e-05,0.164289567,COMMAND_DESCENDING,-2.220446049e-16,0.41658,1.239256597,0.246127013,True,True,VALID,1.38958342,0,True,VALID,6b90c7326a881914a362e3b2e6e96e4716b20c8b8196590f22c2ce5e1ab460ab
0.4,1.4,0.4,1.39957409,0.899787043,0.77830897,7.56141891e-05,0.150143762,8.96606331e-05,0.164286472,COMMAND_DESCENDING,0,0.42591,1.249430328,0.236139438,True,True,VALID,1.39957409,0,True,VALID,6b90c7326a881914a362e3b2e6e96e4716b20c8b8196590f22c2ce5e1ab460ab
0.39,1.41,0.39,1.40956465,0.899782327,0.778003982,7.54320897e-05,0.149958735,8.95795309e-05,0.164283377,COMMAND_DESCENDING,-2.220446049e-16,0.43535,1.259605915,0.226151973,True,True,VALID,1.40956465,0,True,VALID,6b90c7326a881914a362e3b2e6e96e4716b20c8b8196590f22c2ce5e1ab460ab
0.38,1.42,0.38,1.41955511,0.899777557,0.777695595,7.52472378e-05,0.14977153,8.94956852e-05,0.164280282,COMMAND_DESCENDING,0,0.44489,1.26978358,0.216164608,True,True,VALID,1.41955511,0,True,VALID,6b90c7326a881914a362e3b2e6e96e4716b20c8b8196590f22c2ce5e1ab460ab
0.37,1.43,0.37,1.42954546,0.899772728,0.777383422,7.50593404e-05,0.149581901,8.94088034e-05,0.164277186,COMMAND_DESCENDING,-2.220446049e-16,0.45454,1.279963559,0.206177354,True,True,VALID,1.42954546,0,True,VALID,6b90c7326a881914a362e3b2e6e96e4716b20c8b8196590f22c2ce5e1ab460ab
0.36,1.44,0.36,1.43953469,0.899767344,0.777067047,7.48680728e-05,0.149389582,8.93185484e-05,0.164274092,COMMAND_DESCENDING,0,0.46531,1.290145108,0.196191218,True,True,VALID,1.43953469,0,True,VALID,6b90c7326a881914a362e3b2e6e96e4716b20c8b8196590f22c2ce5e1ab460ab
0.35,1.45,0.35,1.4495253,0.89976265,0.776745836,7.46729632e-05,0.149194169,8.92244835e-05,0.164270996,COMMAND_DESCENDING,-2.220446049e-16,0.4747,1.300331131,0.186203704,True,True,VALID,1.4495253,0,True,VALID,6b90c7326a881914a362e3b2e6e96e4716b20c8b8196590f22c2ce5e1ab460ab
0.34,1.46,0.34,1.45951546,0.899757728,0.776419202,7.44735531e-05,0.148995288,8.91261268e-05,0.164267901,COMMAND_DESCENDING,0,0.48454,1.310520172,0.176216639,True,True,VALID,1.45951546,0,True,VALID,6b90c7326a881914a362e3b2e6e96e4716b20c8b8196590f22c2ce5e1ab460ab
0.33,1.47,0.33,1.46950523,0.899752616,0.776086353,7.42692339e-05,0.148792433,8.90228711e-05,0.164264806,COMMAND_DESCENDING,0,0.49477,1.320712797,0.166229964,True,True,VALID,1.46950523,0,True,VALID,6b90c7326a881914a362e3b2e6e96e4716b20c8b8196590f22c2ce5e1ab460ab
0.32,1.48,0.32,1.47949473,0.899747364,0.775746314,7.40592567e-05,0.148584983,8.89139706e-05,0.164261712,COMMAND_DESCENDING,0,0.50527,1.330909747,0.156243558,True,True,VALID,1.47949473,0,True,VALID,6b90c7326a881914a362e3b2e6e96e4716b20c8b8196590f22c2ce5e1ab460ab
0.31,1.49,0.31,1.48948395,0.899741975,0.775397881,7.38426954e-05,0.148372168,8.87985004e-05,0.164258617,COMMAND_DESCENDING,0,0.51605,1.341111782,0.146257433,True,True,VALID,1.48948395,0,True,VALID,6b90c7326a881914a362e3b2e6e96e4716b20c8b8196590f22c2ce5e1ab460ab
0.3,1.5,0.3,1.49947286,0.89973643,0.775039547,7.36183892e-05,0.148153028,8.86753008e-05,0.164255522,COMMAND_DESCENDING,0,0.52714,1.351319832,0.136271618,True,True,VALID,1.49947286,0,True,VALID,6b90c7326a881914a362e3b2e6e96e4716b20c8b8196590f22c2ce5e1ab460ab
0.29,1.51,0.29,1.5094614,0.899730699,0.774669401,7.3384867e-05,0.147926342,8.85429013e-05,0.164252428,COMMAND_DESCENDING,0,0.5386,1.361535058,0.126286172,True,True,VALID,1.5094614,0,True,VALID,6b90c7326a881914a362e3b2e6e96e4716b20c8b8196590f22c2ce5e1ab460ab
0.28,1.52,0.28,1.51944949,0.899724746,0.774284991,7.31402426e-05,0.147690547,8.83994164e-05,0.164249334,COMMAND_DESCENDING,0,0.55051,1.371758943,0.116301176,True,True,VALID,1.51944949,0,True,VALID,6b90c7326a881914a362e3b2e6e96e4716b20c8b8196590f22c2ce5e1ab460ab
0.27,1.53,0.27,1.52943704,0.89971852,0.773883138,7.28820713e-05,0.147443614,8.8242402e-05,0.164246239,COMMAND_DESCENDING,0,0.56296,1.381993426,0.106316721,True,True,VALID,1.52943704,0,True,VALID,6b90c7326a881914a362e3b2e6e96e4716b20c8b8196590f22c2ce5e1ab460ab
0.26,1.54,0.26,1.53942392,0.899711958,0.773459671,7.26071495e-05,0.147182881,8.80686545e-05,0.164243146,COMMAND_DESCENDING,0,0.57608,1.392241039,0.096332934,True,True,VALID,1.53942392,0,True,VALID,6b90c7326a881914a362e3b2e6e96e4716b20c8b8196590f22c2ce5e1ab460ab
0.25,1.55,0.25,1.54940994,0.899704972,0.773009056,7.23112364e-05,0.146904816,8.78739327e-05,0.164240052,COMMAND_DESCENDING,0,0.59006,1.402505124,0.086350008,True,True,VALID,1.54940994,0,True,VALID,6b90c7326a881914a362e3b2e6e96e4716b20c8b8196590f22c2ce5e1ab460ab
0.24,1.56,0.24,1.5593949,0.899697449,0.772523881,7.19886662e-05,0.14660469,8.76525701e-05,0.164236959,COMMAND_DESCENDING,0,0.6051,1.41279021,0.076368141,True,True,VALID,1.5593949,0,True,VALID,6b90c7326a881914a362e3b2e6e96e4716b20c8b8196590f22c2ce5e1ab460ab
0.23,1.57,0.23,1.56937846,0.899689232,0.771994141,7.16318152e-05,0.146276117,8.73969411e-05,0.164233866,COMMAND_DESCENDING,0,0.62154,1.423102343,0.066387674,True,True,VALID,1.56937846,0,True,VALID,6b90c7326a881914a362e3b2e6e96e4716b20c8b8196590f22c2ce5e1ab460ab
0.22,1.58,0.22,1.57936022,0.899680111,0.771406252,7.12303794e-05,0.145910429,8.70967383e-05,0.164230774,COMMAND_DESCENDING,0,0.63978,1.433449791,0.056409006,True,True,VALID,1.57936022,0,True,VALID,6b90c7326a881914a362e3b2e6e96e4716b20c8b8196590f22c2ce5e1ab460ab
0.21,1.59,0.21,1.58933959,0.899669797,0.770741744,7.0770431e-05,0.14549584,8.67380293e-05,0.164227682,COMMAND_DESCENDING,0,0.66041,1.44384375,0.046432728,True,True,VALID,1.58933959,0,True,VALID,6b90c7326a881914a362e3b2e6e96e4716b20c8b8196590f22c2ce5e1ab460ab
0.2,1.6,0.2,1.5993158,0.899657902,0.769975601,7.02332549e-05,0.145016391,8.6302091e-05,0.164224592,COMMAND_DESCENDING,0,0.6842,1.454299409,0.036459608,True,True,VALID,1.5993158,0,True,VALID,6b90c7326a881914a362e3b2e6e96e4716b20c8b8196590f22c2ce5e1ab460ab
0.19,1.61,0.19,1.60928781,0.899643903,0.769074315,6.9594051e-05,0.144450706,8.57641126e-05,0.164221503,COMMAND_DESCENDING,0,0.71219,1.464837104,0.026490687,True,True,VALID,1.60928781,0,True,VALID,6b90c7326a881914a362e3b2e6e96e4716b20c8b8196590f22c2ce5e1ab460ab
0.18,1.62,0.18,1.61925427,0.899627137,0.767993871,6.88207297e-05,0.143770719,8.50920004e-05,0.164218415,COMMAND_DESCENDING,0,0.74573,1.475483551,0.016527315,True,True,VALID,1.61925427,0,True,VALID,6b90c7326a881914a362e3b2e6e96e4716b20c8b8196590f22c2ce5e1ab460ab
0.17,1.63,0.17,1.62921337,0.899606683,0.766678236,6.78733173e-05,0.142940721,8.42457411e-05,0.16421533,COMMAND_DESCENDING,-2.220446049e-16,0.78663,1.486272649,0.0065713,True,True,VALID,1.62921337,0,True,VALID,6b90c7326a881914a362e3b2e6e96e4716b20c8b8196590f22c2ce5e1ab460ab
0.16,1.64,0.16,1.63916298,0.899581488,0.765058706,6.67043375e-05,0.141916982,8.31778392e-05,0.164212248,COMMAND_DESCENDING,-2.220446049e-16,0.83702,1.497245998,-0.003375228,True,False,SATURATION,1.63916298,0,False,SATURATION,6b90c7326a881914a362e3b2e6e96e4716b20c8b8196590f22c2ce5e1ab460ab
0.15,1.65,0.15,1.64910025,0.899550127,0.76305518,6.52610626e-05,0.14064863,8.18353712e-05,0.16420917,COMMAND_DESCENDING,-2.220446049e-16,0.89975,1.50845162,-0.01330942,True,False,SATURATION,1.64910025,0,False,SATURATION,6b90c7326a881914a362e3b2e6e96e4716b20c8b8196590f22c2ce5e1ab460ab
0.14,1.66,0.14,1.6590233,0.89951165,0.760576923,6.34878969e-05,0.139078275,8.01632016e-05,0.164206096,COMMAND_DESCENDING,-2.220446049e-16,0.9767,1.519945025,-0.023229396,True,False,SATURATION,1.6590233,0,False,SATURATION,6b90c7326a881914a362e3b2e6e96e4716b20c8b8196590f22c2ce5e1ab460ab
0.13,1.67,0.13,1.66892809,0.899464046,0.757527924,6.13326802e-05,0.137145673,7.8108618e-05,0.164203028,COMMAND_DESCENDING,0,1.07191,1.531782417,-0.033131118,True,False,SATURATION,1.66892809,0,False,SATURATION,6b90c7326a881914a362e3b2e6e96e4716b20c8b8196590f22c2ce5e1ab460ab
0.12,1.68,0.12,1.67881163,0.899405816,0.75380499,5.87482593e-05,0.134786977,7.56245876e-05,0.164199966,COMMAND_DESCENDING,-2.220446049e-16,1.18837,1.544024653,-0.043011596,True,False,SATURATION,1.67881163,0,False,SATURATION,6b90c7326a881914a362e3b2e6e96e4716b20c8b8196590f22c2ce5e1ab460ab
0.11,1.69,0.11,1.68867031,0.899335157,0.74929725,5.56960022e-05,0.131935219,7.26724176e-05,0.164196912,COMMAND_DESCENDING,0,1.32969,1.556735091,-0.052867222,True,False,SATURATION,1.68867031,0,False,SATURATION,6b90c7326a881914a362e3b2e6e96e4716b20c8b8196590f22c2ce5e1ab460ab
0.1,1.7,0.1,1.6985,0.89925,0.743879725,5.21465154e-05,0.128517659,6.92226393e-05,0.164193868,COMMAND_DESCENDING,0,1.5,1.569982341,-0.062693868,True,False,SATURATION,1.6985,0,False,SATURATION,6b90c7326a881914a362e3b2e6e96e4716b20c8b8196590f22c2ce5e1ab460ab
0.09,1.71,0.09,1.70829566,0.899147831,0.73740171,4.80794822e-05,0.124450996,6.52548457e-05,0.164190833,COMMAND_DESCENDING,0,1.70434,1.583844664,-0.072486493,True,False,SATURATION,1.70829566,0,False,SATURATION,6b90c7326a881914a362e3b2e6e96e4716b20c8b8196590f22c2ce5e1ab460ab
0.08,1.72,0.08,1.71805067,0.899025333,0.729667166,4.34831399e-05,0.119633841,6.07571581e-05,0.164187812,COMMAND_DESCENDING,0,1.94933,1.598416829,-0.082238482,True,False,SATURATION,1.71805067,0,False,SATURATION,6b90c7326a881914a362e3b2e6e96e4716b20c8b8196590f22c2ce5e1ab460ab
0.07,1.73,0.07,1.72775562,0.89887781,0.720400744,3.83540774e-05,0.113934998,5.57260067e-05,0.164184805,COMMAND_DESCENDING,0,2.24438,1.613820622,-0.091940425,True,False,SATURATION,1.72775562,0,False,SATURATION,6b90c7326a881914a362e3b2e6e96e4716b20c8b8196590f22c2ce5e1ab460ab
0.06,1.74,0.06,1.73739612,0.898698059,0.709184008,3.26982041e-05,0.107174284,5.01670744e-05,0.164181819,COMMAND_DESCENDING,0,2.60388,1.630221836,-0.101577939,True,False,SATURATION,1.73739612,0,False,SATURATION,6b90c7326a881914a362e3b2e6e96e4716b20c8b8196590f22c2ce5e1ab460ab
0.05,1.75,0.05,1.746948,0.898473998,0.695321075,2.65344288e-05,0.0990884454,4.40989214e-05,0.164178861,COMMAND_DESCENDING,0,3.052,1.647859555,-0.111126861,True,False,SATURATION,1.746948,0,False,SATURATION,6b90c7326a881914a362e3b2e6e96e4716b20c8b8196590f22c2ce5e1ab460ab
0.04,1.76,0.04,1.75636548,0.898182738,0.677508691,1.99054183e-05,0.0892646706,3.75636184e-05,0.164175944,COMMAND_DESCENDING,0,3.63452,1.667100809,-0.120541424,True,False,SATURATION,1.75636548,0,False,SATURATION,6b90c7326a881914a362e3b2e6e96e4716b20c8b8196590f22c2ce5e1ab460ab
0.03,1.77,0.03,1.76554424,0.897772122,0.65282571,1.29124219e-05,0.077000802,3.06611965e-05,0.1641731,COMMAND_DESCENDING,0,4.45576,1.688543438,-0.12971734,True,False,SATURATION,1.76554424,0,False,SATURATION,6b90c7326a881914a362e3b2e6e96e4716b20c8b8196590f22c2ce5e1ab460ab
0.02,1.78,0.02,1.7741532,0.897076599,0.612283887,5.87316244e-06,0.0610800311,2.37058993e-05,0.164170434,COMMAND_DESCENDING,0,5.8468,1.713073169,-0.138323634,True,False,SATURATION,1.7741532,0,False,SATURATION,6b90c7326a881914a362e3b2e6e96e4716b20c8b8196590f22c2ce5e1ab460ab
0.01,1.79,0.01,1.78025883,0.895129416,0.509210816,5.97664925e-07,0.0432924293,1.84891854e-05,0.164168543,COMMAND_DESCENDING,0,9.74117,1.736966401,-0.144427373,True,False,SATURATION,1.78025883,0,False,SATURATION,6b90c7326a881914a362e3b2e6e96e4716b20c8b8196590f22c2ce5e1ab460ab
0,1.8,0,1.78092116,0.890460581,0.349696753,1.08113182e-08,0.0405157367,1.79090784e-05,0.164168338,COMMAND_DESCENDING,0,19.07884,1.740405423,-0.145089498,True,False,TRACKING_FAIL;SATURATION,1.78092116,0,False,TRACKING_FAIL;SATURATION,6b90c7326a881914a362e3b2e6e96e4716b20c8b8196590f22c2ce5e1ab460ab
