vcm_V,gain_dB,vout_V,actual_diff_input_at_1Hz_V,vx_V,vbn_V,vbp_V,tail_V,nmir_V,tracking_error_mV,minimum_saturation_margin_V,m1_id_uA,m1_vdsat_V,m1_saturation_margin_V,m2_id_uA,m2_vdsat_V,m2_saturation_margin_V,m3_id_uA,m3_vdsat_V,m3_saturation_margin_V,m4_id_uA,m4_vdsat_V,m4_saturation_margin_V,m5_id_uA,m5_vdsat_V,m5_saturation_margin_V,m6_id_uA,m6_vdsat_V,m6_saturation_margin_V,m7_id_uA,m7_vdsat_V,m7_saturation_margin_V,m8_id_uA,m8_vdsat_V,m8_saturation_margin_V,m9_id_uA,m9_vdsat_V,m9_saturation_margin_V,m10_id_uA,m10_vdsat_V,m10_saturation_margin_V,point_status,gain_delta_vs_0p9_dB,valid,manifest_sha256
0.4,64.33828802,0.395764767,1,0.807539829,0.657987201,0.632753936,0.000209234326,1.09850671,4.235233,-0.09835514247,0.0664102537,0.0409251079,1.057372368,0.0691891599,0.0409437798,0.7663868149,0.0664100804,0.044047994,0.657445296,0.0691879723,0.0440549115,0.9484052595,0.135599413,0.0985643768,-0.09835514247,89.9300644,0.167738044,0.228026723,93.8877002,0.164597577,1.239637656,9.99999882,0.169702732,0.997543332,9.99144222,0.169694826,0.972317973,9.9914427,0.0923723431,0.5656148579,GAIN_FAIL;SATURATION,-3.337664845,False,6b90c7326a881914a362e3b2e6e96e4716b20c8b8196590f22c2ce5e1ab460ab
0.41,64.56998117,0.405930146,1,0.807130487,0.657987201,0.632753936,0.000270592981,1.08724709,4.069854,-0.09829378382,0.0859545548,0.040979975,1.045996522,0.0893527392,0.0410030309,0.7658568631,0.0859543603,0.0441365113,0.6686163987,0.0893515503,0.0441448474,0.9487246656,0.175307293,0.0985643768,-0.09829378382,89.8001511,0.167489912,0.238440234,93.8594424,0.164594425,1.229475429,9.99999882,0.169702732,0.997543332,9.99144222,0.169694826,0.972317973,9.9914427,0.0923723431,0.5656148579,GAIN_FAIL;SATURATION,-3.105971697,False,6b90c7326a881914a362e3b2e6e96e4716b20c8b8196590f22c2ce5e1ab460ab
0.42,64.78533119,0.416097605,1,0.80673076,0.657987201,0.632753936,0.000349330639,1.07575134,3.902395,-0.09821504626,0.111043908,0.0410503839,1.034351625,0.115180058,0.0410787061,0.7653027233,0.111043691,0.044249538,0.679999122,0.115178868,0.0442595225,0.9490097175,0.226223964,0.0985643769,-0.09821504626,89.6700731,0.167247766,0.248849839,93.8310405,0.164591273,1.219311122,9.99999882,0.169702732,0.997543332,9.99144222,0.169694826,0.972317973,9.9914427,0.0923723431,0.5656148579,SATURATION,-2.890621681,False,6b90c7326a881914a362e3b2e6e96e4716b20c8b8196590f22c2ce5e1ab460ab
0.43,64.98527365,0.426266991,1,0.806339802,0.657987201,0.632753936,0.000450085052,1.0640197,3.733009,-0.09811429195,0.143153046,0.0411403996,1.022429215,0.148162825,0.0411749906,0.7647147263,0.143152806,0.0443932458,0.6915870542,0.148161634,0.0444051286,0.9492550694,0.29131587,0.098564377,-0.09811429195,89.5398302,0.167011079,0.259255912,93.8024928,0.16458812,1.209144889,9.99999882,0.169702732,0.997543332,9.99144222,0.169694826,0.972317973,9.9914427,0.0923723431,0.5656148579,SATURATION,-2.690679215,False,6b90c7326a881914a362e3b2e6e96e4716b20c8b8196590f22c2ce5e1ab460ab
0.44,65.17064307,0.436438116,1,0.805956873,0.657987201,0.632753936,0.000578604404,1.0520606,3.561884,-0.0979857727,0.184103523,0.0412549822,1.010227013,0.190140378,0.0412969593,0.7640813093,0.184103256,0.04457506,0.70336434,0.190139186,0.0445891084,0.9494540186,0.374243899,0.0985643771,-0.0979857727,89.4094227,0.166779388,0.269658728,93.7737976,0.164584967,1.198976917,9.99999882,0.169702732,0.997543332,9.99144222,0.169694826,0.972317973,9.9914427,0.0923723431,0.5656148579,SATURATION,-2.505309797,False,6b90c7326a881914a362e3b2e6e96e4716b20c8b8196590f22c2ce5e1ab460ab
0.45,65.3422852,0.446610763,1,0.805581318,0.657987201,0.632753936,0.000741958513,1.03989237,3.389237,-0.09782241869,0.23612501,0.0414001042,0.9977503073,0.243360444,0.0414506811,0.7633886784,0.236124715,0.044803772,0.715303858,0.243359249,0.044820266,0.949598416,0.479485451,0.0985643772,-0.09782241869,89.2788511,0.166552285,0.280058478,93.7449533,0.164581813,1.188807424,9.99999882,0.169702732,0.997543332,9.99144222,0.169694826,0.972317973,9.9914427,0.0923723431,0.5656148579,SATURATION,-2.333667671,False,6b90c7326a881914a362e3b2e6e96e4716b20c8b8196590f22c2ce5e1ab460ab
0.46,65.50116256,0.456784674,1,0.805212558,0.657987201,0.632753936,0.000948767108,1.02754451,3.215326,-0.09761561019,0.301918358,0.0415828404,0.9850129025,0.310541362,0.0416432951,0.7626204958,0.301918031,0.0450895909,0.7273658991,0.310540167,0.0451088167,0.9496786253,0.612459716,0.0985643773,-0.09761561019,89.1481164,0.16632941,0.290455264,93.7159586,0.164578659,1.178636667,9.99999882,0.169702732,0.997543332,9.99144222,0.169694826,0.972317973,9.9914427,0.0923723431,0.5656148579,SATURATION,-2.174790309,False,6b90c7326a881914a362e3b2e6e96e4716b20c8b8196590f22c2ce5e1ab460ab
0.47,65.64843967,0.46695955,1,0.804850078,0.657987201,0.632753936,0.00120943578,1.01505821,3.04045,-0.09735494172,0.384715619,0.0418114095,0.9720373647,0.394930898,0.041883033,0.7617576092,0.384715259,0.0454441001,0.7394976899,0.394929701,0.0454663399,0.9496835821,0.779646513,0.0985643775,-0.09735494172,89.0172203,0.166110442,0.300849108,93.6868119,0.164575505,1.168464945,9.99999882,0.169702732,0.997543332,9.99144222,0.169694826,0.972317973,9.9914427,0.0923723431,0.5656148579,SATURATION,-2.027513198,False,6b90c7326a881914a362e3b2e6e96e4716b20c8b8196590f22c2ce5e1ab460ab
0.48,65.78553049,0.477135024,1,0.804493421,0.657987201,0.632753936,0.00153638421,1.00248593,2.864976,-0.09702799349,0.488329747,0.0420951334,0.9588544124,0.500354232,0.0421791585,0.7607778783,0.48832935,0.045880074,0.751633996,0.500353033,0.045905592,0.949600987,0.988683973,0.0985643777,-0.09702799349,88.8861651,0.165895093,0.311239931,93.657512,0.16457235,1.158292626,9.99999882,0.169702732,0.997543332,9.99144222,0.169694826,0.972317973,9.9914427,0.0923723431,0.5656148579,SATURATION,-1.890422374,False,6b90c7326a881914a362e3b2e6e96e4716b20c8b8196590f22c2ce5e1ab460ab
0.49,65.91409194,0.487310648,1,0.804142178,0.657987201,0.632753936,0.00194424373,0.989889933,2.689352,-0.09662013427,0.617183521,0.04244428,0.9455014093,0.631240671,0.0425417886,0.7596561457,0.617183083,0.0464111164,0.7636989506,0.631239471,0.0464401403,0.9494176817,1.24842418,0.098564378,-0.09662013427,88.7549542,0.16568311,0.321627538,93.6280578,0.164569196,1.148120156,9.99999882,0.169702732,0.997543332,9.99144222,0.169694826,0.972317973,9.9914427,0.0923723431,0.5656148579,SATURATION,-1.761860923,False,6b90c7326a881914a362e3b2e6e96e4716b20c8b8196590f22c2ce5e1ab460ab
0.5,66.03595584,0.497485861,1,0.803795985,0.657987201,0.632753936,0.00244999219,0.977339805,2.514139,-0.09611438611,0.776303842,0.04286975,0.9320200628,0.792615225,0.0429815643,0.7583644285,0.776303361,0.0470510889,0.7756091061,0.792614023,0.0470837871,0.9491202279,1.56891906,0.0985643783,-0.09611438611,88.6235926,0.165474265,0.332011596,93.5984487,0.164566042,1.137948097,9.99999882,0.169702732,0.997543332,9.99144222,0.169694826,0.972317973,9.9914427,0.0923723431,0.5656148579,SATURATION,-1.639997026,False,6b90c7326a881914a362e3b2e6e96e4716b20c8b8196590f22c2ce5e1ab460ab
0.51,66.15300116,0.50765997,1,0.803454518,0.657987201,0.632753936,0.00307298537,0.964909418,2.34003,-0.09549139343,0.971264349,0.0433825802,0.9184538524,0.990038152,0.0435091459,0.7568723867,0.971263824,0.0478133204,0.7872772616,0.990036948,0.0478497769,0.9486957051,1.96130249,0.0985643788,-0.09549139343,88.4920867,0.165268354,0.342391616,93.5686842,0.164562887,1.127777143,9.99999882,0.169702732,0.997543332,9.99144222,0.169694826,0.972317973,9.9914427,0.0923723431,0.5656148579,SATURATION,-1.522951707,False,6b90c7326a881914a362e3b2e6e96e4716b20c8b8196590f22c2ce5e1ab460ab
0.52,66.26698339,0.517832148,1,0.803117488,0.657987201,0.632753936,0.00383483704,0.952673571,2.167852,-0.09472954226,1.20805766,0.0439932545,0.9048454795,1.22947406,0.044134529,0.755148122,1.20805709,0.0487096272,0.7986168018,1.22947285,0.0487498154,0.9481326966,2.43753171,0.0985643793,-0.09472954226,88.3604448,0.165065197,0.352766951,93.5387644,0.164559734,1.117608118,9.99999882,0.169702732,0.997543332,9.99144222,0.169694826,0.972317973,9.9914427,0.0923723431,0.5656148579,SATURATION,-1.408969473,False,6b90c7326a881914a362e3b2e6e96e4716b20c8b8196590f22c2ce5e1ab460ab
0.53,66.37934993,0.528001435,1,0.802784636,0.657987201,0.632753936,0.00475910051,0.940704791,1.998565,-0.09380527939,1.4928802,0.0447108472,0.8912348433,1.51707399,0.0448662111,0.7531593244,1.49287958,0.0497492121,0.8095459969,1.51707278,0.0497929732,0.9474223908,3.00995417,0.0985643799,-0.09380527939,88.2286769,0.164864632,0.363136803,93.5086896,0.164556582,1.107441983,9.99999882,0.169702732,0.997543332,9.99144222,0.169694826,0.972317973,9.9914427,0.0923723431,0.5656148579,SATURATION,-1.296602941,False,6b90c7326a881914a362e3b2e6e96e4716b20c8b8196590f22c2ce5e1ab460ab
0.54,66.49107756,0.538166783,1,0.802455732,0.657987201,0.632753936,0.00587071618,0.929070551,1.833217,-0.09269366452,1.83181973,0.0455420706,0.8776577642,1.85886122,0.04571028,0.7508747358,1.83181906,0.0509375634,0.8199918856,1.85886001,0.0509845914,0.9465596766,3.69068093,0.0985643807,-0.09269366452,88.0967941,0.164666515,0.373500268,93.4784605,0.16455343,1.097279787,9.99999882,0.169702732,0.997543332,9.99144222,0.169694826,0.972317973,9.9914427,0.0923723431,0.5656148579,SATURATION,-1.184875308,False,6b90c7326a881914a362e3b2e6e96e4716b20c8b8196590f22c2ce5e1ab460ab
0.55,66.60256856,0.548327105,1,0.802130565,0.657987201,0.632753936,0.00719521885,0.917831099,1.672895,-0.09136916275,2.23044982,0.0464903434,0.8641455368,2.26032574,0.0466695371,0.7482658091,2.2304491,0.0522754995,0.8298934015,2.26032452,0.0523253383,0.9455440967,4.49077553,0.0985643816,-0.09136916275,87.9648081,0.164470713,0.383856392,93.4480779,0.164550281,1.087122614,9.99999882,0.169702732,0.997543332,9.99144222,0.169694826,0.972317973,9.9914427,0.0923723431,0.5656148579,SATURATION,-1.073384306,False,6b90c7326a881914a362e3b2e6e96e4716b20c8b8196590f22c2ce5e1ab460ab
0.56,66.71363034,0.558481351,1,0.801808946,0.657987201,0.632753936,0.00875774379,0.907037935,1.518649,-0.08980663891,2.69335592,0.0475550294,0.8507251618,2.72595267,0.0477427968,0.7453084054,2.69335515,0.0537585185,0.8392035465,2.72595145,0.0538105719,0.9443804821,5.41930856,0.0985643827,-0.08980663891,87.83273,0.164277107,0.394204244,93.4175424,0.164547133,1.076971516,9.99999882,0.169702732,0.997543332,9.99144222,0.169694826,0.972317973,9.9914427,0.0923723431,0.5656148579,SATURATION,-0.9623225228,False,6b90c7326a881914a362e3b2e6e96e4716b20c8b8196590f22c2ce5e1ab460ab
0.57,66.82354664,0.568628581,1,0.801490694,0.657987201,0.632753936,0.0105819243,0.896732911,1.371419,-0.0879824596,3.22364007,0.0487309925,0.8374199942,3.25873207,0.0489244968,0.7419842729,3.22363925,0.0553765785,0.8478905105,3.25873084,0.0554301338,0.9430791722,6.4823721,0.0985643839,-0.0879824596,87.7005697,0.164085584,0.404542997,93.3868545,0.164543987,1.066827432,9.99999882,0.169702732,0.997543332,9.99144222,0.169694826,0.972317973,9.9914427,0.0923723431,0.5656148579,SATURATION,-0.8524062292,False,6b90c7326a881914a362e3b2e6e96e4716b20c8b8196590f22c2ce5e1ab460ab
0.58,66.93122306,0.578768031,1,0.801175641,0.657987201,0.632753936,0.0126888179,0.886947916,1.231969,-0.0858755674,3.82246814,0.0500085717,0.8242505264,3.85971366,0.0502047124,0.7382821107,3.82246727,0.0571143706,0.8559377134,3.85971243,0.0571686342,0.9416557248,7.68218175,0.0985643853,-0.0858755674,87.5683346,0.163896039,0.414871992,93.356014,0.164540844,1.056691125,9.99999882,0.169702732,0.997543332,9.99144222,0.169694826,0.972317973,9.9914427,0.0923723431,0.5656148579,SATURATION,-0.7447298125,False,6b90c7326a881914a362e3b2e6e96e4716b20c8b8196590f22c2ce5e1ab460ab
0.59,67.03537442,0.588899152,1,0.800863625,0.657987201,0.632753936,0.0150960148,0.87770508,1.100848,-0.0834683722,4.48872669,0.0513739983,0.8112350669,4.527673,0.0515695913,0.7341980189,4.48872578,0.0589520586,0.8633428614,4.52767177,0.0590061974,0.9401301776,9.01639963,0.098564387,-0.0834683722,87.4360293,0.16370837,0.425190782,93.32502,0.164537704,1.046563144,9.99999882,0.169702732,0.997543332,9.99144222,0.169694826,0.972317973,9.9914427,0.0923723431,0.5656148579,SATURATION,-0.6405784462,False,6b90c7326a881914a362e3b2e6e96e4716b20c8b8196590f22c2ce5e1ab460ab
0.6,67.13471278,0.599021621,1,0.800554492,0.657987201,0.632753936,0.0178170579,0.869017434,0.978379,-0.0807473309,5.21884188,0.0528101875,0.7983901886,5.25893999,0.0530021385,0.7297352956,5.21884093,0.0608663707,0.8701161953,5.25893875,0.0609195571,0.9385259509,10.4777818,0.0985643888,-0.0807473309,87.3036556,0.16352248,0.435499141,93.293871,0.164534566,1.036443813,9.99999882,0.169702732,0.997543332,9.99144222,0.169694826,0.972317973,9.9914427,0.0923723431,0.5656148579,SATURATION,-0.5412400894,False,6b90c7326a881914a362e3b2e6e96e4716b20c8b8196590f22c2ce5e1ab460ab
0.61,67.22810258,0.609135329,1,0.800248089,0.657987201,0.632753936,0.0208612433,0.860889965,0.864671,-0.0777031476,6.00678392,0.0542977634,0.7857309583,6.04741195,0.0544832176,0.7249036281,6.00678293,0.0628318737,0.8762781613,6.0474107,0.0628833267,0.9368685843,12.0541958,0.0985643909,-0.0777031476,87.1712122,0.163338274,0.445797055,93.2625648,0.164531431,1.02633324,9.99999882,0.169702732,0.997543332,9.99144222,0.169694826,0.972317973,9.9914427,0.0923723431,0.5656148579,SATURATION,-0.4478502892,False,6b90c7326a881914a362e3b2e6e96e4716b20c8b8196590f22c2ce5e1ab460ab
0.62,67.31466263,0.619240343,1,0.799944272,0.657987201,0.632753936,0.0242337953,0.853320945,0.759657,-0.0743305979,6.84424659,0.0558161508,0.7732709989,6.88473955,0.0559926054,0.7197178713,6.84424556,0.0648222455,0.8818568095,6.88473829,0.0648712651,0.9351844629,13.7289861,0.0985643932,-0.0743305979,87.0386958,0.163155663,0.45608468,93.2310985,0.164528298,1.016231359,9.99999882,0.169702732,0.997543332,9.99144222,0.169694826,0.972317973,9.9914427,0.0923723431,0.5656148579,SATURATION,-0.3612902421,False,6b90c7326a881914a362e3b2e6e96e4716b20c8b8196590f22c2ce5e1ab460ab
0.63,67.39381229,0.629336865,1,0.799642901,0.657987201,0.632753936,0.0279363413,0.846303405,0.663135,-0.0706280545,7.72096427,0.0573445797,0.761022484,7.7606473,0.0575099587,0.714196601,7.7209632,0.0668113958,0.8868851992,7.76064604,0.0668573891,0.9334997099,15.4816115,0.0985643958,-0.0706280545,86.9061008,0.162974559,0.466362306,93.1994688,0.164525169,1.006137966,9.99999882,0.169702732,0.997543332,9.99144222,0.169694826,0.972317973,9.9914427,0.0923723431,0.5656148579,SATURATION,-0.2821405792,False,6b90c7326a881914a362e3b2e6e96e4716b20c8b8196590f22c2ce5e1ab460ab
0.64,67.4652705,0.639425179,1,0.799343844,0.657987201,0.632753936,0.0319675725,0.839826606,0.574821,-0.066596826,8.62511563,0.0588629057,0.7489961278,8.66333777,0.0590155979,0.7083606736,8.62511453,0.0687743443,0.8913990497,8.6633365,0.0688168415,0.9318393145,17.2884533,0.0985643985,-0.066596826,86.7734208,0.162794879,0.4766303,93.167672,0.164522042,0.996052779,9.99999882,0.169702732,0.997543332,9.99144222,0.169694826,0.972317973,9.9914427,0.0923723431,0.5656148579,SATURATION,-0.2106823694,False,6b90c7326a881914a362e3b2e6e96e4716b20c8b8196590f22c2ce5e1ab460ab
0.65,67.52902293,0.649505618,1,0.799046974,0.657987201,0.632753936,0.0363239677,0.833877382,0.494382,-0.0622404338,9.54376567,0.0603522046,0.7372012097,9.57993141,0.0604910728,0.7022319335,9.54376453,0.0706878326,0.8954347854,9.57993014,0.0707264948,0.9302265312,19.1236969,0.0985644015,-0.0622404338,86.6406484,0.162616546,0.486889072,93.1357041,0.164518917,0.985975465,9.99999882,0.169702732,0.997543332,9.99144222,0.169694826,0.972317973,9.9914427,0.0923723431,0.5656148579,SATURATION,-0.1469299393,False,6b90c7326a881914a362e3b2e6e96e4716b20c8b8196590f22c2ce5e1ab460ab
0.66,67.58527172,0.659578524,1,0.798752173,0.657987201,0.632753936,0.0410004674,0.828441244,0.421476,-0.0575639373,10.4633114,0.0617951549,0.7256456217,10.4969082,0.0619195229,0.6958321827,10.4633102,0.0725306999,0.8990280561,10.4969069,0.0725653192,0.9286825078,20.9602194,0.0985644047,-0.0575639373,86.5077763,0.162439484,0.49713904,93.1035611,0.164515795,0.975905681,9.99999882,0.169702732,0.997543332,9.99144222,0.169694826,0.972317973,9.9914427,0.0923723431,0.5656148579,SATURATION,-0.09068114882,False,6b90c7326a881914a362e3b2e6e96e4716b20c8b8196590f22c2ce5e1ab460ab
0.67,67.63438059,0.66964423,1,0.798459329,0.657987201,0.632753936,0.0459910095,0.823503172,0.35577,-0.0525733986,11.3699164,0.0631762592,0.7143359033,11.4005364,0.0632858847,0.6891824348,11.3699152,0.0742840886,0.9022127394,11.4005352,0.0743145834,0.9272260876,22.7704527,0.0985644081,-0.0525733986,86.374797,0.162263626,0.507380604,93.0712388,0.164512674,0.965843096,9.99999882,0.169702732,0.997543332,9.99144222,0.169694826,0.972317973,9.9914427,0.0923723431,0.5656148579,SATURATION,-0.04157227898,False,6b90c7326a881914a362e3b2e6e96e4716b20c8b8196590f22c2ce5e1ab460ab
0.68,67.67682214,0.679703048,1,0.798168338,0.657987201,0.632753936,0.0512888579,0.819048027,0.296952,-0.0472755538,12.2499396,0.0644819729,0.7032771962,12.2772955,0.0645770102,0.6823024699,12.2499384,0.075931568,0.905020405,12.2772943,0.0759579732,0.9258736888,24.527235,0.0985644117,-0.0472755538,86.241703,0.162088905,0.517614143,93.0387331,0.164509556,0.955787396,9.99999882,0.169702732,0.997543332,9.99144222,0.169694826,0.972317973,9.9914427,0.0923723431,0.5656148579,SATURATION,0.0008692685541,False,6b90c7326a881914a362e3b2e6e96e4716b20c8b8196590f22c2ce5e1ab460ab
0.69,67.71313192,0.689755265,1,0.797879101,0.657987201,0.632753936,0.0568866688,0.815060544,0.244735,-0.0416777468,13.0903802,0.0657008169,0.6924730583,13.1143137,0.065781774,0.6752106582,13.0903789,0.0774592628,0.9074801932,13.1143124,0.0774817179,0.9246391811,26.2046937,0.0985644156,-0.0416777468,86.1084875,0.161915261,0.527840004,93.0060397,0.164506441,0.945738294,9.99999882,0.169702732,0.997543332,9.99144222,0.169694826,0.972317973,9.9914427,0.0923723431,0.5656148579,SATURATION,0.03717905383,False,6b90c7326a881914a362e3b2e6e96e4716b20c8b8196590f22c2ce5e1ab460ab
0.7,67.74386948,0.699801151,1,0.797591527,0.657987201,0.632753936,0.0627762546,0.811524849,0.198849,-0.035788165,13.8793705,0.0668235439,0.6819250505,13.8998536,0.0668912335,0.6679240389,13.8793692,0.0788560729,0.9096190781,13.8998523,0.0788748075,0.9235336655,27.7792239,0.0985644196,-0.035788165,85.9751433,0.161742637,0.538058514,92.9731544,0.164503327,0.935695522,9.99999882,0.169702732,0.997543332,9.99144222,0.169694826,0.972317973,9.9914427,0.0923723431,0.5656148579,SATURATION,0.06791661256,False,6b90c7326a881914a362e3b2e6e96e4716b20c8b8196590f22c2ce5e1ab460ab
0.71,67.76958684,0.709840977,1,0.797305527,0.657987201,0.632753936,0.0689480264,0.8084235,0.159023,-0.0296163974,14.6067432,0.0678434098,0.6716320638,14.6238717,0.0678988945,0.6604586061,14.6067419,0.0801140419,0.9114624581,14.6238704,0.080129359,0.922565114,29.2306146,0.0985644238,-0.0296163974,85.8416634,0.161570976,0.548270001,92.9400728,0.164500215,0.925658808,9.99999882,0.169702732,0.997543332,9.99144222,0.169694826,0.972317973,9.9914427,0.0923723431,0.5656148579,SATURATION,0.09363397329,False,6b90c7326a881914a362e3b2e6e96e4716b20c8b8196590f22c2ce5e1ab460ab
0.72,67.79080285,0.719875036,1,0.797021017,0.657987201,0.632753936,0.0753901635,0.805736124,0.124964,-0.0231742647,15.2646697,0.0687565574,0.6615894031,15.2786485,0.0688010885,0.652829765,15.2646684,0.0812288781,0.9130349979,15.2786472,0.0812411348,0.9217378482,30.543318,0.0985644282,-0.0231742647,85.7080403,0.161400228,0.558474808,92.9067903,0.164497105,0.915627859,9.99999882,0.169702732,0.997543332,9.99144222,0.169694826,0.972317973,9.9914427,0.0923723431,0.5656148579,SATURATION,0.1148499869,False,6b90c7326a881914a362e3b2e6e96e4716b20c8b8196590f22c2ce5e1ab460ab
0.73,67.80798384,0.729903672,1,0.796737916,0.657987201,0.632753936,0.0820876705,0.803437898,0.096328,-0.0164767623,15.8483045,0.0695624467,0.6517877808,15.8594253,0.0695973943,0.6450528512,15.8483032,0.0822005351,0.9143615669,15.859424,0.0822101221,0.9210519619,31.7077295,0.0985644328,-0.0164767623,85.5742658,0.161230342,0.56867333,92.8733021,0.164493996,0.905602332,9.99999882,0.169702732,0.997543332,9.99144222,0.169694826,0.972317973,9.9914427,0.0923723431,0.5656148579,SATURATION,0.1320309684,False,6b90c7326a881914a362e3b2e6e96e4716b20c8b8196590f22c2ce5e1ab460ab
0.74,67.82153061,0.739927299,1,0.796456145,0.657987201,0.632753936,0.0890216392,0.80149836,0.072701,-0.0095427983,16.3562824,0.0702641663,0.6422125545,16.3648955,0.070290944,0.6371435618,16.3562811,0.0830336326,0.9154680074,16.3648942,0.0830409518,0.9205029032,32.7211775,0.0985644375,-0.0095427983,85.4403303,0.161061269,0.57886603,92.8396029,0.164490889,0.895581812,9.99999882,0.169702732,0.997543332,9.99144222,0.169694826,0.972317973,9.9914427,0.0923723431,0.5656148579,SATURATION,0.1455777447,False,6b90c7326a881914a362e3b2e6e96e4716b20c8b8196590f22c2ce5e1ab460ab
0.75,67.83177351,0.749946411,1,0.796175625,0.657987201,0.632753936,0.0961691332,0.799881187,0.053589,-0.0023953092,16.7908565,0.0708683945,0.6328436593,16.7973389,0.0708883849,0.6291181069,16.7908552,0.0837374135,0.9163813995,16.7973376,0.0837428563,0.9200815187,33.5881951,0.0985644424,-0.0023953092,85.3062233,0.160892959,0.589053452,92.8056871,0.164487784,0.885565805,9.99999882,0.169702732,0.997543332,9.99144222,0.169694826,0.972317973,9.9914427,0.0923723431,0.5656148579,SATURATION,0.1558206415,False,6b90c7326a881914a362e3b2e6e96e4716b20c8b8196590f22c2ce5e1ab460ab
0.76,67.83897478,0.75996157,1,0.79589628,0.657987201,0.632753936,0.103504005,0.798545412,0.03843,0.0049395576,17.1575037,0.0713848307,0.6236565763,17.1622297,0.07139932,0.620992955,17.1575024,0.0843250004,0.9171295876,17.1622284,0.0843289291,0.9197747909,34.3197331,0.0985644474,0.0049395576,85.1719331,0.160725365,0.599236205,92.7715485,0.16448468,0.87555375,9.99999882,0.169702732,0.997543332,9.99144222,0.169694826,0.972317973,9.9914427,0.0923723431,0.5656148579,VALID,0.163021917,True,6b90c7326a881914a362e3b2e6e96e4716b20c8b8196590f22c2ce5e1ab460ab
0.77,67.84333712,0.769973368,1,0.795618034,0.657987201,0.632753936,0.110998588,0.797447978,0.026632,0.0124341354,17.4640105,0.0718251166,0.6146242734,17.4673278,0.071835248,0.612784198,17.4640091,0.0848119827,0.9177400393,17.4673265,0.0848147179,0.9195672481,34.9313379,0.0985644526,0.0124341354,85.0374475,0.160558441,0.609414927,92.7371809,0.164481576,0.865545056,9.99999882,0.169702732,0.997543332,9.99144222,0.169694826,0.972317973,9.9914427,0.0923723431,0.5656148579,VALID,0.1673842509,True,6b90c7326a881914a362e3b2e6e96e4716b20c8b8196590f22c2ce5e1ab460ab
0.78,67.8450139,0.77998239,1,0.795340815,0.657987201,0.632753936,0.118625783,0.796546892,0.01761,0.0200613252,17.7192797,0.0722015164,0.6057195926,17.721495,0.072208267,0.604506765,17.7192784,0.0852146911,0.9182384169,17.7214937,0.0852165054,0.9194426796,35.4407744,0.0985644578,0.0200613252,84.9027541,0.160392142,0.619590248,92.7025777,0.164478474,0.855539136,9.99999882,0.169702732,0.997543332,9.99144222,0.169694826,0.972317973,9.9914427,0.0923723431,0.5656148579,VALID,0.1690610324,True,6b90c7326a881914a362e3b2e6e96e4716b20c8b8196590f22c2ce5e1ab460ab
0.79,67.84411941,0.789989167,1,0.795064557,0.657987201,0.632753936,0.12636087,0.795803968,0.010833,0.0277964069,17.9322084,0.0725257292,0.5969173688,17.9335813,0.072529909,0.596173778,17.9322071,0.0855486489,0.9186473831,17.9335799,0.085549767,0.919385676,35.8657893,0.0985644631,0.0277964069,84.767841,0.160226427,0.62976274,92.6677325,0.164475372,0.845535461,9.99999882,0.169702732,0.997543332,9.99144222,0.169694826,0.972317973,9.9914427,0.0923723431,0.5656148579,VALID,0.1681665447,True,6b90c7326a881914a362e3b2e6e96e4716b20c8b8196590f22c2ce5e1ab460ab
0.8,67.84073693,0.799994159,1,0.794789195,0.657987201,0.632753936,0.134182618,0.795186484,0.005841,0.0356181496,18.1108933,0.0728080997,0.5881957663,18.1116375,0.0728103662,0.5877962108,18.110892,0.0858275481,0.9189859679,18.1116362,0.0858281515,0.9193826535,36.2225304,0.0985644684,0.0356181496,84.6326974,0.160061256,0.639932903,92.6326388,0.164472271,0.83553357,9.99999882,0.169702732,0.997543332,9.99144222,0.169694826,0.972317973,9.9914427,0.0923723431,0.5656148579,VALID,0.1647840614,True,6b90c7326a881914a362e3b2e6e96e4716b20c8b8196590f22c2ce5e1ab460ab
0.81,67.83492539,0.809997743,1,0.79451467,0.657987201,0.632753936,0.142073618,0.794667661,0.002257,0.0435091442,18.2622344,0.0730572782,0.5795367648,18.2625232,0.0730581585,0.5793828935,18.2622331,0.086062817,0.919269522,18.2625218,0.0860630501,0.9194222799,36.5247571,0.0985644738,0.0435091442,84.4973129,0.159896592,0.650101151,92.5972902,0.164469171,0.825533086,9.99999882,0.169702732,0.997543332,9.99144222,0.169694826,0.972317973,9.9914427,0.0923723431,0.5656148579,VALID,0.1589725252,True,6b90c7326a881914a362e3b2e6e96e4716b20c8b8196590f22c2ce5e1ab460ab
0.82,67.82672455,0.820000217,1,0.794240927,0.657987201,0.632753936,0.150020054,0.794226286,0.0002170000001,0.0514555748,18.3918559,0.0732802243,0.5709260077,18.3918281,0.0732801394,0.5709407336,18.3918546,0.0862636355,0.9195100785,18.3918268,0.0862636131,0.9194954599,36.7836835,0.0985644792,0.0514555748,84.3616785,0.159732402,0.660267815,92.5616805,0.164466071,0.815533712,9.99999882,0.169702732,0.997543332,9.99144222,0.169694826,0.972317973,9.9914427,0.0923723431,0.5656148579,VALID,0.1507716814,True,6b90c7326a881914a362e3b2e6e96e4716b20c8b8196590f22c2ce5e1ab460ab
0.83,67.81615895,0.830001814,1,0.793967916,0.657987201,0.632753936,0.15801118,0.793845891,0.001814,0.0594466953,18.5042145,0.073482403,0.562352308,18.5039815,0.0734816895,0.5624750465,18.5042132,0.0864372021,0.9197169069,18.5039802,0.0864370151,0.9195950689,37.0081955,0.0985644847,0.0594466953,84.2257854,0.159568652,0.670433162,92.5258034,0.164462971,0.805535215,9.99999882,0.169702732,0.997543332,9.99144222,0.169694826,0.972317973,9.9914427,0.0923723431,0.5656148579,VALID,0.140206087,True,6b90c7326a881914a362e3b2e6e96e4716b20c8b8196590f22c2ce5e1ab460ab
0.84,67.80324117,0.840002712,1,0.793695586,0.657987201,0.632753936,0.166038729,0.793513834,0.002712,0.0674742388,18.6027863,0.0736680492,0.5538070558,18.6024376,0.0736669782,0.5539898788,18.602785,0.0865890868,0.9198970792,18.6024362,0.0865888075,0.9197156065,37.2052234,0.0985644902,0.0674742388,84.0896258,0.159405313,0.680597399,92.4896528,0.164459871,0.795537417,9.99999882,0.169702732,0.997543332,9.99144222,0.169694826,0.972317973,9.9914427,0.0923723431,0.5656148579,VALID,0.1272882988,True,6b90c7326a881914a362e3b2e6e96e4716b20c8b8196590f22c2ce5e1ab460ab
0.85,67.7879776,0.85000299,1,0.793423895,0.657987201,0.632753936,0.174096272,0.793220437,0.00299,0.0755317763,18.69028,0.0738404469,0.5452837181,18.6899098,0.0738392649,0.5454883581,18.6902621,0.0867235772,0.9200559858,18.6898701,0.086723264,0.919852841,37.3801331,0.0985644957,0.0755317763,83.9531927,0.159242357,0.690760633,92.4532225,0.164456772,0.785540238,9.99999882,0.169702732,0.997543332,9.99144222,0.169694826,0.972317973,9.9914427,0.0923723431,0.5656148579,VALID,0.1120247276,True,6b90c7326a881914a362e3b2e6e96e4716b20c8b8196590f22c2ce5e1ab460ab
0.86,67.77035134,0.860002926,1,0.793152793,0.657987201,0.632753936,0.182179181,0.792958278,0.002926,0.0836146798,18.7687307,0.0740020602,0.5367770368,18.7683545,0.0740008967,0.5369727153,18.7687294,0.0868439777,0.9201977443,18.7683531,0.0868436777,0.9200035293,37.5370846,0.0985645012,0.0836146798,83.8164764,0.159079755,0.700923171,92.4165055,0.164453672,0.775543402,9.99999882,0.169702732,0.997543332,9.99144222,0.169694826,0.972317973,9.9914427,0.0923723431,0.5656148579,VALID,0.09439847506,True,6b90c7326a881914a362e3b2e6e96e4716b20c8b8196590f22c2ce5e1ab460ab
0.87,67.75036069,0.870002426,1,0.792882244,0.657987201,0.632753936,0.190283428,0.79272164,0.002426,0.0917189212,18.8398063,0.074154899,0.528283313,18.8394946,0.0741539311,0.5284448849,18.8398049,0.0869528435,0.9203255165,18.8394932,0.0869525954,0.9201651606,37.6793003,0.0985645068,0.0917189212,83.6794718,0.158917482,0.711084944,92.3794961,0.164450573,0.765547001,9.99999882,0.169702732,0.997543332,9.99144222,0.169694826,0.972317973,9.9914427,0.0923723431,0.5656148579,VALID,0.07440781791,True,6b90c7326a881914a362e3b2e6e96e4716b20c8b8196590f22c2ce5e1ab460ab
0.88,67.72798728,0.880001739,1,0.792612203,0.657987201,0.632753936,0.198406126,0.792506079,0.001739,0.0998416137,18.9048156,0.0743005415,0.5197994115,18.9045601,0.0742998393,0.5199062377,18.9047545,0.0870521667,0.9204417543,18.9045479,0.0870520025,0.9203357945,37.8093044,0.0985645123,0.0998416137,83.5421693,0.158755511,0.721246228,92.3421867,0.164447474,0.755550787,9.99999882,0.169702732,0.997543332,9.99144222,0.169694826,0.972317973,9.9914427,0.0923723431,0.5656148579,VALID,0.05203440921,True,6b90c7326a881914a362e3b2e6e96e4716b20c8b8196590f22c2ce5e1ab460ab
0.89,67.70319653,0.89000073,1,0.792342635,0.657987201,0.632753936,0.206545009,0.792308109,0.00073,0.1079804911,18.9646603,0.0744400788,0.5113230212,18.9645152,0.0744397758,0.5113578502,18.9645756,0.0871435129,0.9205483781,18.9645082,0.0871434594,0.9205139056,37.9290857,0.0985645179,0.1079804911,83.404564,0.158593821,0.731406909,92.3045714,0.164444375,0.745554895,9.99999882,0.169702732,0.997543332,9.99144222,0.169694826,0.972317973,9.9914427,0.0923723431,0.5656148579,VALID,0.02724366679,True,6b90c7326a881914a362e3b2e6e96e4716b20c8b8196590f22c2ce5e1ab460ab
0.9,67.67595287,0.899999207,1,0.792073509,0.657987201,0.632753936,0.214698188,0.792124975,0.000793,0.1161336645,19.0200621,0.0745743848,0.5028524022,19.0201647,0.0745747043,0.5028006167,19.0200607,0.0872281236,0.9206469014,19.0201614,0.0872282034,0.9206982876,38.0402241,0.0985645235,0.1161336645,83.2666517,0.158432391,0.741566816,92.2666438,0.164441277,0.735559516,9.99999882,0.169702732,0.997543332,9.99144222,0.169694826,0.972317973,9.9914427,0.0923723431,0.5656148579,VALID,0,True,6b90c7326a881914a362e3b2e6e96e4716b20c8b8196590f22c2ce5e1ab460ab
0.91,67.64623155,0.909997697,1,0.791804775,0.657987201,0.632753936,0.222864169,0.791954472,0.002303,0.1242996399,19.0718473,0.0747044555,0.4943858475,19.072141,0.0747053852,0.4942352208,19.0718459,0.0873069932,0.9207385348,19.0721397,0.0873072257,0.9208879993,38.1439876,0.0985645291,0.1242996399,83.128418,0.158271191,0.751726506,92.228395,0.164438178,0.725564125,9.99999882,0.169702732,0.997543332,9.99144222,0.169694826,0.972317973,9.9914427,0.0923723431,0.5656148579,VALID,-0.02972131598,True,6b90c7326a881914a362e3b2e6e96e4716b20c8b8196590f22c2ce5e1ab460ab
0.92,67.61398246,0.919996004,1,0.791536403,0.657987201,0.632753936,0.231041733,0.791794822,0.003996,0.1324771984,19.1204479,0.0748308193,0.4859222697,19.120956,0.0748324368,0.4856622332,19.1204465,0.0873809259,0.9208242521,19.1209547,0.0873813276,0.9210822694,38.2414032,0.0985645346,0.1324771984,82.9898581,0.158110201,0.761885803,92.1898183,0.164435079,0.715568917,9.99999882,0.169702732,0.997543332,9.99144222,0.169694826,0.972317973,9.9914427,0.0923723431,0.5656148579,VALID,-0.06197040765,True,6b90c7326a881914a362e3b2e6e96e4716b20c8b8196590f22c2ce5e1ab460ab
0.93,67.57915504,0.929994153,1,0.791268358,0.657987201,0.632753936,0.239229882,0.791644573,0.005847,0.1406653418,19.1662848,0.0749539918,0.4774606992,19.1670262,0.0749563651,0.4770821109,19.1662835,0.0874505778,0.9209048492,19.1670249,0.0874511633,0.9212804787,38.3333103,0.0985645402,0.1406653418,82.8509642,0.157949401,0.772044752,92.1509058,0.16443198,0.705573867,9.99999882,0.169702732,0.997543332,9.99144222,0.169694826,0.972317973,9.9914427,0.0923723431,0.5656148579,VALID,-0.09679782974,True,6b90c7326a881914a362e3b2e6e96e4716b20c8b8196590f22c2ce5e1ab460ab
0.94,67.5416921,0.939992157,1,0.791000607,0.657987201,0.632753936,0.247427777,0.791502533,0.007843,0.1488632311,19.2097055,0.0750744007,0.4690003553,19.2106967,0.0750775926,0.4684952374,19.2097041,0.0875164896,0.9209809774,19.2106952,0.0875172714,0.9214821216,38.4204013,0.0985645459,0.1488632311,82.7117279,0.157788767,0.78220339,92.1116497,0.164428882,0.695578961,9.99999882,0.169702732,0.997543332,9.99144222,0.169694826,0.972317973,9.9914427,0.0923723431,0.5656148579,VALID,-0.1342607629,True,6b90c7326a881914a362e3b2e6e96e4716b20c8b8196590f22c2ce5e1ab460ab
0.95,67.50152978,0.94999003,1,0.790733115,0.657987201,0.632753936,0.255634712,0.791367712,0.00997,0.1570701605,19.2509987,0.0751924054,0.4605405946,19.2522541,0.0751964738,0.4599019292,19.2509973,0.0875791103,0.9210531777,19.2522528,0.0875800997,0.9216867853,38.503252,0.0985645515,0.1570701605,82.572141,0.15762828,0.79236175,92.0720415,0.164425783,0.685584187,9.99999882,0.169702732,0.997543332,9.99144222,0.169694826,0.972317973,9.9914427,0.0923723431,0.5656148579,VALID,-0.1744230833,True,6b90c7326a881914a362e3b2e6e96e4716b20c8b8196590f22c2ce5e1ab460ab
0.96,67.45859686,0.95998778,1,0.79046585,0.657987201,0.632753936,0.263850084,0.791239281,0.01222,0.1652855269,19.2904065,0.0753083102,0.4520808868,19.2919394,0.0753133101,0.4513024559,19.2904051,0.0876388162,0.9211219028,19.2919381,0.0876400231,0.9218941269,38.5823451,0.0985645571,0.1652855269,82.4321946,0.157467919,0.802519861,92.0320727,0.164422685,0.675589535,9.99999882,0.169702732,0.997543332,9.99144222,0.169694826,0.972317973,9.9914427,0.0923723431,0.5656148579,VALID,-0.2173560117,True,6b90c7326a881914a362e3b2e6e96e4716b20c8b8196590f22c2ce5e1ab460ab
0.97,67.41281447,0.969985414,1,0.790198778,0.657987201,0.632753936,0.272073374,0.791116541,0.014586,0.1735088113,19.3281337,0.0754223757,0.4436207913,19.3299558,0.0754283593,0.4426970447,19.3281323,0.0876959247,0.9211875343,19.3299544,0.087697358,0.922103864,38.6580886,0.0985645627,0.1735088113,82.2918798,0.157307663,0.812677751,91.9917344,0.164419587,0.665594999,9.99999882,0.169702732,0.997543332,9.99144222,0.169694826,0.972317973,9.9914427,0.0923723431,0.5656148579,VALID,-0.2631384021,True,6b90c7326a881914a362e3b2e6e96e4716b20c8b8196590f22c2ce5e1ab460ab
0.98,67.3640955,0.979982938,1,0.789931867,0.657987201,0.632753936,0.28030413,0.790998898,0.017062,0.1817395617,19.3643543,0.0755348273,0.4351599407,19.3664763,0.0755418447,0.4340858923,19.3643529,0.0877507061,0.9212503959,19.3664749,0.0877523738,0.9223157592,38.7308297,0.0985645683,0.1817395617,82.1511873,0.157147492,0.822835446,91.9510172,0.164416488,0.655600574,9.99999882,0.169702732,0.997543332,9.99144222,0.169694826,0.972317973,9.9914427,0.0923723431,0.5656148579,VALID,-0.3118573679,True,6b90c7326a881914a362e3b2e6e96e4716b20c8b8196590f22c2ce5e1ab460ab
0.99,67.31234417,0.989980356,1,0.789665086,0.657987201,0.632753936,0.288541954,0.790885844,0.019644,0.18997738,19.3992176,0.0756458618,0.4266980282,19.4016491,0.0756539619,0.4254691701,19.3992162,0.0878033914,0.9213107646,19.4016477,0.0878053008,0.9225296132,38.8008658,0.098564574,0.18997738,82.0101074,0.156987385,0.832992971,91.9099115,0.16441339,0.645606254,9.99999882,0.169702732,0.997543332,9.99144222,0.169694826,0.972317973,9.9914427,0.0923723431,0.5656148579,VALID,-0.3636086993,True,6b90c7326a881914a362e3b2e6e96e4716b20c8b8196590f22c2ce5e1ab460ab
1,67.2574552,0.999977671,1,0.789398402,0.657987201,0.632753936,0.296786492,0.790776942,0.022329,0.1982219124,19.4328522,0.0757556523,0.4182347977,19.4356022,0.0757648833,0.4168470267,19.4328509,0.0878541799,0.9213688781,19.4356008,0.0878563378,0.9227452602,38.8684535,0.0985645796,0.1982219124,81.8686298,0.156827323,0.843150348,91.8684073,0.164410292,0.635612037,9.99999882,0.169702732,0.997543332,9.99144222,0.169694826,0.972317973,9.9914427,0.0923723431,0.5656148579,VALID,-0.4184976701,True,6b90c7326a881914a362e3b2e6e96e4716b20c8b8196590f22c2ce5e1ab460ab
1.01,67.19931314,1.00997489,1,0.789131784,0.657987201,0.632753936,0.305037427,0.790671812,0.02511,0.2064728418,19.4653698,0.0758643534,0.4097700316,19.4684464,0.0758747628,0.4082195942,19.4653684,0.0879032444,0.9214249436,19.4684451,0.0879056568,0.9229625592,38.9338153,0.0985645852,0.2064728418,81.7267443,0.156667286,0.853307604,91.8264941,0.164407194,0.625617916,9.99999882,0.169702732,0.997543332,9.99144222,0.169694826,0.972317973,9.9914427,0.0923723431,0.5656148579,VALID,-0.4766397263,True,6b90c7326a881914a362e3b2e6e96e4716b20c8b8196590f22c2ce5e1ab460ab
1.02,67.13779158,1.019972,1,0.788865201,0.657987201,0.632753936,0.313294472,0.790570124,0.028,0.2147298811,19.4968677,0.0759721034,0.4013035486,19.5002786,0.075983739,0.39958699,19.4968663,0.0879507355,0.9214791405,19.5002772,0.087953408,0.923181391,38.9971453,0.0985645909,0.2147298811,81.5844398,0.156507253,0.863464747,91.784161,0.164404096,0.615623904,9.99999882,0.169702732,0.997543332,9.99144222,0.169694826,0.972317973,9.9914427,0.0923723431,0.5656148579,VALID,-0.5381612831,True,6b90c7326a881914a362e3b2e6e96e4716b20c8b8196590f22c2ce5e1ab460ab
1.03,67.07275199,1.02996901,1,0.78859862,0.657987201,0.632753936,0.321557364,0.790471589,0.03099,0.2229927675,19.5274313,0.0760790281,0.3928351969,19.5311835,0.0760919381,0.3909493179,19.5274299,0.0879967851,0.9215316259,19.5311821,0.087999723,0.923401657,39.0586138,0.0985645965,0.2229927675,81.441705,0.156347206,0.873621804,91.7413966,0.164400998,0.605629992,9.99999882,0.169702732,0.997543332,9.99144222,0.169694826,0.972317973,9.9914427,0.0923723431,0.5656148579,VALID,-0.603200875,True,6b90c7326a881914a362e3b2e6e96e4716b20c8b8196590f22c2ce5e1ab460ab
1.04,67.00404288,1.03996593,1,0.78833201,0.657987201,0.632753936,0.329825859,0.790375952,0.03407,0.2312612568,19.5571358,0.0761852426,0.3843648504,19.561236,0.0761994759,0.3823066751,19.5571344,0.0880415096,0.9215825384,19.5612346,0.0880447177,0.9236232723,39.1183707,0.0985646022,0.2312612568,81.298528,0.156187124,0.883778806,91.6981891,0.1643979,0.59563617,9.99999882,0.169702732,0.997543332,9.99144222,0.169694826,0.972317973,9.9914427,0.0923723431,0.5656148579,VALID,-0.6719099859,True,6b90c7326a881914a362e3b2e6e96e4716b20c8b8196590f22c2ce5e1ab460ab
1.05,66.93149783,1.04996273,1,0.788065339,0.657987201,0.632753936,0.338099727,0.790282971,0.03727,0.2395351191,19.5860478,0.0762908534,0.3758923906,19.5905044,0.0763064627,0.3736591493,19.5860518,0.0880850198,0.9216320092,19.5905062,0.0880885026,0.9238461584,39.1765489,0.0985646079,0.2395351191,81.1548964,0.156026986,0.893935744,91.6545261,0.164394802,0.585642468,9.99999882,0.169702732,0.997543332,9.99144222,0.169694826,0.972317973,9.9914427,0.0923723431,0.5656148579,VALID,-0.7444550357,True,6b90c7326a881914a362e3b2e6e96e4716b20c8b8196590f22c2ce5e1ab460ab
1.06,66.8549368,1.05995944,1,0.787798575,0.657987201,0.632753936,0.346378768,0.790192496,0.04056,0.2478141545,19.6142265,0.07639596,0.367417768,19.6190411,0.0764129917,0.3650068153,19.6142252,0.088127383,0.921680121,19.6190397,0.088131145,0.92407028,39.2332666,0.0985646135,0.2478141545,81.0107972,0.155866774,0.904092666,91.6103945,0.164391704,0.575648856,9.99999882,0.169702732,0.997543332,9.99144222,0.169694826,0.972317973,9.9914427,0.0923723431,0.5656148579,VALID,-0.8210160675,True,6b90c7326a881914a362e3b2e6e96e4716b20c8b8196590f22c2ce5e1ab460ab
1.07,66.77415931,1.06995603,1,0.787531686,0.657987201,0.632753936,0.354662766,0.790104297,0.04397,0.2560981468,19.6417249,0.076500656,0.358940875,19.6469051,0.0765191664,0.3563497536,19.6417235,0.0881687049,0.9217269981,19.6469038,0.0881727501,0.9242955639,39.2886289,0.0985646192,0.2560981468,80.8662169,0.155706466,0.914249564,91.5657808,0.164388606,0.565655364,9.99999882,0.169702732,0.997543332,9.99144222,0.169694826,0.972317973,9.9914427,0.0923723431,0.5656148579,VALID,-0.9017935622,True,6b90c7326a881914a362e3b2e6e96e4716b20c8b8196590f22c2ce5e1ab460ab
1.08,66.6889478,1.07995251,1,0.787264639,0.657987201,0.632753936,0.362951531,0.790018232,0.04749,0.2643869062,19.6685902,0.076605031,0.35046167,19.6741415,0.0766250759,0.3476880321,19.6685888,0.0882090506,0.9217727174,19.6741401,0.0882133829,0.9245219781,39.3427305,0.0985646248,0.2643869062,80.7211413,0.155546042,0.924406468,91.5206708,0.164385508,0.555661982,9.99999882,0.169702732,0.997543332,9.99144222,0.169694826,0.972317973,9.9914427,0.0923723431,0.5656148579,VALID,-0.9870050727,True,6b90c7326a881914a362e3b2e6e96e4716b20c8b8196590f22c2ce5e1ab460ab
1.09,66.59906298,1.08994888,1,0.786997402,0.657987201,0.632753936,0.371244876,0.789934158,0.05112,0.2726802455,19.694865,0.0767091708,0.3419801112,19.7007925,0.0767308088,0.3390217172,19.6948636,0.0882484858,0.9218173562,19.7007911,0.0882531088,0.9247494892,39.3956563,0.0985646305,0.2726802455,80.5755554,0.155385481,0.934563399,91.4750495,0.16438241,0.54566871,9.99999882,0.169702732,0.997543332,9.99144222,0.169694826,0.972317973,9.9914427,0.0923723431,0.5656148579,VALID,-1.076889892,True,6b90c7326a881914a362e3b2e6e96e4716b20c8b8196590f22c2ce5e1ab460ab
1.1,66.50424186,1.09994512,1,0.786729939,0.657987201,0.632753936,0.379542617,0.789851944,0.05488,0.2809779808,19.7205878,0.0768131592,0.3334961678,19.7268963,0.0768364522,0.3303508698,19.7205864,0.0882870696,0.9218609864,19.7268949,0.088291987,0.924978074,39.447483,0.0985646362,0.2809779808,80.4294437,0.155224762,0.944720358,91.4289014,0.164379313,0.535675567,9.99999882,0.169702732,0.997543332,9.99144222,0.169694826,0.972317973,9.9914427,0.0923723431,0.5656148579,VALID,-1.171711006,True,6b90c7326a881914a362e3b2e6e96e4716b20c8b8196590f22c2ce5e1ab460ab
1.11,66.40419522,1.10994122,1,0.786462218,0.657987201,0.632753936,0.387844574,0.789771474,0.05878,0.2892799321,19.7457933,0.0769170782,0.3250098218,19.7524877,0.0769420916,0.3216755524,19.7457919,0.0883248558,0.9219036702,19.7524863,0.0883300709,0.9252077111,39.4982798,0.0985646419,0.2892799321,80.2827897,0.155063863,0.954877357,91.3822099,0.164376215,0.525682565,9.99999882,0.169702732,0.997543332,9.99144222,0.169694826,0.972317973,9.9914427,0.0923723431,0.5656148579,VALID,-1.271757643,True,6b90c7326a881914a362e3b2e6e96e4716b20c8b8196590f22c2ce5e1ab460ab
1.12,66.29860428,1.11993719,1,0.786194203,0.657987201,0.632753936,0.396150567,0.789692641,0.06281,0.2975859195,19.7705131,0.0770210092,0.3165210648,19.7775979,0.077047813,0.312995823,19.7705118,0.0883618929,0.9219454661,19.7775965,0.088367409,0.925438388,39.5481098,0.0985646475,0.2975859195,80.1355761,0.154902762,0.965034428,91.3349577,0.164373118,0.515689692,9.99999882,0.169702732,0.997543332,9.99144222,0.169694826,0.972317973,9.9914427,0.0923723431,0.5656148579,VALID,-1.37734859,True,6b90c7326a881914a362e3b2e6e96e4716b20c8b8196590f22c2ce5e1ab460ab
1.13,66.18711711,1.12993301,1,0.785925858,0.657987201,0.632753936,0.404460416,0.789615348,0.06699,0.3043117393,19.794776,0.0771250339,0.3080298981,19.8022556,0.0771537027,0.3043117393,19.7947746,0.0883982251,0.9219864269,19.8022542,0.0884040456,0.9256700964,39.5970304,0.0985646532,0.3058957628,79.9877848,0.154741437,0.975191573,91.2871266,0.16437002,0.50569697,9.99999882,0.169702732,0.997543332,9.99144222,0.169694826,0.972317973,9.9914427,0.0923723431,0.5656148579,VALID,-1.488835755,True,6b90c7326a881914a362e3b2e6e96e4716b20c8b8196590f22c2ce5e1ab460ab
1.14,66.06934454,1.13992867,1,0.785657146,0.657987201,0.632753936,0.41277394,0.789539507,0.07133,0.2956233572,19.8186081,0.0772292348,0.2995363322,19.8264869,0.0772598488,0.2956233572,19.8186067,0.088433893,0.9220266,19.8264855,0.0884400208,0.9259028332,39.6450937,0.0985646589,0.3142092811,79.8393964,0.154579863,0.985348807,91.2386973,0.164366923,0.495704407,9.99999882,0.169702732,0.997543332,9.99144222,0.169694826,0.972317973,9.9914427,0.0923723431,0.5656148579,VALID,-1.606608323,True,6b90c7326a881914a362e3b2e6e96e4716b20c8b8196590f22c2ce5e1ab460ab
1.15,65.94485502,1.14992415,1,0.78538803,0.657987201,0.632753936,0.421090953,0.789465038,0.07585,0.286930735,19.8420333,0.0773336961,0.2910403889,19.8503157,0.077366342,0.286930735,19.8420319,0.0884689333,0.9220660287,19.8503143,0.0884753715,0.9261365985,39.6923477,0.0985646646,0.3225262884,79.6903909,0.154418018,0.995506132,91.1896495,0.164363825,0.485712025,9.99999882,0.169702732,0.997543332,9.99144222,0.169694826,0.972317973,9.9914427,0.0923723431,0.5656148579,VALID,-1.731097852,True,6b90c7326a881914a362e3b2e6e96e4716b20c8b8196590f22c2ce5e1ab460ab
1.16,65.81316911,1.15991945,1,0.785118471,0.657987201,0.632753936,0.429411263,0.789391867,0.08055,0.2782339314,19.8650737,0.0774385048,0.2825420992,19.8737638,0.0774732766,0.2782339314,19.8650724,0.0885033799,0.9221047531,19.8737624,0.0885101316,0.9263713974,39.7388362,0.0985646703,0.3308465927,79.5407466,0.154255876,1.005663574,91.1399616,0.164360728,0.475719822,9.99999882,0.169702732,0.997543332,9.99144222,0.169694826,0.972317973,9.9914427,0.0923723431,0.5656148579,VALID,-1.862783759,True,6b90c7326a881914a362e3b2e6e96e4716b20c8b8196590f22c2ce5e1ab460ab
1.17,65.67375279,1.16991454,1,0.784848429,0.657987201,0.632753936,0.437734673,0.789319925,0.08546,0.2695330049,19.8877495,0.077543751,0.274041501,19.8968514,0.0775807511,0.2695330049,19.8877481,0.0885372639,0.9221428111,19.89685,0.0885443319,0.9266072391,39.7845995,0.098564676,0.339169997,79.3904409,0.154093413,1.015821127,91.089611,0.164357631,0.465727829,9.99999882,0.169702732,0.997543332,9.99144222,0.169694826,0.972317973,9.9914427,0.0923723431,0.5656148579,VALID,-2.00220008,True,6b90c7326a881914a362e3b2e6e96e4716b20c8b8196590f22c2ce5e1ab460ab
1.18,65.52600942,1.17990941,1,0.784577861,0.657987201,0.632753936,0.446060975,0.789249151,0.09059,0.2608280159,19.9100791,0.0776495296,0.2655386464,19.9195969,0.0776888701,0.2608280159,19.9100777,0.0885706137,0.9221802353,19.9195956,0.0885780011,0.9268441379,39.8296747,0.0985646817,0.3474962933,79.2394498,0.153930601,1.025978809,91.0385733,0.164354534,0.455736056,9.99999882,0.169702732,0.997543332,9.99144222,0.169694826,0.972317973,9.9914427,0.0923723431,0.5656148579,VALID,-2.149943446,True,6b90c7326a881914a362e3b2e6e96e4716b20c8b8196590f22c2ce5e1ab460ab
1.19,65.3692706,1.18990403,1,0.784306724,0.657987201,0.632753936,0.45438995,0.789179487,0.09597,0.252119029,19.9320797,0.0777559409,0.2570335961,19.9420175,0.077797745,0.252119029,19.9320783,0.0886034558,0.9222170572,19.9420161,0.0886111654,0.9270821106,39.8740959,0.0985646874,0.3558252626,79.0877475,0.153767413,1.036136617,90.9868228,0.164351437,0.445744533,9.99999882,0.169702732,0.997543332,9.99144222,0.169694826,0.972317973,9.9914427,0.0923723431,0.5656148579,VALID,-2.306682263,True,6b90c7326a881914a362e3b2e6e96e4716b20c8b8196590f22c2ce5e1ab460ab
1.2,65.20278512,1.19989838,1,0.784034973,0.657987201,0.632753936,0.462721366,0.78911088,0.10162,0.2434061114,19.9537671,0.0778630918,0.2485264222,19.9641289,0.0779074956,0.2434061114,19.9537657,0.0886358144,0.9222533056,19.9641275,0.0886438491,0.9273211779,39.9178946,0.0985646931,0.3641566729,78.935307,0.15360382,1.04629456,90.9343323,0.16434834,0.43575328,9.99999882,0.169702732,0.997543332,9.99144222,0.169694826,0.972317973,9.9914427,0.0923723431,0.5656148579,VALID,-2.47316775,True,6b90c7326a881914a362e3b2e6e96e4716b20c8b8196590f22c2ce5e1ab460ab
1.21,65.02570581,1.20989244,1,0.783762561,0.657987201,0.632753936,0.471054972,0.789043281,0.10756,0.234689337,19.9751557,0.0779710975,0.2400172115,19.9859456,0.078018252,0.234689337,19.9751543,0.088667712,0.922289007,19.9859442,0.0886760746,0.9275613644,39.9610999,0.0985646988,0.3724902732,78.7820991,0.153439793,1.056452647,90.8810726,0.164345243,0.425762317,9.99999882,0.169702732,0.997543332,9.99144222,0.169694826,0.972317973,9.9914427,0.0923723431,0.5656148579,VALID,-2.650247061,True,6b90c7326a881914a362e3b2e6e96e4716b20c8b8196590f22c2ce5e1ab460ab
1.22,64.83707378,1.21988615,1,0.783489438,0.657987201,0.632753936,0.479390498,0.788976645,0.11385,0.2259687837,19.9962591,0.0780800827,0.2315060643,20.0074812,0.0781301563,0.2259687837,19.9962577,0.0886991691,0.9223241859,20.0074798,0.0887078626,0.9278026994,40.0037388,0.0985647045,0.3808257935,78.6280929,0.153275299,1.066610851,90.8270123,0.164342146,0.415771704,9.99999882,0.169702732,0.997543332,9.99144222,0.169694826,0.972317973,9.9914427,0.0923723431,0.5656148579,VALID,-2.838879088,True,6b90c7326a881914a362e3b2e6e96e4716b20c8b8196590f22c2ce5e1ab460ab
1.23,64.63579955,1.22987949,1,0.783215552,0.657987201,0.632753936,0.48772765,0.788910931,0.12051,0.2172445367,20.0170897,0.0781901837,0.2229930973,20.028748,0.0782433653,0.2172445367,20.0170884,0.0887302051,0.9223588639,20.0287466,0.0887392323,0.9280452157,40.0458362,0.0985647102,0.3891629398,78.4732552,0.153110307,1.076769183,90.7721182,0.16433905,0.40578146,9.99999882,0.169702732,0.997543332,9.99144222,0.169694826,0.972317973,9.9914427,0.0923723431,0.5656148579,GAIN_FAIL,-3.040153322,False,6b90c7326a881914a362e3b2e6e96e4716b20c8b8196590f22c2ce5e1ab460ab
1.24,64.42064034,1.23987241,1,0.782940848,0.657987201,0.632753936,0.496066104,0.788846098,0.12759,0.2085166907,20.0376591,0.0783015506,0.2144784434,20.0497577,0.0783580533,0.2085166907,20.0376577,0.0887608376,0.9223930644,20.0497562,0.0887702015,0.9282889505,40.0874152,0.0985647159,0.3975013881,78.3175504,0.15294478,1.08692763,90.7163542,0.164335954,0.395791636,9.99999882,0.169702732,0.997543332,9.99144222,0.169694826,0.972317973,9.9914427,0.0923723431,0.5656148579,GAIN_FAIL,-3.255312527,False,6b90c7326a881914a362e3b2e6e96e4716b20c8b8196590f22c2ce5e1ab460ab
1.25,64.19017212,1.24986484,1,0.782665268,0.657987201,0.632753936,0.504405499,0.788782112,0.13516,0.1997853537,20.0579778,0.0784143497,0.2059622633,20.0705208,0.0784744153,0.1997853537,20.0579764,0.0887910831,0.9224268049,20.0705194,0.0888007866,0.9285339454,40.128497,0.0985647216,0.4058407774,78.1609402,0.152778682,1.097086158,90.659682,0.164332857,0.385802303,9.99999882,0.169702732,0.997543332,9.99144222,0.169694826,0.972317973,9.9914427,0.0923723431,0.5656148579,GAIN_FAIL,-3.485780751,False,6b90c7326a881914a362e3b2e6e96e4716b20c8b8196590f22c2ce5e1ab460ab
1.26,63.94275568,1.25985673,1,0.78238875,0.657987201,0.632753936,0.512745434,0.788718939,0.14327,0.1910506444,20.0780556,0.0785287673,0.1974447377,20.0910473,0.0785926716,0.1910506444,20.0780543,0.0888209565,0.9224601045,20.0910459,0.0888310027,0.9287802473,40.1691014,0.0985647273,0.4141807067,78.0033836,0.152611973,1.107244757,90.6020597,0.164329761,0.375813509,9.99999882,0.169702732,0.997543332,9.99144222,0.169694826,0.972317973,9.9914427,0.0923723431,0.5656148579,GAIN_FAIL,-3.73319719,False,6b90c7326a881914a362e3b2e6e96e4716b20c8b8196590f22c2ce5e1ab460ab
1.27,63.67649544,1.26984799,1,0.782111228,0.657987201,0.632753936,0.521085455,0.78865655,0.15201,0.1823127002,20.0979017,0.0786450128,0.1889260822,20.1113464,0.0787130728,0.1823127002,20.0979004,0.088850472,0.922492978,20.1113449,0.0888608639,0.9290279081,40.2092465,0.098564733,0.422520722,77.8448361,0.152444613,1.117403377,90.5434425,0.164326666,0.365825344,9.99999882,0.169702732,0.997543332,9.99144222,0.169694826,0.972317973,9.9914427,0.0923723431,0.5656148579,GAIN_FAIL,-3.99945743,False,6b90c7326a881914a362e3b2e6e96e4716b20c8b8196590f22c2ce5e1ab460ab
1.28,63.38918789,1.27983851,1,0.781832633,0.657987201,0.632753936,0.529425045,0.788594915,0.16149,0.1735716811,20.1175243,0.0787633242,0.1804065458,20.1314262,0.0788359069,0.1735716811,20.1175229,0.0888796422,0.9225254428,20.1314248,0.088890383,0.929276984,40.248949,0.0985647387,0.4308603063,77.6852496,0.152276555,1.127561955,90.4837815,0.16432357,0.35583792,9.99999882,0.169702732,0.997543332,9.99144222,0.169694826,0.972317973,9.9914427,0.0923723431,0.5656148579,GAIN_FAIL,-4.286764982,False,6b90c7326a881914a362e3b2e6e96e4716b20c8b8196590f22c2ce5e1ab460ab
1.29,63.07825839,1.28982819,1,0.78155289,0.657987201,0.632753936,0.537763611,0.78853401,0.17181,0.1648277718,20.136931,0.0788839736,0.1718864254,20.1512947,0.0789615072,0.1648277718,20.1369296,0.088908479,0.922557511,20.1512933,0.0889195718,0.9295275382,40.2882241,0.0985647444,0.4391988666,77.524572,0.152107754,1.137720436,90.4230237,0.164320475,0.345851335,9.99999882,0.169702732,0.997543332,9.99144222,0.169694826,0.972317973,9.9914427,0.0923723431,0.5656148579,GAIN_FAIL,-4.59769448,False,6b90c7326a881914a362e3b2e6e96e4716b20c8b8196590f22c2ce5e1ab460ab
1.3,62.74068234,1.29981687,1,0.781271918,0.657987201,0.632753936,0.546100461,0.78847381,0.18313,0.1560811938,20.1561286,0.0790072754,0.1633660736,20.1709587,0.0790902632,0.1560811938,20.1561273,0.0889369928,0.9225891972,20.1709573,0.0889484411,0.9297796409,40.3270856,0.0985647501,0.4475357109,77.3627466,0.151938156,1.147878714,90.3611112,0.16431738,0.33586575,9.99999882,0.169702732,0.997543332,9.99144222,0.169694826,0.972317973,9.9914427,0.0923723431,0.5656148579,GAIN_FAIL,-4.935270531,False,6b90c7326a881914a362e3b2e6e96e4716b20c8b8196590f22c2ce5e1ab460ab
1.31,62.3728871,1.30980436,1,0.78098963,0.657987201,0.632753936,0.554434788,0.788414296,0.19564,0.1473322071,20.1751233,0.0791335952,0.1548459128,20.1904245,0.0792226349,0.1473322071,20.175122,0.0889651933,0.9226205107,20.190423,0.0889770003,0.9300333697,40.3655461,0.0985647558,0.4558700322,77.1997116,0.151767708,1.158036652,90.2979808,0.164314285,0.325881355,9.99999882,0.169702732,0.997543332,9.99144222,0.169694826,0.972317973,9.9914427,0.0923723431,0.5656148579,GAIN_FAIL,-5.303065763,False,6b90c7326a881914a362e3b2e6e96e4716b20c8b8196590f22c2ce5e1ab460ab
1.32,61.97062989,1.31979042,1,0.780705934,0.657987201,0.632753936,0.562765632,0.788355448,0.20958,0.1385811317,20.1939205,0.0792633624,0.1463264536,20.2096976,0.0793591703,0.1385811317,20.1939192,0.0889930889,0.9226514631,20.2096962,0.0890052582,0.9302888078,40.4036164,0.0985647615,0.4642008705,77.0353996,0.151596349,1.168194071,90.233563,0.164311191,0.315898389,9.99999882,0.169702732,0.997543332,9.99144222,0.169694826,0.972317973,9.9914427,0.0923723431,0.5656148579,GAIN_FAIL,-5.705322978,False,6b90c7326a881914a362e3b2e6e96e4716b20c8b8196590f22c2ce5e1ab460ab
1.33,61.52884465,1.32977477,1,0.780420728,0.657987201,0.632753936,0.571091843,0.788297251,0.22523,0.1298283546,20.2125248,0.0793970863,0.1378083217,20.2287829,0.0795005304,0.1298283546,20.2125234,0.0890206866,0.9226820624,20.2287814,0.0890332219,0.9305460501,40.4413059,0.0985647672,0.4725270758,76.8697369,0.151424015,1.178350755,90.1677815,0.164308098,0.305917132,9.99999882,0.169702732,0.997543332,9.99144222,0.169694826,0.972317973,9.9914427,0.0923723431,0.5656148579,GAIN_FAIL,-6.147108215,False,6b90c7326a881914a362e3b2e6e96e4716b20c8b8196590f22c2ce5e1ab460ab
1.34,61.04145322,1.33975701,1,0.780133903,0.657987201,0.632753936,0.579412026,0.788239691,0.24299,0.1210743559,20.2309398,0.079535377,0.129292288,20.2476842,0.0796475211,0.1210743559,20.2309385,0.0890479926,0.9227123164,20.2476828,0.0890608976,0.9308051994,40.4786223,0.0985647729,0.4808472531,76.7026423,0.151250635,1.188506375,90.1005519,0.164305005,0.295937985,9.99999882,0.169702732,0.997543332,9.99144222,0.169694826,0.972317973,9.9914427,0.0923723431,0.5656148579,GAIN_FAIL,-6.634499646,False,6b90c7326a881914a362e3b2e6e96e4716b20c8b8196590f22c2ce5e1ab460ab
1.35,60.50113166,1.34973664,1,0.779845339,0.657987201,0.632753936,0.587724464,0.788182759,0.26336,0.1123197377,20.2491684,0.0796789729,0.1207793221,20.2664045,0.0798011373,0.1123197377,20.2491671,0.089075011,0.92274223,20.2664031,0.0890882898,0.9310663712,40.5155711,0.0985647785,0.4891596855,76.5340271,0.151076134,1.198660506,90.0317809,0.164301913,0.285961447,9.99999882,0.169702732,0.997543332,9.99144222,0.169694826,0.972317973,9.9914427,0.0923723431,0.5656148579,GAIN_FAIL,-7.174821209,False,6b90c7326a881914a362e3b2e6e96e4716b20c8b8196590f22c2ce5e1ab460ab
1.36,59.89902872,1.35971299,1,0.779554909,0.657987201,0.632753936,0.596027018,0.788126448,0.28701,0.1035652664,20.2672121,0.079828778,0.112270652,20.2849456,0.0799626246,0.1035652664,20.2672107,0.0891017446,0.9227718074,20.2849442,0.0891154014,0.9313296896,40.5521559,0.0985647842,0.4974622338,76.3637938,0.15090043,1.20881256,89.9613646,0.164298822,0.275988188,9.99999882,0.169702732,0.997543332,9.99144222,0.169694826,0.972317973,9.9914427,0.0923723431,0.5656148579,GAIN_FAIL,-7.776924149,False,6b90c7326a881914a362e3b2e6e96e4716b20c8b8196590f22c2ce5e1ab460ab
1.37,59.22443538,1.36968515,1,0.779262473,0.657987201,0.632753936,0.604316982,0.788070756,0.31485,0.0948119275,20.285071,0.0799859123,0.1037678617,20.303308,0.0801335635,0.0948119275,20.2850696,0.0891281939,0.9228010501,20.3033065,0.0891422331,0.9315952939,40.5883771,0.0985647899,0.5057521921,76.1918355,0.150723431,1.218961719,89.8891877,0.164295732,0.266019118,9.99999882,0.169702732,0.997543332,9.99144222,0.169694826,0.972317973,9.9914427,0.0923723431,0.5656148579,GAIN_FAIL,-8.451517483,False,6b90c7326a881914a362e3b2e6e96e4716b20c8b8196590f22c2ce5e1ab460ab
1.38,58.46441988,1.37965197,1,0.778967879,0.657987201,0.632753936,0.612590884,0.788015688,0.34803,0.086061004,20.302781,0.0801518266,0.0952729774,20.3214901,0.080315991,0.086061004,20.302742,0.0891543567,0.9228299553,20.3214887,0.089168783,0.931863338,40.6242316,0.0985647955,0.5140260885,76.0180343,0.150545042,1.229106928,89.815121,0.164292644,0.256055386,9.99999882,0.169702732,0.997543332,9.99144222,0.169694826,0.972317973,9.9914427,0.0923723431,0.5656148579,GAIN_FAIL,-9.211532988,False,6b90c7326a881914a362e3b2e6e96e4716b20c8b8196590f22c2ce5e1ab460ab
1.39,57.60346992,1.38961146,1,0.778670976,0.657987201,0.632753936,0.620844193,0.787961253,0.38854,0.0773142097,20.3202252,0.0803281667,0.0867888933,20.3394885,0.0805125733,0.0773142097,20.3202238,0.0891802275,0.9228585195,20.3394871,0.0891950457,0.9321339783,40.6597118,0.0985648012,0.5222793918,75.842267,0.150365164,1.239246296,89.7390235,0.164289559,0.246098981,9.99999882,0.169702732,0.997543332,9.99144222,0.169694826,0.972317973,9.9914427,0.0923723431,0.5656148579,GAIN_FAIL,-10.07248295,False,6b90c7326a881914a362e3b2e6e96e4716b20c8b8196590f22c2ce5e1ab460ab
1.4,56.6232363,1.39956146,1,0.778371592,0.657987201,0.632753936,0.629070908,0.787907475,0.43854,0.0685738273,20.3375093,0.0805173665,0.0783192005,20.3572962,0.0807268567,0.0685738273,20.337508,0.0892057958,0.9228867292,20.3572947,0.0892210112,0.9324073968,40.6948036,0.0985648068,0.5305061012,75.6643949,0.150183684,1.249377776,89.660734,0.164286476,0.236152064,9.99999882,0.169702732,0.997543332,9.99144222,0.169694826,0.972317973,9.9914427,0.0923723431,0.5656148579,GAIN_FAIL,-11.05271656,False,6b90c7326a881914a362e3b2e6e96e4716b20c8b8196590f22c2ce5e1ab460ab
1.41,55.50257083,1.40949838,1,0.778069565,0.657987201,0.632753936,0.637262952,0.787854386,0.50162,0.05984298,20.3545843,0.0807223701,0.0698690639,20.3749021,0.080963633,0.05984298,20.3545829,0.0892310451,0.9229145689,20.3749006,0.0892466631,0.9326837719,40.7294844,0.0985648124,0.5386981396,75.4842778,0.150000496,1.259497884,89.5800776,0.164283397,0.226218223,9.99999882,0.169702732,0.997543332,9.99144222,0.169694826,0.972317973,9.9914427,0.0923723431,0.5656148579,GAIN_FAIL,-12.17338204,False,6b90c7326a881914a362e3b2e6e96e4716b20c8b8196590f22c2ce5e1ab460ab
1.42,54.21819339,1.41941738,1,0.777764732,0.657987201,0.632753936,0.645409304,0.787802039,0.58262,0.0511259572,20.3715254,0.0809472307,0.0614455043,20.3922892,0.0812294708,0.0511259572,20.3714311,0.0892559499,0.9229420111,20.3922877,0.0892719764,0.9329632916,40.7637197,0.098564818,0.546844486,75.3017705,0.149815493,1.269601887,89.496861,0.164280324,0.216302296,9.99999882,0.169702732,0.997543332,9.99144222,0.169694826,0.972317973,9.9914427,0.0923723431,0.5656148579,GAIN_FAIL,-13.45775947,False,6b90c7326a881914a362e3b2e6e96e4716b20c8b8196590f22c2ce5e1ab460ab
1.43,52.74653845,1.42931031,1,0.777456992,0.657987201,0.632753936,0.653494768,0.787750513,0.68969,0.0424287448,20.3880281,0.0811968282,0.0530589168,20.4094346,0.0815334792,0.0424287448,20.3880268,0.0892804724,0.9229690146,20.4094306,0.0892969136,0.9332460944,40.7974583,0.0985648235,0.5549299445,75.116754,0.149628601,1.279681709,89.4108858,0.164277259,0.206412431,9.99999882,0.169702732,0.997543332,9.99144222,0.169694826,0.972317973,9.9914427,0.0923723431,0.5656148579,GAIN_FAIL,-14.92941441,False,6b90c7326a881914a362e3b2e6e96e4716b20c8b8196590f22c2ce5e1ab460ab
1.44,51.06735031,1.43916967,1,0.777146182,0.657987201,0.632753936,0.66149832,0.787699923,0.83033,0.0337595108,20.4053928,0.0814798171,0.0447217859,20.4262937,0.0818883512,0.0337595108,20.4043327,0.0893045578,0.9229955192,20.4262924,0.0893214204,0.9335323976,40.8306259,0.098564829,0.562933491,74.9290693,0.14943971,1.28972996,89.3219105,0.164274205,0.196556125,9.99999882,0.169702732,0.997543332,9.99144222,0.169694826,0.972317973,9.9914427,0.0923723431,0.5656148579,GAIN_FAIL,-16.60860256,False,6b90c7326a881914a362e3b2e6e96e4716b20c8b8196590f22c2ce5e1ab460ab
1.45,49.16996282,1.44897156,1,0.776832825,0.657987201,0.632753936,0.66939104,0.787650407,1.02844,0.0251300758,20.4203577,0.0818013747,0.0364579923,20.4428097,0.0823117092,0.0251300758,20.4203032,0.0893281396,0.9230214534,20.4428267,0.0893454293,0.9338217457,40.8631176,0.0985648344,0.5708262056,74.739004,0.14924913,1.29972243,89.2298046,0.164271168,0.186757272,9.99999882,0.169702732,0.997543332,9.99144222,0.169694826,0.972317973,9.9914427,0.0923723431,0.5656148579,GAIN_FAIL,-18.50599005,False,6b90c7326a881914a362e3b2e6e96e4716b20c8b8196590f22c2ce5e1ab460ab
1.46,47.06032754,1.45870106,1,0.776516159,0.657987201,0.632753936,0.677133725,0.787602251,1.29894,0.0165546932,20.4358467,0.0821773385,0.0282911875,20.458944,0.0828277408,0.0165546932,20.4358453,0.0893510807,0.9230466683,20.4589426,0.0893688052,0.9341150358,40.8947886,0.0985648397,0.5785688853,74.545877,0.149056363,1.309644697,89.1343193,0.164268154,0.177030786,9.99999882,0.169702732,0.997543332,9.99144222,0.169694826,0.972317973,9.9914427,0.0923723431,0.5656148579,GAIN_FAIL,-20.61562533,False,6b90c7326a881914a362e3b2e6e96e4716b20c8b8196590f22c2ce5e1ab460ab
1.47,44.76884515,1.46832617,1,0.776197401,0.657987201,0.632753936,0.684675995,0.787555679,1.67383,0.008053298,20.4508887,0.0826218141,0.0202578699,20.4745665,0.083468108,0.008053298,20.4508861,0.0893732745,0.9230710465,20.4745651,0.0893914398,0.9344111592,40.9254519,0.0985648448,0.5861111502,74.3504841,0.148862154,1.319464016,89.0353361,0.164265172,0.167408658,9.99999882,0.169702732,0.997543332,9.99144222,0.169694826,0.972317973,9.9914427,0.0923723431,0.5656148579,GAIN_FAIL,-22.90710772,False,6b90c7326a881914a362e3b2e6e96e4716b20c8b8196590f22c2ce5e1ab460ab
1.48,42.35060534,1.47780988,1,0.775876918,0.657987201,0.632753936,0.691956771,0.787511057,2.19012,-0.0003520808,20.4654907,0.0831530943,0.0124011917,20.489587,0.0842722278,-0.0003520808,20.4653059,0.0893945451,0.9230943979,20.4895742,0.0894131571,0.9347099249,40.9548808,0.0985648498,0.5933919212,74.1529131,0.148666702,1.329143178,88.932771,0.164262234,0.157927886,9.99999882,0.169702732,0.997543332,9.99144222,0.169694826,0.972317973,9.9914427,0.0923723431,0.5656148579,GAIN_FAIL;SATURATION,-25.32534753,False,6b90c7326a881914a362e3b2e6e96e4716b20c8b8196590f22c2ce5e1ab460ab
1.49,39.87662679,1.48711097,1,0.775555468,0.657987201,0.632753936,0.698909336,0.78746876,2.88903,-0.0086388444,20.4797091,0.0837912978,0.0047681262,20.5038481,0.0852849764,-0.0086388444,20.4789825,0.0894147132,0.9231165268,20.5038469,0.089433777,0.935010755,40.9828301,0.0985648546,0.6003444814,73.9535413,0.148470453,1.338640517,88.8265833,0.164259352,0.148629678,9.99999882,0.169702732,0.997543332,9.99144222,0.169694826,0.972317973,9.9914427,0.0923723431,0.5656148579,GAIN_FAIL;SATURATION,-27.79932608,False,6b90c7326a881914a362e3b2e6e96e4716b20c8b8196590f22c2ce5e1ab460ab
1.5,37.41694518,1.49618332,1,0.775233968,0.657987201,0.632753936,0.705469383,0.787429141,3.81668,-0.0167879878,20.4918019,0.0845533633,-0.0025936053,20.5172679,0.0865525728,-0.0167879878,20.4918005,0.0894336097,0.9231372493,20.5172664,0.0894531298,0.9353129022,41.0090676,0.0985648591,0.6069045239,73.7528403,0.148273947,1.347909373,88.7168099,0.164256541,0.139560139,9.99999882,0.169702732,0.997543332,9.99144222,0.169694826,0.972317973,9.9914427,0.0923723431,0.5656148579,GAIN_FAIL;SATURATION,-30.25900768,False,6b90c7326a881914a362e3b2e6e96e4716b20c8b8196590f22c2ce5e1ab460ab
1.51,35.02398719,1.50499496,1,0.774912947,0.657987201,0.632753936,0.711584202,0.787392476,5.00504,-0.02478867,20.5036728,0.085457485,-0.009649211,20.5297422,0.088117415,-0.02478867,20.5036687,0.0894511012,0.9231564228,20.5297408,0.0894710813,0.9356159717,41.0334101,0.0985648632,0.6130193388,73.5510629,0.148077492,1.356917468,88.6033519,0.164253812,0.130751228,9.99999882,0.169702732,0.997543332,9.99144222,0.169694826,0.972317973,9.9914427,0.0923723431,0.5656148579,GAIN_FAIL;SATURATION,-32.65196567,False,6b90c7326a881914a362e3b2e6e96e4716b20c8b8196590f22c2ce5e1ab460ab
1.52,32.7268566,1.51351268,1,0.774592975,0.657987201,0.632753936,0.717218779,0.787358934,6.48732,-0.0326399483,20.5145326,0.086511341,-0.016371186,20.5412147,0.0900141443,-0.0326399483,20.5145312,0.0894671067,0.9231739593,20.5412133,0.0894875498,0.9359194752,41.0557451,0.0985648671,0.6186539119,73.3484852,0.147881422,1.365631258,88.486163,0.164251173,0.122236147,9.99999882,0.169702732,0.997543332,9.99144222,0.169694826,0.972317973,9.9914427,0.0923723431,0.5656148579,GAIN_FAIL;SATURATION,-34.94909627,False,6b90c7326a881914a362e3b2e6e96e4716b20c8b8196590f22c2ce5e1ab460ab
1.53,30.53418624,1.52171735,1,0.77427432,0.657987201,0.632753936,0.722357171,0.787328568,8.28265,-0.0403507263,20.5268578,0.0877189022,-0.0227475052,20.5516541,0.0922678753,-0.0403507263,20.5243696,0.0894815997,0.9231898323,20.5516647,0.0895025087,0.9362231713,41.0760349,0.0985648706,0.6237923004,73.1452283,0.147685889,1.374031461,88.3650527,0.164248631,0.114034019,9.99999882,0.169702732,0.997543332,9.99144222,0.169694826,0.972317973,9.9914427,0.0923723431,0.5656148579,GAIN_FAIL;SATURATION,-37.14176663,False,6b90c7326a881914a362e3b2e6e96e4716b20c8b8196590f22c2ce5e1ab460ab
1.54,28.44444229,1.52956327,1,0.773957801,0.657987201,0.632753936,0.727000521,0.787301329,10.43673,-0.0479366797,20.5332006,0.0890591779,-0.0287583699,20.5611092,0.0948939597,-0.0479366797,20.5331983,0.0894946027,0.9232040683,20.5611077,0.0895159789,0.9365262201,41.0943066,0.0985648738,0.6284356472,72.9416917,0.147491373,1.382071897,88.2403181,0.1642462,0.10619053,9.99999882,0.169702732,0.997543332,9.99144222,0.169694826,0.972317973,9.9914427,0.0923723431,0.5656148579,GAIN_FAIL;SATURATION;OUTPUT_CLIPPED_OR_PINNED,-39.23151058,False,6b90c7326a881914a362e3b2e6e96e4716b20c8b8196590f22c2ce5e1ab460ab
1.55,26.44898584,1.53704906,1,0.773643655,0.657987201,0.632753936,0.731162791,0.787277097,12.95094,-0.0554180908,20.5409803,0.0905263408,-0.0344120348,20.5697557,0.0978989548,-0.0554180908,20.541055,0.0895061721,0.9232167309,20.5695795,0.0895280163,0.9368283287,41.110635,0.0985648766,0.6325979144,72.738076,0.147298025,1.389751035,88.1116944,0.164243881,0.098707059,9.99999882,0.169702732,0.997543332,9.99144222,0.169694826,0.972317973,9.9914427,0.0923723431,0.5656148579,GAIN_FAIL;SATURATION;OUTPUT_CLIPPED_OR_PINNED,-41.22696703,False,6b90c7326a881914a362e3b2e6e96e4716b20c8b8196590f22c2ce5e1ab460ab
1.56,24.54048154,1.54414814,1,0.773332254,0.657987201,0.632753936,0.734868336,0.787255694,15.85186,-0.0628165,20.5481046,0.0920931995,-0.0397058415,20.5771351,0.101280418,-0.0628165,20.5479968,0.0895163926,0.9232279134,20.5771356,0.0895387046,0.9371290414,41.1251323,0.0985648792,0.6363034568,72.5345386,0.147106058,1.397042082,87.9794595,0.164241682,0.091610178,9.99999882,0.169702732,0.997543332,9.99144222,0.169694826,0.972317973,9.9914427,0.0923723431,0.5656148579,GAIN_FAIL;SATURATION;OUTPUT_CLIPPED_OR_PINNED,-43.13547132,False,6b90c7326a881914a362e3b2e6e96e4716b20c8b8196590f22c2ce5e1ab460ab
1.57,22.71418958,1.5508391,1,0.773024884,0.657987201,0.632753936,0.73814681,0.787236914,19.1609,-0.070150736,20.55417,0.093730311,-0.044640207,20.5838423,0.10502881,-0.070150736,20.5540894,0.0895253615,0.9232377245,20.5838387,0.0895481388,0.9374269772,41.1379281,0.0985648814,0.6395819286,72.3319837,0.146916271,1.403922829,87.844038,0.164239609,0.084921291,9.99999882,0.169702732,0.997543332,9.99144222,0.169694826,0.972317973,9.9914427,0.0923723431,0.5656148579,GAIN_FAIL;SATURATION;OUTPUT_CLIPPED_OR_PINNED,-44.96176329,False,6b90c7326a881914a362e3b2e6e96e4716b20c8b8196590f22c2ce5e1ab460ab
1.58,20.96764459,1.5571083,1,0.772722404,0.657987201,0.632753936,0.741032601,0.787220528,22.8917,-0.077436989,20.5594525,0.0954077563,-0.0492198293,20.5897492,0.109126792,-0.077436989,20.5594066,0.0895331879,0.9232462841,20.5897606,0.0895564263,0.9377211697,41.1491677,0.0985648834,0.6424677176,72.1310221,0.146729202,1.410379098,87.7059778,0.164237667,0.078654033,9.99999882,0.169702732,0.997543332,9.99144222,0.169694826,0.972317973,9.9914427,0.0923723431,0.5656148579,GAIN_FAIL;SATURATION;OUTPUT_CLIPPED_OR_PINNED,-46.70830827,False,6b90c7326a881914a362e3b2e6e96e4716b20c8b8196590f22c2ce5e1ab460ab
1.59,19.30051333,1.5629518,1,0.772425891,0.657987201,0.632753936,0.743561809,0.787206298,27.0482,-0.084686672,20.5655115,0.0970985119,-0.0534540229,20.5949825,0.113550754,-0.084686672,20.5640253,0.0895399856,0.9232537164,20.5949753,0.0895636787,0.9380104303,41.1590007,0.0985648851,0.6449969239,71.9324849,0.146545533,1.416406267,87.5658982,0.164235857,0.072812343,9.99999882,0.169702732,0.997543332,9.99144222,0.169694826,0.972317973,9.9914427,0.0923723431,0.5656148579,GAIN_FAIL;SATURATION;OUTPUT_CLIPPED_OR_PINNED,-48.37543954,False,6b90c7326a881914a362e3b2e6e96e4716b20c8b8196590f22c2ce5e1ab460ab
1.6,17.71628848,1.56835213,1,0.77213655,0.657987201,0.632753936,0.745771179,0.78719399,31.64787,-0.091906174,20.5680224,0.0987658762,-0.0573430652,20.5995566,0.118271545,-0.091906174,20.5680208,0.0895458654,0.9232601446,20.5995551,0.0895700047,0.9382934453,41.1675765,0.0985648866,0.6472062924,71.7372219,0.146366019,1.421986111,87.4250776,0.164234184,0.067413686,9.99999882,0.169702732,0.997543332,9.99144222,0.169694826,0.972317973,9.9914427,0.0923723431,0.5656148579,GAIN_FAIL;SATURATION;OUTPUT_CLIPPED_OR_PINNED,-49.95966438,False,6b90c7326a881914a362e3b2e6e96e4716b20c8b8196590f22c2ce5e1ab460ab
